<?xml version="1.0" encoding="UTF-8"?>
<gpx xmlns:gpxdata="http://www.cluetrust.com/XML/GPXDATA/1/0" xmlns:xsi="http://www.w3.org/2001/XMLSchema-instance" xmlns="http://www.topografix.com/GPX/1/1" version="1.1" creator="http://ridewithgps.com/" xsi:schemaLocation="http://www.topografix.com/GPX/1/1 http://www.topografix.com/GPX/1/1/gpx.xsd http://www.cluetrust.com/XML/GPXDATA/1/0 http://www.cluetrust.com/Schemas/gpxdata10.xsd">
  <metadata>
    <name>2026 捷安特嘉年華LIV DAY 運動組 35KM</name>
    <link href="https://ridewithgps.com/routes/55186306">
      <text>2026 捷安特嘉年華LIV DAY 運動組 35KM</text>
    </link>
    <time>2026-05-18T12:27:25Z</time>
  </metadata>
  <trk>
    <name>2026 捷安特嘉年華LIV DAY 運動組 35KM</name>
    <trkseg>
      <trkpt lat="24.2868" lon="120.70229">
        <ele>184.5</ele>
      </trkpt>
      <trkpt lat="24.28676" lon="120.70284">
        <ele>185.2</ele>
      </trkpt>
      <trkpt lat="24.28674" lon="120.70304">
        <ele>185.6</ele>
      </trkpt>
      <trkpt lat="24.2867" lon="120.70363">
        <ele>186.5</ele>
      </trkpt>
      <trkpt lat="24.28669" lon="120.70383">
        <ele>186.7</ele>
      </trkpt>
      <trkpt lat="24.28646" lon="120.70677">
        <ele>190.8</ele>
      </trkpt>
      <trkpt lat="24.28639" lon="120.70776">
        <ele>192.8</ele>
      </trkpt>
      <trkpt lat="24.28625" lon="120.70959">
        <ele>193.5</ele>
      </trkpt>
      <trkpt lat="24.28625" lon="120.70967">
        <ele>193.4</ele>
      </trkpt>
      <trkpt lat="24.28625" lon="120.70967">
        <ele>193.4</ele>
      </trkpt>
      <trkpt lat="24.2862" lon="120.71046">
        <ele>193.6</ele>
      </trkpt>
      <trkpt lat="24.28614" lon="120.71157">
        <ele>194.4</ele>
      </trkpt>
      <trkpt lat="24.28611" lon="120.71189">
        <ele>195.2</ele>
      </trkpt>
      <trkpt lat="24.28596" lon="120.71368">
        <ele>201.8</ele>
      </trkpt>
      <trkpt lat="24.28581" lon="120.7158">
        <ele>203.8</ele>
      </trkpt>
      <trkpt lat="24.28575" lon="120.71673">
        <ele>203.9</ele>
      </trkpt>
      <trkpt lat="24.2857" lon="120.71778">
        <ele>204.4</ele>
      </trkpt>
      <trkpt lat="24.2857" lon="120.71811">
        <ele>204.8</ele>
      </trkpt>
      <trkpt lat="24.28571" lon="120.71832">
        <ele>205.1</ele>
      </trkpt>
      <trkpt lat="24.28574" lon="120.71868">
        <ele>205.1</ele>
      </trkpt>
      <trkpt lat="24.28578" lon="120.71918">
        <ele>205.1</ele>
      </trkpt>
      <trkpt lat="24.2858" lon="120.7193">
        <ele>205.2</ele>
      </trkpt>
      <trkpt lat="24.2858" lon="120.71936">
        <ele>205.3</ele>
      </trkpt>
      <trkpt lat="24.28586" lon="120.71977">
        <ele>205.7</ele>
      </trkpt>
      <trkpt lat="24.28589" lon="120.71993">
        <ele>206.0</ele>
      </trkpt>
      <trkpt lat="24.28591" lon="120.72006">
        <ele>206.2</ele>
      </trkpt>
      <trkpt lat="24.28597" lon="120.7203">
        <ele>206.6</ele>
      </trkpt>
      <trkpt lat="24.28614" lon="120.72112">
        <ele>209.7</ele>
      </trkpt>
      <trkpt lat="24.28616" lon="120.72121">
        <ele>210.3</ele>
      </trkpt>
      <trkpt lat="24.28616" lon="120.72126">
        <ele>210.5</ele>
      </trkpt>
      <trkpt lat="24.28616" lon="120.72128">
        <ele>210.6</ele>
      </trkpt>
      <trkpt lat="24.28616" lon="120.7213">
        <ele>210.8</ele>
      </trkpt>
      <trkpt lat="24.28616" lon="120.72131">
        <ele>210.8</ele>
      </trkpt>
      <trkpt lat="24.28615" lon="120.72133">
        <ele>210.9</ele>
      </trkpt>
      <trkpt lat="24.28614" lon="120.72135">
        <ele>211.0</ele>
      </trkpt>
      <trkpt lat="24.28613" lon="120.72138">
        <ele>211.1</ele>
      </trkpt>
      <trkpt lat="24.286" lon="120.72156">
        <ele>211.8</ele>
      </trkpt>
      <trkpt lat="24.28599" lon="120.72157">
        <ele>211.8</ele>
      </trkpt>
      <trkpt lat="24.28589" lon="120.72168">
        <ele>212.2</ele>
      </trkpt>
      <trkpt lat="24.28582" lon="120.72177">
        <ele>212.6</ele>
      </trkpt>
      <trkpt lat="24.28572" lon="120.72189">
        <ele>213.2</ele>
      </trkpt>
      <trkpt lat="24.28569" lon="120.72191">
        <ele>213.3</ele>
      </trkpt>
      <trkpt lat="24.28567" lon="120.72194">
        <ele>213.4</ele>
      </trkpt>
      <trkpt lat="24.28564" lon="120.72196">
        <ele>213.5</ele>
      </trkpt>
      <trkpt lat="24.2856" lon="120.72198">
        <ele>213.6</ele>
      </trkpt>
      <trkpt lat="24.28554" lon="120.72202">
        <ele>213.8</ele>
      </trkpt>
      <trkpt lat="24.28535" lon="120.72204">
        <ele>213.7</ele>
      </trkpt>
      <trkpt lat="24.28517" lon="120.72206">
        <ele>213.6</ele>
      </trkpt>
      <trkpt lat="24.28498" lon="120.72208">
        <ele>213.4</ele>
      </trkpt>
      <trkpt lat="24.28467" lon="120.72213">
        <ele>213.2</ele>
      </trkpt>
      <trkpt lat="24.28435" lon="120.72219">
        <ele>213.1</ele>
      </trkpt>
      <trkpt lat="24.2843" lon="120.7222">
        <ele>213.1</ele>
      </trkpt>
      <trkpt lat="24.28425" lon="120.72222">
        <ele>213.1</ele>
      </trkpt>
      <trkpt lat="24.28423" lon="120.72223">
        <ele>213.2</ele>
      </trkpt>
      <trkpt lat="24.28422" lon="120.72224">
        <ele>213.2</ele>
      </trkpt>
      <trkpt lat="24.2842" lon="120.72226">
        <ele>213.3</ele>
      </trkpt>
      <trkpt lat="24.28415" lon="120.72231">
        <ele>213.5</ele>
      </trkpt>
      <trkpt lat="24.28414" lon="120.72233">
        <ele>213.6</ele>
      </trkpt>
      <trkpt lat="24.28414" lon="120.72235">
        <ele>213.7</ele>
      </trkpt>
      <trkpt lat="24.28413" lon="120.72237">
        <ele>213.8</ele>
      </trkpt>
      <trkpt lat="24.28413" lon="120.7224">
        <ele>214.0</ele>
      </trkpt>
      <trkpt lat="24.28412" lon="120.7225">
        <ele>214.6</ele>
      </trkpt>
      <trkpt lat="24.28411" lon="120.72264">
        <ele>215.1</ele>
      </trkpt>
      <trkpt lat="24.28411" lon="120.72264">
        <ele>215.1</ele>
      </trkpt>
      <trkpt lat="24.2841" lon="120.72279">
        <ele>215.6</ele>
      </trkpt>
      <trkpt lat="24.28451" lon="120.7228">
        <ele>217.3</ele>
      </trkpt>
      <trkpt lat="24.28473" lon="120.72281">
        <ele>218.2</ele>
      </trkpt>
      <trkpt lat="24.28473" lon="120.72281">
        <ele>218.2</ele>
      </trkpt>
      <trkpt lat="24.28494" lon="120.72282">
        <ele>218.9</ele>
      </trkpt>
      <trkpt lat="24.28505" lon="120.72283">
        <ele>219.2</ele>
      </trkpt>
      <trkpt lat="24.28556" lon="120.72288">
        <ele>219.4</ele>
      </trkpt>
      <trkpt lat="24.28557" lon="120.72288">
        <ele>219.4</ele>
      </trkpt>
      <trkpt lat="24.2857" lon="120.7229">
        <ele>219.5</ele>
      </trkpt>
      <trkpt lat="24.28575" lon="120.7229">
        <ele>219.4</ele>
      </trkpt>
      <trkpt lat="24.28593" lon="120.72292">
        <ele>219.4</ele>
      </trkpt>
      <trkpt lat="24.28634" lon="120.72298">
        <ele>219.2</ele>
      </trkpt>
      <trkpt lat="24.28684" lon="120.72306">
        <ele>219.6</ele>
      </trkpt>
      <trkpt lat="24.2869" lon="120.72307">
        <ele>219.9</ele>
      </trkpt>
      <trkpt lat="24.28715" lon="120.72311">
        <ele>220.8</ele>
      </trkpt>
      <trkpt lat="24.28765" lon="120.72317">
        <ele>222.2</ele>
      </trkpt>
      <trkpt lat="24.28777" lon="120.72318">
        <ele>222.4</ele>
      </trkpt>
      <trkpt lat="24.28786" lon="120.72319">
        <ele>222.6</ele>
      </trkpt>
      <trkpt lat="24.28801" lon="120.7232">
        <ele>222.8</ele>
      </trkpt>
      <trkpt lat="24.28973" lon="120.72336">
        <ele>221.6</ele>
      </trkpt>
      <trkpt lat="24.29044" lon="120.72343">
        <ele>220.3</ele>
      </trkpt>
      <trkpt lat="24.29082" lon="120.72347">
        <ele>219.7</ele>
      </trkpt>
      <trkpt lat="24.2912" lon="120.7235">
        <ele>218.9</ele>
      </trkpt>
      <trkpt lat="24.29222" lon="120.7236">
        <ele>219.8</ele>
      </trkpt>
      <trkpt lat="24.29403" lon="120.72374">
        <ele>227.7</ele>
      </trkpt>
      <trkpt lat="24.29412" lon="120.72375">
        <ele>228.2</ele>
      </trkpt>
      <trkpt lat="24.29418" lon="120.72375">
        <ele>228.5</ele>
      </trkpt>
      <trkpt lat="24.29471" lon="120.72381">
        <ele>228.9</ele>
      </trkpt>
      <trkpt lat="24.29482" lon="120.72382">
        <ele>228.9</ele>
      </trkpt>
      <trkpt lat="24.29538" lon="120.7239">
        <ele>228.7</ele>
      </trkpt>
      <trkpt lat="24.29578" lon="120.72394">
        <ele>228.3</ele>
      </trkpt>
      <trkpt lat="24.29594" lon="120.72395">
        <ele>228.1</ele>
      </trkpt>
      <trkpt lat="24.29607" lon="120.72395">
        <ele>228.0</ele>
      </trkpt>
      <trkpt lat="24.29645" lon="120.72392">
        <ele>227.6</ele>
      </trkpt>
      <trkpt lat="24.29751" lon="120.72372">
        <ele>229.4</ele>
      </trkpt>
      <trkpt lat="24.29804" lon="120.72363">
        <ele>226.5</ele>
      </trkpt>
      <trkpt lat="24.29804" lon="120.72363">
        <ele>226.5</ele>
      </trkpt>
      <trkpt lat="24.29806" lon="120.72416">
        <ele>226.6</ele>
      </trkpt>
      <trkpt lat="24.29806" lon="120.72417">
        <ele>226.7</ele>
      </trkpt>
      <trkpt lat="24.29807" lon="120.72437">
        <ele>228.3</ele>
      </trkpt>
      <trkpt lat="24.29808" lon="120.72468">
        <ele>230.8</ele>
      </trkpt>
      <trkpt lat="24.29809" lon="120.72489">
        <ele>232.5</ele>
      </trkpt>
      <trkpt lat="24.29809" lon="120.72516">
        <ele>233.3</ele>
      </trkpt>
      <trkpt lat="24.29809" lon="120.72525">
        <ele>233.2</ele>
      </trkpt>
      <trkpt lat="24.29808" lon="120.72549">
        <ele>233.0</ele>
      </trkpt>
      <trkpt lat="24.29808" lon="120.72554">
        <ele>233.0</ele>
      </trkpt>
      <trkpt lat="24.29809" lon="120.72599">
        <ele>233.5</ele>
      </trkpt>
      <trkpt lat="24.29812" lon="120.72663">
        <ele>236.8</ele>
      </trkpt>
      <trkpt lat="24.29815" lon="120.72728">
        <ele>236.1</ele>
      </trkpt>
      <trkpt lat="24.29816" lon="120.72747">
        <ele>235.8</ele>
      </trkpt>
      <trkpt lat="24.29819" lon="120.7281">
        <ele>238.8</ele>
      </trkpt>
      <trkpt lat="24.29831" lon="120.7302">
        <ele>243.2</ele>
      </trkpt>
      <trkpt lat="24.29842" lon="120.73209">
        <ele>247.0</ele>
      </trkpt>
      <trkpt lat="24.29843" lon="120.73223">
        <ele>247.3</ele>
      </trkpt>
      <trkpt lat="24.29843" lon="120.73239">
        <ele>247.6</ele>
      </trkpt>
      <trkpt lat="24.29844" lon="120.73261">
        <ele>247.8</ele>
      </trkpt>
      <trkpt lat="24.29846" lon="120.73267">
        <ele>247.8</ele>
      </trkpt>
      <trkpt lat="24.29848" lon="120.7327">
        <ele>247.7</ele>
      </trkpt>
      <trkpt lat="24.29843" lon="120.73296">
        <ele>247.8</ele>
      </trkpt>
      <trkpt lat="24.29838" lon="120.73317">
        <ele>247.9</ele>
      </trkpt>
      <trkpt lat="24.29836" lon="120.7335">
        <ele>248.7</ele>
      </trkpt>
      <trkpt lat="24.29837" lon="120.73403">
        <ele>251.2</ele>
      </trkpt>
      <trkpt lat="24.29837" lon="120.73449">
        <ele>253.1</ele>
      </trkpt>
      <trkpt lat="24.29839" lon="120.73504">
        <ele>255.0</ele>
      </trkpt>
      <trkpt lat="24.29839" lon="120.73512">
        <ele>255.2</ele>
      </trkpt>
      <trkpt lat="24.2984" lon="120.73528">
        <ele>255.5</ele>
      </trkpt>
      <trkpt lat="24.29842" lon="120.7355">
        <ele>256.0</ele>
      </trkpt>
      <trkpt lat="24.29842" lon="120.7355">
        <ele>256.0</ele>
      </trkpt>
      <trkpt lat="24.29853" lon="120.73551">
        <ele>255.7</ele>
      </trkpt>
      <trkpt lat="24.29892" lon="120.73556">
        <ele>254.7</ele>
      </trkpt>
      <trkpt lat="24.29939" lon="120.7356">
        <ele>253.1</ele>
      </trkpt>
      <trkpt lat="24.2994" lon="120.7356">
        <ele>253.1</ele>
      </trkpt>
      <trkpt lat="24.29949" lon="120.73562">
        <ele>252.7</ele>
      </trkpt>
      <trkpt lat="24.29957" lon="120.73564">
        <ele>252.4</ele>
      </trkpt>
      <trkpt lat="24.29963" lon="120.73566">
        <ele>252.2</ele>
      </trkpt>
      <trkpt lat="24.29998" lon="120.73578">
        <ele>251.0</ele>
      </trkpt>
      <trkpt lat="24.30015" lon="120.73584">
        <ele>250.5</ele>
      </trkpt>
      <trkpt lat="24.30018" lon="120.73584">
        <ele>250.4</ele>
      </trkpt>
      <trkpt lat="24.3002" lon="120.73584">
        <ele>250.3</ele>
      </trkpt>
      <trkpt lat="24.30021" lon="120.73583">
        <ele>250.2</ele>
      </trkpt>
      <trkpt lat="24.30023" lon="120.73583">
        <ele>250.2</ele>
      </trkpt>
      <trkpt lat="24.30025" lon="120.73582">
        <ele>250.1</ele>
      </trkpt>
      <trkpt lat="24.30027" lon="120.73581">
        <ele>250.0</ele>
      </trkpt>
      <trkpt lat="24.30034" lon="120.73579">
        <ele>249.7</ele>
      </trkpt>
      <trkpt lat="24.30044" lon="120.73574">
        <ele>249.3</ele>
      </trkpt>
      <trkpt lat="24.30056" lon="120.73569">
        <ele>249.0</ele>
      </trkpt>
      <trkpt lat="24.30072" lon="120.73562">
        <ele>248.5</ele>
      </trkpt>
      <trkpt lat="24.30073" lon="120.73562">
        <ele>248.5</ele>
      </trkpt>
      <trkpt lat="24.30075" lon="120.73561">
        <ele>248.4</ele>
      </trkpt>
      <trkpt lat="24.30075" lon="120.73561">
        <ele>248.4</ele>
      </trkpt>
      <trkpt lat="24.3008" lon="120.7358">
        <ele>248.0</ele>
      </trkpt>
      <trkpt lat="24.30083" lon="120.73588">
        <ele>248.1</ele>
      </trkpt>
      <trkpt lat="24.30085" lon="120.73596">
        <ele>248.3</ele>
      </trkpt>
      <trkpt lat="24.30086" lon="120.73602">
        <ele>248.4</ele>
      </trkpt>
      <trkpt lat="24.30086" lon="120.73609">
        <ele>248.5</ele>
      </trkpt>
      <trkpt lat="24.30085" lon="120.73621">
        <ele>248.6</ele>
      </trkpt>
      <trkpt lat="24.30082" lon="120.73635">
        <ele>248.7</ele>
      </trkpt>
      <trkpt lat="24.30076" lon="120.73651">
        <ele>249.0</ele>
      </trkpt>
      <trkpt lat="24.30075" lon="120.73654">
        <ele>249.1</ele>
      </trkpt>
      <trkpt lat="24.30073" lon="120.73656">
        <ele>249.1</ele>
      </trkpt>
      <trkpt lat="24.30069" lon="120.73662">
        <ele>249.3</ele>
      </trkpt>
      <trkpt lat="24.30064" lon="120.73669">
        <ele>249.6</ele>
      </trkpt>
      <trkpt lat="24.30053" lon="120.73681">
        <ele>250.3</ele>
      </trkpt>
      <trkpt lat="24.30046" lon="120.73687">
        <ele>250.6</ele>
      </trkpt>
      <trkpt lat="24.3004" lon="120.73692">
        <ele>250.8</ele>
      </trkpt>
      <trkpt lat="24.30033" lon="120.73697">
        <ele>250.9</ele>
      </trkpt>
      <trkpt lat="24.3002" lon="120.73705">
        <ele>251.1</ele>
      </trkpt>
      <trkpt lat="24.29994" lon="120.7372">
        <ele>251.4</ele>
      </trkpt>
      <trkpt lat="24.2998" lon="120.73727">
        <ele>252.3</ele>
      </trkpt>
      <trkpt lat="24.2997" lon="120.73732">
        <ele>252.9</ele>
      </trkpt>
      <trkpt lat="24.29965" lon="120.73735">
        <ele>253.2</ele>
      </trkpt>
      <trkpt lat="24.29963" lon="120.73737">
        <ele>253.3</ele>
      </trkpt>
      <trkpt lat="24.2996" lon="120.73739">
        <ele>253.5</ele>
      </trkpt>
      <trkpt lat="24.29955" lon="120.73743">
        <ele>253.7</ele>
      </trkpt>
      <trkpt lat="24.29935" lon="120.73766">
        <ele>254.8</ele>
      </trkpt>
      <trkpt lat="24.29907" lon="120.73796">
        <ele>255.8</ele>
      </trkpt>
      <trkpt lat="24.29899" lon="120.73806">
        <ele>256.0</ele>
      </trkpt>
      <trkpt lat="24.29898" lon="120.73807">
        <ele>256.1</ele>
      </trkpt>
      <trkpt lat="24.29895" lon="120.73812">
        <ele>256.1</ele>
      </trkpt>
      <trkpt lat="24.29894" lon="120.73815">
        <ele>256.1</ele>
      </trkpt>
      <trkpt lat="24.29887" lon="120.73836">
        <ele>256.1</ele>
      </trkpt>
      <trkpt lat="24.29885" lon="120.73845">
        <ele>256.3</ele>
      </trkpt>
      <trkpt lat="24.29883" lon="120.73858">
        <ele>256.6</ele>
      </trkpt>
      <trkpt lat="24.29881" lon="120.73873">
        <ele>256.8</ele>
      </trkpt>
      <trkpt lat="24.29881" lon="120.73881">
        <ele>256.9</ele>
      </trkpt>
      <trkpt lat="24.2988" lon="120.73883">
        <ele>257.0</ele>
      </trkpt>
      <trkpt lat="24.29876" lon="120.73919">
        <ele>257.6</ele>
      </trkpt>
      <trkpt lat="24.29873" lon="120.73944">
        <ele>258.6</ele>
      </trkpt>
      <trkpt lat="24.29871" lon="120.73954">
        <ele>259.1</ele>
      </trkpt>
      <trkpt lat="24.29868" lon="120.73968">
        <ele>259.6</ele>
      </trkpt>
      <trkpt lat="24.29868" lon="120.73971">
        <ele>259.7</ele>
      </trkpt>
      <trkpt lat="24.29867" lon="120.73973">
        <ele>259.8</ele>
      </trkpt>
      <trkpt lat="24.29868" lon="120.73983">
        <ele>260.2</ele>
      </trkpt>
      <trkpt lat="24.29869" lon="120.73999">
        <ele>260.8</ele>
      </trkpt>
      <trkpt lat="24.2987" lon="120.74009">
        <ele>261.6</ele>
      </trkpt>
      <trkpt lat="24.29871" lon="120.74021">
        <ele>262.6</ele>
      </trkpt>
      <trkpt lat="24.29871" lon="120.74028">
        <ele>263.2</ele>
      </trkpt>
      <trkpt lat="24.29868" lon="120.74049">
        <ele>264.7</ele>
      </trkpt>
      <trkpt lat="24.29865" lon="120.7406">
        <ele>265.3</ele>
      </trkpt>
      <trkpt lat="24.2986" lon="120.74079">
        <ele>266.3</ele>
      </trkpt>
      <trkpt lat="24.29857" lon="120.74093">
        <ele>267.8</ele>
      </trkpt>
      <trkpt lat="24.29851" lon="120.74113">
        <ele>270.0</ele>
      </trkpt>
      <trkpt lat="24.29845" lon="120.74129">
        <ele>271.2</ele>
      </trkpt>
      <trkpt lat="24.29845" lon="120.7413">
        <ele>271.3</ele>
      </trkpt>
      <trkpt lat="24.29838" lon="120.74146">
        <ele>271.9</ele>
      </trkpt>
      <trkpt lat="24.2983" lon="120.74166">
        <ele>272.6</ele>
      </trkpt>
      <trkpt lat="24.29827" lon="120.74177">
        <ele>273.9</ele>
      </trkpt>
      <trkpt lat="24.29825" lon="120.74186">
        <ele>274.9</ele>
      </trkpt>
      <trkpt lat="24.29823" lon="120.74194">
        <ele>275.8</ele>
      </trkpt>
      <trkpt lat="24.29821" lon="120.74198">
        <ele>276.1</ele>
      </trkpt>
      <trkpt lat="24.29817" lon="120.74204">
        <ele>276.4</ele>
      </trkpt>
      <trkpt lat="24.2981" lon="120.74212">
        <ele>276.3</ele>
      </trkpt>
      <trkpt lat="24.29793" lon="120.7423">
        <ele>275.6</ele>
      </trkpt>
      <trkpt lat="24.29792" lon="120.74231">
        <ele>275.5</ele>
      </trkpt>
      <trkpt lat="24.29786" lon="120.74235">
        <ele>274.8</ele>
      </trkpt>
      <trkpt lat="24.29778" lon="120.74244">
        <ele>274.2</ele>
      </trkpt>
      <trkpt lat="24.29774" lon="120.7425">
        <ele>273.9</ele>
      </trkpt>
      <trkpt lat="24.29766" lon="120.74261">
        <ele>273.2</ele>
      </trkpt>
      <trkpt lat="24.29762" lon="120.74267">
        <ele>272.9</ele>
      </trkpt>
      <trkpt lat="24.29758" lon="120.74271">
        <ele>272.4</ele>
      </trkpt>
      <trkpt lat="24.29757" lon="120.74273">
        <ele>272.4</ele>
      </trkpt>
      <trkpt lat="24.29752" lon="120.74278">
        <ele>271.8</ele>
      </trkpt>
      <trkpt lat="24.29739" lon="120.74294">
        <ele>272.1</ele>
      </trkpt>
      <trkpt lat="24.29727" lon="120.7431">
        <ele>272.5</ele>
      </trkpt>
      <trkpt lat="24.29723" lon="120.74318">
        <ele>272.7</ele>
      </trkpt>
      <trkpt lat="24.2972" lon="120.74325">
        <ele>273.0</ele>
      </trkpt>
      <trkpt lat="24.29719" lon="120.74329">
        <ele>273.1</ele>
      </trkpt>
      <trkpt lat="24.29718" lon="120.74331">
        <ele>273.2</ele>
      </trkpt>
      <trkpt lat="24.29712" lon="120.74345">
        <ele>272.6</ele>
      </trkpt>
      <trkpt lat="24.29704" lon="120.74361">
        <ele>271.9</ele>
      </trkpt>
      <trkpt lat="24.29702" lon="120.74363">
        <ele>271.8</ele>
      </trkpt>
      <trkpt lat="24.29698" lon="120.7437">
        <ele>271.5</ele>
      </trkpt>
      <trkpt lat="24.29696" lon="120.74375">
        <ele>271.3</ele>
      </trkpt>
      <trkpt lat="24.29693" lon="120.74379">
        <ele>271.2</ele>
      </trkpt>
      <trkpt lat="24.29692" lon="120.74382">
        <ele>271.0</ele>
      </trkpt>
      <trkpt lat="24.29692" lon="120.74386">
        <ele>270.9</ele>
      </trkpt>
      <trkpt lat="24.29691" lon="120.74387">
        <ele>270.9</ele>
      </trkpt>
      <trkpt lat="24.29691" lon="120.74388">
        <ele>270.8</ele>
      </trkpt>
      <trkpt lat="24.29691" lon="120.74389">
        <ele>270.8</ele>
      </trkpt>
      <trkpt lat="24.29691" lon="120.7439">
        <ele>270.7</ele>
      </trkpt>
      <trkpt lat="24.29691" lon="120.74391">
        <ele>270.7</ele>
      </trkpt>
      <trkpt lat="24.29692" lon="120.74392">
        <ele>270.7</ele>
      </trkpt>
      <trkpt lat="24.29692" lon="120.74393">
        <ele>270.6</ele>
      </trkpt>
      <trkpt lat="24.29692" lon="120.74394">
        <ele>270.6</ele>
      </trkpt>
      <trkpt lat="24.29692" lon="120.74395">
        <ele>270.5</ele>
      </trkpt>
      <trkpt lat="24.29693" lon="120.74398">
        <ele>270.4</ele>
      </trkpt>
      <trkpt lat="24.29696" lon="120.74402">
        <ele>270.3</ele>
      </trkpt>
      <trkpt lat="24.29698" lon="120.74406">
        <ele>270.3</ele>
      </trkpt>
      <trkpt lat="24.29729" lon="120.74441">
        <ele>271.4</ele>
      </trkpt>
      <trkpt lat="24.29745" lon="120.7446">
        <ele>271.5</ele>
      </trkpt>
      <trkpt lat="24.29756" lon="120.74478">
        <ele>271.6</ele>
      </trkpt>
      <trkpt lat="24.29762" lon="120.74495">
        <ele>271.6</ele>
      </trkpt>
      <trkpt lat="24.29765" lon="120.74505">
        <ele>272.1</ele>
      </trkpt>
      <trkpt lat="24.29785" lon="120.74581">
        <ele>278.5</ele>
      </trkpt>
      <trkpt lat="24.29786" lon="120.74586">
        <ele>278.7</ele>
      </trkpt>
      <trkpt lat="24.29789" lon="120.746">
        <ele>279.0</ele>
      </trkpt>
      <trkpt lat="24.29789" lon="120.74604">
        <ele>279.2</ele>
      </trkpt>
      <trkpt lat="24.2979" lon="120.74609">
        <ele>279.4</ele>
      </trkpt>
      <trkpt lat="24.2979" lon="120.74615">
        <ele>279.6</ele>
      </trkpt>
      <trkpt lat="24.29789" lon="120.74622">
        <ele>280.1</ele>
      </trkpt>
      <trkpt lat="24.29788" lon="120.74626">
        <ele>280.3</ele>
      </trkpt>
      <trkpt lat="24.29787" lon="120.74629">
        <ele>280.5</ele>
      </trkpt>
      <trkpt lat="24.29786" lon="120.74632">
        <ele>280.7</ele>
      </trkpt>
      <trkpt lat="24.29785" lon="120.74634">
        <ele>280.9</ele>
      </trkpt>
      <trkpt lat="24.29783" lon="120.74636">
        <ele>281.1</ele>
      </trkpt>
      <trkpt lat="24.29782" lon="120.74639">
        <ele>281.3</ele>
      </trkpt>
      <trkpt lat="24.2978" lon="120.74641">
        <ele>281.5</ele>
      </trkpt>
      <trkpt lat="24.29778" lon="120.74642">
        <ele>281.7</ele>
      </trkpt>
      <trkpt lat="24.29775" lon="120.74644">
        <ele>281.9</ele>
      </trkpt>
      <trkpt lat="24.29768" lon="120.74648">
        <ele>282.5</ele>
      </trkpt>
      <trkpt lat="24.29763" lon="120.74651">
        <ele>282.9</ele>
      </trkpt>
      <trkpt lat="24.29759" lon="120.74654">
        <ele>283.2</ele>
      </trkpt>
      <trkpt lat="24.29757" lon="120.74656">
        <ele>283.4</ele>
      </trkpt>
      <trkpt lat="24.29755" lon="120.74658">
        <ele>283.5</ele>
      </trkpt>
      <trkpt lat="24.29754" lon="120.7466">
        <ele>283.6</ele>
      </trkpt>
      <trkpt lat="24.29753" lon="120.74662">
        <ele>283.7</ele>
      </trkpt>
      <trkpt lat="24.29746" lon="120.74668">
        <ele>284.9</ele>
      </trkpt>
      <trkpt lat="24.29742" lon="120.74672">
        <ele>285.9</ele>
      </trkpt>
      <trkpt lat="24.29739" lon="120.74675">
        <ele>286.6</ele>
      </trkpt>
      <trkpt lat="24.29737" lon="120.7468">
        <ele>287.0</ele>
      </trkpt>
      <trkpt lat="24.29734" lon="120.74687">
        <ele>287.7</ele>
      </trkpt>
      <trkpt lat="24.29714" lon="120.74743">
        <ele>292.9</ele>
      </trkpt>
      <trkpt lat="24.29712" lon="120.74751">
        <ele>293.4</ele>
      </trkpt>
      <trkpt lat="24.29703" lon="120.74778">
        <ele>294.2</ele>
      </trkpt>
      <trkpt lat="24.29699" lon="120.7479">
        <ele>294.3</ele>
      </trkpt>
      <trkpt lat="24.29696" lon="120.74801">
        <ele>294.2</ele>
      </trkpt>
      <trkpt lat="24.29694" lon="120.74806">
        <ele>294.2</ele>
      </trkpt>
      <trkpt lat="24.29693" lon="120.74808">
        <ele>294.2</ele>
      </trkpt>
      <trkpt lat="24.29692" lon="120.74809">
        <ele>294.3</ele>
      </trkpt>
      <trkpt lat="24.29691" lon="120.7481">
        <ele>294.4</ele>
      </trkpt>
      <trkpt lat="24.29691" lon="120.74811">
        <ele>294.3</ele>
      </trkpt>
      <trkpt lat="24.29677" lon="120.74825">
        <ele>295.4</ele>
      </trkpt>
      <trkpt lat="24.29654" lon="120.74847">
        <ele>296.3</ele>
      </trkpt>
      <trkpt lat="24.29652" lon="120.74848">
        <ele>296.4</ele>
      </trkpt>
      <trkpt lat="24.29651" lon="120.74849">
        <ele>296.5</ele>
      </trkpt>
      <trkpt lat="24.2965" lon="120.74849">
        <ele>296.6</ele>
      </trkpt>
      <trkpt lat="24.29648" lon="120.74851">
        <ele>296.6</ele>
      </trkpt>
      <trkpt lat="24.29644" lon="120.74852">
        <ele>297.0</ele>
      </trkpt>
      <trkpt lat="24.29643" lon="120.74853">
        <ele>297.0</ele>
      </trkpt>
      <trkpt lat="24.29638" lon="120.74855">
        <ele>297.3</ele>
      </trkpt>
      <trkpt lat="24.29636" lon="120.74856">
        <ele>297.5</ele>
      </trkpt>
      <trkpt lat="24.2963" lon="120.74859">
        <ele>297.8</ele>
      </trkpt>
      <trkpt lat="24.29627" lon="120.7486">
        <ele>298.1</ele>
      </trkpt>
      <trkpt lat="24.29613" lon="120.74864">
        <ele>299.2</ele>
      </trkpt>
      <trkpt lat="24.29606" lon="120.74866">
        <ele>299.7</ele>
      </trkpt>
      <trkpt lat="24.29599" lon="120.74868">
        <ele>300.2</ele>
      </trkpt>
      <trkpt lat="24.29592" lon="120.7487">
        <ele>300.7</ele>
      </trkpt>
      <trkpt lat="24.29588" lon="120.74872">
        <ele>300.9</ele>
      </trkpt>
      <trkpt lat="24.29587" lon="120.74872">
        <ele>301.0</ele>
      </trkpt>
      <trkpt lat="24.29585" lon="120.74873">
        <ele>301.1</ele>
      </trkpt>
      <trkpt lat="24.29582" lon="120.74875">
        <ele>301.2</ele>
      </trkpt>
      <trkpt lat="24.29578" lon="120.74878">
        <ele>301.6</ele>
      </trkpt>
      <trkpt lat="24.29572" lon="120.74881">
        <ele>302.3</ele>
      </trkpt>
      <trkpt lat="24.29564" lon="120.74886">
        <ele>303.0</ele>
      </trkpt>
      <trkpt lat="24.29557" lon="120.7489">
        <ele>303.6</ele>
      </trkpt>
      <trkpt lat="24.29552" lon="120.74893">
        <ele>303.9</ele>
      </trkpt>
      <trkpt lat="24.29548" lon="120.74895">
        <ele>304.3</ele>
      </trkpt>
      <trkpt lat="24.29545" lon="120.74896">
        <ele>304.6</ele>
      </trkpt>
      <trkpt lat="24.29541" lon="120.74897">
        <ele>305.0</ele>
      </trkpt>
      <trkpt lat="24.29532" lon="120.74898">
        <ele>306.3</ele>
      </trkpt>
      <trkpt lat="24.29527" lon="120.74899">
        <ele>306.8</ele>
      </trkpt>
      <trkpt lat="24.29524" lon="120.749">
        <ele>307.1</ele>
      </trkpt>
      <trkpt lat="24.29523" lon="120.74901">
        <ele>307.1</ele>
      </trkpt>
      <trkpt lat="24.29518" lon="120.74902">
        <ele>307.6</ele>
      </trkpt>
      <trkpt lat="24.29508" lon="120.74903">
        <ele>308.9</ele>
      </trkpt>
      <trkpt lat="24.29507" lon="120.74903">
        <ele>309.1</ele>
      </trkpt>
      <trkpt lat="24.29505" lon="120.74903">
        <ele>309.4</ele>
      </trkpt>
      <trkpt lat="24.29504" lon="120.74904">
        <ele>309.3</ele>
      </trkpt>
      <trkpt lat="24.29503" lon="120.74904">
        <ele>309.4</ele>
      </trkpt>
      <trkpt lat="24.29501" lon="120.74905">
        <ele>309.5</ele>
      </trkpt>
      <trkpt lat="24.29498" lon="120.74906">
        <ele>309.7</ele>
      </trkpt>
      <trkpt lat="24.29497" lon="120.74907">
        <ele>309.6</ele>
      </trkpt>
      <trkpt lat="24.29495" lon="120.74908">
        <ele>309.6</ele>
      </trkpt>
      <trkpt lat="24.29491" lon="120.74913">
        <ele>308.9</ele>
      </trkpt>
      <trkpt lat="24.29476" lon="120.74933">
        <ele>307.7</ele>
      </trkpt>
      <trkpt lat="24.29468" lon="120.74946">
        <ele>306.9</ele>
      </trkpt>
      <trkpt lat="24.29462" lon="120.74957">
        <ele>306.1</ele>
      </trkpt>
      <trkpt lat="24.29446" lon="120.74984">
        <ele>303.8</ele>
      </trkpt>
      <trkpt lat="24.29442" lon="120.74991">
        <ele>303.2</ele>
      </trkpt>
      <trkpt lat="24.29441" lon="120.74993">
        <ele>303.0</ele>
      </trkpt>
      <trkpt lat="24.29439" lon="120.74995">
        <ele>302.9</ele>
      </trkpt>
      <trkpt lat="24.29438" lon="120.74996">
        <ele>302.8</ele>
      </trkpt>
      <trkpt lat="24.29437" lon="120.74998">
        <ele>302.6</ele>
      </trkpt>
      <trkpt lat="24.29435" lon="120.74999">
        <ele>302.6</ele>
      </trkpt>
      <trkpt lat="24.29433" lon="120.75001">
        <ele>302.6</ele>
      </trkpt>
      <trkpt lat="24.29428" lon="120.75004">
        <ele>302.9</ele>
      </trkpt>
      <trkpt lat="24.29424" lon="120.75007">
        <ele>303.1</ele>
      </trkpt>
      <trkpt lat="24.29422" lon="120.75008">
        <ele>303.1</ele>
      </trkpt>
      <trkpt lat="24.29418" lon="120.75011">
        <ele>303.1</ele>
      </trkpt>
      <trkpt lat="24.29417" lon="120.75013">
        <ele>303.1</ele>
      </trkpt>
      <trkpt lat="24.29416" lon="120.75014">
        <ele>303.1</ele>
      </trkpt>
      <trkpt lat="24.29415" lon="120.75016">
        <ele>303.1</ele>
      </trkpt>
      <trkpt lat="24.29413" lon="120.75018">
        <ele>303.1</ele>
      </trkpt>
      <trkpt lat="24.29412" lon="120.75021">
        <ele>303.1</ele>
      </trkpt>
      <trkpt lat="24.29412" lon="120.75023">
        <ele>303.1</ele>
      </trkpt>
      <trkpt lat="24.29411" lon="120.75026">
        <ele>303.1</ele>
      </trkpt>
      <trkpt lat="24.2941" lon="120.7503">
        <ele>303.1</ele>
      </trkpt>
      <trkpt lat="24.29409" lon="120.75036">
        <ele>303.2</ele>
      </trkpt>
      <trkpt lat="24.29408" lon="120.75043">
        <ele>303.2</ele>
      </trkpt>
      <trkpt lat="24.29406" lon="120.75066">
        <ele>303.3</ele>
      </trkpt>
      <trkpt lat="24.29405" lon="120.75079">
        <ele>303.1</ele>
      </trkpt>
      <trkpt lat="24.29405" lon="120.75085">
        <ele>302.9</ele>
      </trkpt>
      <trkpt lat="24.29404" lon="120.7509">
        <ele>302.9</ele>
      </trkpt>
      <trkpt lat="24.29403" lon="120.75097">
        <ele>302.8</ele>
      </trkpt>
      <trkpt lat="24.29402" lon="120.751">
        <ele>302.9</ele>
      </trkpt>
      <trkpt lat="24.29393" lon="120.75116">
        <ele>304.1</ele>
      </trkpt>
      <trkpt lat="24.2939" lon="120.7512">
        <ele>304.6</ele>
      </trkpt>
      <trkpt lat="24.29384" lon="120.75129">
        <ele>305.3</ele>
      </trkpt>
      <trkpt lat="24.29376" lon="120.75142">
        <ele>306.1</ele>
      </trkpt>
      <trkpt lat="24.29372" lon="120.75151">
        <ele>306.2</ele>
      </trkpt>
      <trkpt lat="24.29367" lon="120.75161">
        <ele>306.4</ele>
      </trkpt>
      <trkpt lat="24.29362" lon="120.75169">
        <ele>306.8</ele>
      </trkpt>
      <trkpt lat="24.29357" lon="120.75174">
        <ele>307.5</ele>
      </trkpt>
      <trkpt lat="24.29353" lon="120.75178">
        <ele>307.9</ele>
      </trkpt>
      <trkpt lat="24.29321" lon="120.75197">
        <ele>311.6</ele>
      </trkpt>
      <trkpt lat="24.29305" lon="120.7521">
        <ele>313.6</ele>
      </trkpt>
      <trkpt lat="24.29293" lon="120.7522">
        <ele>314.7</ele>
      </trkpt>
      <trkpt lat="24.29287" lon="120.75227">
        <ele>314.9</ele>
      </trkpt>
      <trkpt lat="24.29281" lon="120.75233">
        <ele>315.1</ele>
      </trkpt>
      <trkpt lat="24.29278" lon="120.75237">
        <ele>315.1</ele>
      </trkpt>
      <trkpt lat="24.29275" lon="120.75242">
        <ele>314.8</ele>
      </trkpt>
      <trkpt lat="24.29271" lon="120.75249">
        <ele>314.4</ele>
      </trkpt>
      <trkpt lat="24.29264" lon="120.75257">
        <ele>315.1</ele>
      </trkpt>
      <trkpt lat="24.29233" lon="120.75281">
        <ele>316.9</ele>
      </trkpt>
      <trkpt lat="24.2921" lon="120.75295">
        <ele>318.0</ele>
      </trkpt>
      <trkpt lat="24.29196" lon="120.75303">
        <ele>318.6</ele>
      </trkpt>
      <trkpt lat="24.29193" lon="120.75305">
        <ele>318.7</ele>
      </trkpt>
      <trkpt lat="24.2919" lon="120.75307">
        <ele>318.7</ele>
      </trkpt>
      <trkpt lat="24.29188" lon="120.75309">
        <ele>318.7</ele>
      </trkpt>
      <trkpt lat="24.29186" lon="120.75311">
        <ele>318.7</ele>
      </trkpt>
      <trkpt lat="24.29184" lon="120.75313">
        <ele>318.7</ele>
      </trkpt>
      <trkpt lat="24.29182" lon="120.75316">
        <ele>318.5</ele>
      </trkpt>
      <trkpt lat="24.29176" lon="120.75327">
        <ele>317.8</ele>
      </trkpt>
      <trkpt lat="24.29174" lon="120.7533">
        <ele>317.7</ele>
      </trkpt>
      <trkpt lat="24.29173" lon="120.75332">
        <ele>317.5</ele>
      </trkpt>
      <trkpt lat="24.29172" lon="120.75333">
        <ele>317.5</ele>
      </trkpt>
      <trkpt lat="24.29172" lon="120.75334">
        <ele>317.4</ele>
      </trkpt>
      <trkpt lat="24.29171" lon="120.75334">
        <ele>317.5</ele>
      </trkpt>
      <trkpt lat="24.29169" lon="120.75335">
        <ele>317.6</ele>
      </trkpt>
      <trkpt lat="24.29168" lon="120.75336">
        <ele>317.6</ele>
      </trkpt>
      <trkpt lat="24.29165" lon="120.75337">
        <ele>317.8</ele>
      </trkpt>
      <trkpt lat="24.29163" lon="120.75338">
        <ele>318.0</ele>
      </trkpt>
      <trkpt lat="24.2916" lon="120.75338">
        <ele>318.4</ele>
      </trkpt>
      <trkpt lat="24.29157" lon="120.75338">
        <ele>318.8</ele>
      </trkpt>
      <trkpt lat="24.29154" lon="120.75338">
        <ele>319.3</ele>
      </trkpt>
      <trkpt lat="24.29153" lon="120.75337">
        <ele>319.5</ele>
      </trkpt>
      <trkpt lat="24.29151" lon="120.75337">
        <ele>319.8</ele>
      </trkpt>
      <trkpt lat="24.29149" lon="120.75336">
        <ele>320.2</ele>
      </trkpt>
      <trkpt lat="24.29148" lon="120.75335">
        <ele>320.5</ele>
      </trkpt>
      <trkpt lat="24.29147" lon="120.75335">
        <ele>320.6</ele>
      </trkpt>
      <trkpt lat="24.29146" lon="120.75334">
        <ele>320.9</ele>
      </trkpt>
      <trkpt lat="24.29144" lon="120.75333">
        <ele>321.3</ele>
      </trkpt>
      <trkpt lat="24.29142" lon="120.7533">
        <ele>321.9</ele>
      </trkpt>
      <trkpt lat="24.2914" lon="120.75326">
        <ele>322.6</ele>
      </trkpt>
      <trkpt lat="24.29138" lon="120.75323">
        <ele>323.2</ele>
      </trkpt>
      <trkpt lat="24.29136" lon="120.7532">
        <ele>323.8</ele>
      </trkpt>
      <trkpt lat="24.29129" lon="120.75306">
        <ele>326.1</ele>
      </trkpt>
      <trkpt lat="24.29127" lon="120.75301">
        <ele>326.9</ele>
      </trkpt>
      <trkpt lat="24.29125" lon="120.75297">
        <ele>327.5</ele>
      </trkpt>
      <trkpt lat="24.29124" lon="120.75295">
        <ele>327.8</ele>
      </trkpt>
      <trkpt lat="24.29123" lon="120.75293">
        <ele>328.1</ele>
      </trkpt>
      <trkpt lat="24.29121" lon="120.75291">
        <ele>328.5</ele>
      </trkpt>
      <trkpt lat="24.2912" lon="120.7529">
        <ele>328.8</ele>
      </trkpt>
      <trkpt lat="24.29118" lon="120.75289">
        <ele>329.1</ele>
      </trkpt>
      <trkpt lat="24.29116" lon="120.75287">
        <ele>329.5</ele>
      </trkpt>
      <trkpt lat="24.29115" lon="120.75287">
        <ele>329.6</ele>
      </trkpt>
      <trkpt lat="24.29114" lon="120.75286">
        <ele>329.8</ele>
      </trkpt>
      <trkpt lat="24.29112" lon="120.75286">
        <ele>330.1</ele>
      </trkpt>
      <trkpt lat="24.2911" lon="120.75286">
        <ele>330.3</ele>
      </trkpt>
      <trkpt lat="24.29107" lon="120.75286">
        <ele>330.6</ele>
      </trkpt>
      <trkpt lat="24.29105" lon="120.75286">
        <ele>330.9</ele>
      </trkpt>
      <trkpt lat="24.29103" lon="120.75287">
        <ele>331.0</ele>
      </trkpt>
      <trkpt lat="24.29102" lon="120.75288">
        <ele>331.1</ele>
      </trkpt>
      <trkpt lat="24.291" lon="120.75288">
        <ele>331.3</ele>
      </trkpt>
      <trkpt lat="24.29099" lon="120.75289">
        <ele>331.3</ele>
      </trkpt>
      <trkpt lat="24.29097" lon="120.75291">
        <ele>331.4</ele>
      </trkpt>
      <trkpt lat="24.29096" lon="120.75292">
        <ele>331.5</ele>
      </trkpt>
      <trkpt lat="24.29095" lon="120.75294">
        <ele>331.4</ele>
      </trkpt>
      <trkpt lat="24.29091" lon="120.75301">
        <ele>331.4</ele>
      </trkpt>
      <trkpt lat="24.29079" lon="120.75317">
        <ele>333.1</ele>
      </trkpt>
      <trkpt lat="24.29077" lon="120.75321">
        <ele>333.7</ele>
      </trkpt>
      <trkpt lat="24.29075" lon="120.75324">
        <ele>334.3</ele>
      </trkpt>
      <trkpt lat="24.29074" lon="120.75327">
        <ele>334.6</ele>
      </trkpt>
      <trkpt lat="24.29073" lon="120.75332">
        <ele>334.7</ele>
      </trkpt>
      <trkpt lat="24.29071" lon="120.75339">
        <ele>334.9</ele>
      </trkpt>
      <trkpt lat="24.29071" lon="120.75343">
        <ele>334.6</ele>
      </trkpt>
      <trkpt lat="24.29069" lon="120.75353">
        <ele>334.5</ele>
      </trkpt>
      <trkpt lat="24.29067" lon="120.75362">
        <ele>334.6</ele>
      </trkpt>
      <trkpt lat="24.29065" lon="120.75369">
        <ele>334.9</ele>
      </trkpt>
      <trkpt lat="24.29063" lon="120.75379">
        <ele>334.9</ele>
      </trkpt>
      <trkpt lat="24.29062" lon="120.75382">
        <ele>335.1</ele>
      </trkpt>
      <trkpt lat="24.29061" lon="120.75385">
        <ele>335.3</ele>
      </trkpt>
      <trkpt lat="24.29058" lon="120.75391">
        <ele>336.1</ele>
      </trkpt>
      <trkpt lat="24.29057" lon="120.75392">
        <ele>336.5</ele>
      </trkpt>
      <trkpt lat="24.29056" lon="120.75394">
        <ele>336.8</ele>
      </trkpt>
      <trkpt lat="24.29053" lon="120.75395">
        <ele>338.1</ele>
      </trkpt>
      <trkpt lat="24.29051" lon="120.75396">
        <ele>338.9</ele>
      </trkpt>
      <trkpt lat="24.2905" lon="120.75396">
        <ele>339.4</ele>
      </trkpt>
      <trkpt lat="24.29045" lon="120.75397">
        <ele>341.6</ele>
      </trkpt>
      <trkpt lat="24.29042" lon="120.75398">
        <ele>342.9</ele>
      </trkpt>
      <trkpt lat="24.29038" lon="120.754">
        <ele>344.6</ele>
      </trkpt>
      <trkpt lat="24.29034" lon="120.75402">
        <ele>346.3</ele>
      </trkpt>
      <trkpt lat="24.29033" lon="120.75403">
        <ele>346.7</ele>
      </trkpt>
      <trkpt lat="24.2903" lon="120.75406">
        <ele>347.8</ele>
      </trkpt>
      <trkpt lat="24.29026" lon="120.7541">
        <ele>349.4</ele>
      </trkpt>
      <trkpt lat="24.29023" lon="120.75415">
        <ele>350.4</ele>
      </trkpt>
      <trkpt lat="24.2902" lon="120.7542">
        <ele>351.4</ele>
      </trkpt>
      <trkpt lat="24.29018" lon="120.75425">
        <ele>352.0</ele>
      </trkpt>
      <trkpt lat="24.29017" lon="120.75427">
        <ele>352.4</ele>
      </trkpt>
      <trkpt lat="24.29016" lon="120.75429">
        <ele>352.7</ele>
      </trkpt>
      <trkpt lat="24.29016" lon="120.7543">
        <ele>352.6</ele>
      </trkpt>
      <trkpt lat="24.29016" lon="120.75433">
        <ele>352.4</ele>
      </trkpt>
      <trkpt lat="24.29016" lon="120.75434">
        <ele>352.4</ele>
      </trkpt>
      <trkpt lat="24.29016" lon="120.75435">
        <ele>352.3</ele>
      </trkpt>
      <trkpt lat="24.29016" lon="120.75436">
        <ele>352.2</ele>
      </trkpt>
      <trkpt lat="24.29016" lon="120.75437">
        <ele>352.2</ele>
      </trkpt>
      <trkpt lat="24.29016" lon="120.75438">
        <ele>352.1</ele>
      </trkpt>
      <trkpt lat="24.29017" lon="120.75439">
        <ele>351.6</ele>
      </trkpt>
      <trkpt lat="24.29018" lon="120.75441">
        <ele>351.1</ele>
      </trkpt>
      <trkpt lat="24.2902" lon="120.75445">
        <ele>350.0</ele>
      </trkpt>
      <trkpt lat="24.29025" lon="120.75451">
        <ele>347.6</ele>
      </trkpt>
      <trkpt lat="24.29029" lon="120.75455">
        <ele>345.8</ele>
      </trkpt>
      <trkpt lat="24.29031" lon="120.75459">
        <ele>344.9</ele>
      </trkpt>
      <trkpt lat="24.29032" lon="120.7546">
        <ele>344.5</ele>
      </trkpt>
      <trkpt lat="24.29033" lon="120.75461">
        <ele>344.0</ele>
      </trkpt>
      <trkpt lat="24.29033" lon="120.75463">
        <ele>344.0</ele>
      </trkpt>
      <trkpt lat="24.29034" lon="120.75467">
        <ele>343.5</ele>
      </trkpt>
      <trkpt lat="24.29034" lon="120.75473">
        <ele>343.3</ele>
      </trkpt>
      <trkpt lat="24.29034" lon="120.7548">
        <ele>343.0</ele>
      </trkpt>
      <trkpt lat="24.29034" lon="120.75487">
        <ele>342.8</ele>
      </trkpt>
      <trkpt lat="24.29034" lon="120.75489">
        <ele>342.7</ele>
      </trkpt>
      <trkpt lat="24.29033" lon="120.75495">
        <ele>342.9</ele>
      </trkpt>
      <trkpt lat="24.29033" lon="120.75499">
        <ele>342.7</ele>
      </trkpt>
      <trkpt lat="24.29032" lon="120.75502">
        <ele>343.0</ele>
      </trkpt>
      <trkpt lat="24.29031" lon="120.75505">
        <ele>343.4</ele>
      </trkpt>
      <trkpt lat="24.2903" lon="120.75507">
        <ele>343.7</ele>
      </trkpt>
      <trkpt lat="24.29028" lon="120.75509">
        <ele>344.3</ele>
      </trkpt>
      <trkpt lat="24.29025" lon="120.75512">
        <ele>345.2</ele>
      </trkpt>
      <trkpt lat="24.29021" lon="120.75514">
        <ele>346.3</ele>
      </trkpt>
      <trkpt lat="24.29016" lon="120.75517">
        <ele>347.6</ele>
      </trkpt>
      <trkpt lat="24.29007" lon="120.75522">
        <ele>349.9</ele>
      </trkpt>
      <trkpt lat="24.28997" lon="120.75527">
        <ele>352.1</ele>
      </trkpt>
      <trkpt lat="24.28992" lon="120.7553">
        <ele>353.2</ele>
      </trkpt>
      <trkpt lat="24.28988" lon="120.75532">
        <ele>354.1</ele>
      </trkpt>
      <trkpt lat="24.28983" lon="120.75536">
        <ele>355.1</ele>
      </trkpt>
      <trkpt lat="24.28981" lon="120.75537">
        <ele>355.6</ele>
      </trkpt>
      <trkpt lat="24.28978" lon="120.7554">
        <ele>356.1</ele>
      </trkpt>
      <trkpt lat="24.28975" lon="120.75542">
        <ele>356.8</ele>
      </trkpt>
      <trkpt lat="24.28972" lon="120.75546">
        <ele>357.3</ele>
      </trkpt>
      <trkpt lat="24.2897" lon="120.75549">
        <ele>357.6</ele>
      </trkpt>
      <trkpt lat="24.28969" lon="120.75551">
        <ele>357.7</ele>
      </trkpt>
      <trkpt lat="24.28964" lon="120.75557">
        <ele>358.6</ele>
      </trkpt>
      <trkpt lat="24.28959" lon="120.75567">
        <ele>359.3</ele>
      </trkpt>
      <trkpt lat="24.28952" lon="120.7558">
        <ele>360.3</ele>
      </trkpt>
      <trkpt lat="24.28948" lon="120.75588">
        <ele>361.3</ele>
      </trkpt>
      <trkpt lat="24.28947" lon="120.75592">
        <ele>361.8</ele>
      </trkpt>
      <trkpt lat="24.28946" lon="120.75595">
        <ele>362.1</ele>
      </trkpt>
      <trkpt lat="24.28946" lon="120.75597">
        <ele>362.2</ele>
      </trkpt>
      <trkpt lat="24.28946" lon="120.756">
        <ele>362.4</ele>
      </trkpt>
      <trkpt lat="24.28946" lon="120.75603">
        <ele>362.5</ele>
      </trkpt>
      <trkpt lat="24.28947" lon="120.75606">
        <ele>362.4</ele>
      </trkpt>
      <trkpt lat="24.28948" lon="120.75609">
        <ele>362.3</ele>
      </trkpt>
      <trkpt lat="24.28951" lon="120.75614">
        <ele>361.9</ele>
      </trkpt>
      <trkpt lat="24.28957" lon="120.75622">
        <ele>361.1</ele>
      </trkpt>
      <trkpt lat="24.28958" lon="120.75625">
        <ele>361.1</ele>
      </trkpt>
      <trkpt lat="24.28959" lon="120.75626">
        <ele>360.9</ele>
      </trkpt>
      <trkpt lat="24.28959" lon="120.75627">
        <ele>361.0</ele>
      </trkpt>
      <trkpt lat="24.2896" lon="120.75627">
        <ele>360.8</ele>
      </trkpt>
      <trkpt lat="24.2896" lon="120.75628">
        <ele>360.8</ele>
      </trkpt>
      <trkpt lat="24.28959" lon="120.75628">
        <ele>361.0</ele>
      </trkpt>
      <trkpt lat="24.28959" lon="120.7563">
        <ele>361.2</ele>
      </trkpt>
      <trkpt lat="24.28959" lon="120.75632">
        <ele>361.3</ele>
      </trkpt>
      <trkpt lat="24.28957" lon="120.75637">
        <ele>362.0</ele>
      </trkpt>
      <trkpt lat="24.28954" lon="120.75641">
        <ele>362.8</ele>
      </trkpt>
      <trkpt lat="24.28951" lon="120.75645">
        <ele>363.5</ele>
      </trkpt>
      <trkpt lat="24.28946" lon="120.75651">
        <ele>364.7</ele>
      </trkpt>
      <trkpt lat="24.28937" lon="120.75662">
        <ele>366.7</ele>
      </trkpt>
      <trkpt lat="24.28931" lon="120.75669">
        <ele>367.9</ele>
      </trkpt>
      <trkpt lat="24.28926" lon="120.75677">
        <ele>369.1</ele>
      </trkpt>
      <trkpt lat="24.2892" lon="120.75686">
        <ele>370.0</ele>
      </trkpt>
      <trkpt lat="24.28916" lon="120.7569">
        <ele>370.2</ele>
      </trkpt>
      <trkpt lat="24.28916" lon="120.7569">
        <ele>370.2</ele>
      </trkpt>
      <trkpt lat="24.28913" lon="120.75694">
        <ele>369.6</ele>
      </trkpt>
      <trkpt lat="24.28911" lon="120.75696">
        <ele>369.3</ele>
      </trkpt>
      <trkpt lat="24.28909" lon="120.75696">
        <ele>368.9</ele>
      </trkpt>
      <trkpt lat="24.28907" lon="120.75697">
        <ele>368.5</ele>
      </trkpt>
      <trkpt lat="24.28905" lon="120.75697">
        <ele>368.1</ele>
      </trkpt>
      <trkpt lat="24.28901" lon="120.75698">
        <ele>367.3</ele>
      </trkpt>
      <trkpt lat="24.28899" lon="120.75698">
        <ele>366.9</ele>
      </trkpt>
      <trkpt lat="24.28897" lon="120.75698">
        <ele>366.5</ele>
      </trkpt>
      <trkpt lat="24.28892" lon="120.75696">
        <ele>365.6</ele>
      </trkpt>
      <trkpt lat="24.28887" lon="120.75693">
        <ele>364.7</ele>
      </trkpt>
      <trkpt lat="24.28884" lon="120.75691">
        <ele>364.1</ele>
      </trkpt>
      <trkpt lat="24.28882" lon="120.75688">
        <ele>363.8</ele>
      </trkpt>
      <trkpt lat="24.28878" lon="120.75684">
        <ele>363.1</ele>
      </trkpt>
      <trkpt lat="24.28875" lon="120.75679">
        <ele>362.7</ele>
      </trkpt>
      <trkpt lat="24.28871" lon="120.7567">
        <ele>362.2</ele>
      </trkpt>
      <trkpt lat="24.28862" lon="120.75646">
        <ele>362.2</ele>
      </trkpt>
      <trkpt lat="24.28858" lon="120.75634">
        <ele>362.5</ele>
      </trkpt>
      <trkpt lat="24.28855" lon="120.75625">
        <ele>362.8</ele>
      </trkpt>
      <trkpt lat="24.28852" lon="120.75619">
        <ele>363.0</ele>
      </trkpt>
      <trkpt lat="24.28849" lon="120.75611">
        <ele>363.4</ele>
      </trkpt>
      <trkpt lat="24.28843" lon="120.75602">
        <ele>363.7</ele>
      </trkpt>
      <trkpt lat="24.28838" lon="120.75594">
        <ele>364.1</ele>
      </trkpt>
      <trkpt lat="24.28834" lon="120.75588">
        <ele>364.5</ele>
      </trkpt>
      <trkpt lat="24.28832" lon="120.75586">
        <ele>364.3</ele>
      </trkpt>
      <trkpt lat="24.2883" lon="120.75583">
        <ele>364.2</ele>
      </trkpt>
      <trkpt lat="24.28827" lon="120.7558">
        <ele>364.0</ele>
      </trkpt>
      <trkpt lat="24.28806" lon="120.75563">
        <ele>362.6</ele>
      </trkpt>
      <trkpt lat="24.28799" lon="120.75557">
        <ele>362.6</ele>
      </trkpt>
      <trkpt lat="24.28793" lon="120.75551">
        <ele>362.9</ele>
      </trkpt>
      <trkpt lat="24.28787" lon="120.75547">
        <ele>362.8</ele>
      </trkpt>
      <trkpt lat="24.28779" lon="120.75543">
        <ele>362.3</ele>
      </trkpt>
      <trkpt lat="24.28765" lon="120.75538">
        <ele>361.2</ele>
      </trkpt>
      <trkpt lat="24.28751" lon="120.75532">
        <ele>360.7</ele>
      </trkpt>
      <trkpt lat="24.28744" lon="120.75529">
        <ele>360.7</ele>
      </trkpt>
      <trkpt lat="24.28741" lon="120.75527">
        <ele>360.9</ele>
      </trkpt>
      <trkpt lat="24.28731" lon="120.75526">
        <ele>359.8</ele>
      </trkpt>
      <trkpt lat="24.28727" lon="120.75526">
        <ele>359.2</ele>
      </trkpt>
      <trkpt lat="24.28722" lon="120.75527">
        <ele>358.1</ele>
      </trkpt>
      <trkpt lat="24.28717" lon="120.75527">
        <ele>357.4</ele>
      </trkpt>
      <trkpt lat="24.28711" lon="120.75527">
        <ele>356.5</ele>
      </trkpt>
      <trkpt lat="24.28708" lon="120.75527">
        <ele>356.0</ele>
      </trkpt>
      <trkpt lat="24.28706" lon="120.75526">
        <ele>356.0</ele>
      </trkpt>
      <trkpt lat="24.28702" lon="120.75524">
        <ele>356.0</ele>
      </trkpt>
      <trkpt lat="24.28699" lon="120.75523">
        <ele>355.8</ele>
      </trkpt>
      <trkpt lat="24.28691" lon="120.7552">
        <ele>355.3</ele>
      </trkpt>
      <trkpt lat="24.28684" lon="120.75518">
        <ele>354.7</ele>
      </trkpt>
      <trkpt lat="24.28682" lon="120.75518">
        <ele>354.4</ele>
      </trkpt>
      <trkpt lat="24.28679" lon="120.75518">
        <ele>353.9</ele>
      </trkpt>
      <trkpt lat="24.28677" lon="120.75518">
        <ele>353.6</ele>
      </trkpt>
      <trkpt lat="24.28674" lon="120.75518">
        <ele>353.1</ele>
      </trkpt>
      <trkpt lat="24.28671" lon="120.75519">
        <ele>352.4</ele>
      </trkpt>
      <trkpt lat="24.28666" lon="120.75522">
        <ele>350.8</ele>
      </trkpt>
      <trkpt lat="24.28662" lon="120.75527">
        <ele>348.6</ele>
      </trkpt>
      <trkpt lat="24.28658" lon="120.75533">
        <ele>346.1</ele>
      </trkpt>
      <trkpt lat="24.28652" lon="120.75542">
        <ele>342.6</ele>
      </trkpt>
      <trkpt lat="24.2865" lon="120.75547">
        <ele>340.9</ele>
      </trkpt>
      <trkpt lat="24.28648" lon="120.75549">
        <ele>340.0</ele>
      </trkpt>
      <trkpt lat="24.28646" lon="120.75551">
        <ele>339.0</ele>
      </trkpt>
      <trkpt lat="24.28644" lon="120.75551">
        <ele>338.5</ele>
      </trkpt>
      <trkpt lat="24.28643" lon="120.75552">
        <ele>338.0</ele>
      </trkpt>
      <trkpt lat="24.28641" lon="120.75552">
        <ele>337.5</ele>
      </trkpt>
      <trkpt lat="24.28639" lon="120.75552">
        <ele>337.0</ele>
      </trkpt>
      <trkpt lat="24.28637" lon="120.75552">
        <ele>336.5</ele>
      </trkpt>
      <trkpt lat="24.28635" lon="120.75551">
        <ele>336.2</ele>
      </trkpt>
      <trkpt lat="24.28632" lon="120.7555">
        <ele>335.6</ele>
      </trkpt>
      <trkpt lat="24.28627" lon="120.75544">
        <ele>335.6</ele>
      </trkpt>
      <trkpt lat="24.28625" lon="120.75541">
        <ele>335.6</ele>
      </trkpt>
      <trkpt lat="24.28623" lon="120.75537">
        <ele>335.9</ele>
      </trkpt>
      <trkpt lat="24.28621" lon="120.75533">
        <ele>336.2</ele>
      </trkpt>
      <trkpt lat="24.28619" lon="120.75529">
        <ele>336.5</ele>
      </trkpt>
      <trkpt lat="24.28618" lon="120.75523">
        <ele>337.4</ele>
      </trkpt>
      <trkpt lat="24.28617" lon="120.7552">
        <ele>337.7</ele>
      </trkpt>
      <trkpt lat="24.28617" lon="120.75518">
        <ele>338.1</ele>
      </trkpt>
      <trkpt lat="24.28615" lon="120.7551">
        <ele>339.1</ele>
      </trkpt>
      <trkpt lat="24.28614" lon="120.75504">
        <ele>340.0</ele>
      </trkpt>
      <trkpt lat="24.28613" lon="120.75501">
        <ele>340.4</ele>
      </trkpt>
      <trkpt lat="24.28613" lon="120.75498">
        <ele>340.7</ele>
      </trkpt>
      <trkpt lat="24.28608" lon="120.75488">
        <ele>340.2</ele>
      </trkpt>
      <trkpt lat="24.28603" lon="120.75478">
        <ele>339.5</ele>
      </trkpt>
      <trkpt lat="24.28598" lon="120.75469">
        <ele>338.6</ele>
      </trkpt>
      <trkpt lat="24.28597" lon="120.75463">
        <ele>338.7</ele>
      </trkpt>
      <trkpt lat="24.28596" lon="120.75459">
        <ele>338.7</ele>
      </trkpt>
      <trkpt lat="24.28595" lon="120.75456">
        <ele>338.6</ele>
      </trkpt>
      <trkpt lat="24.28595" lon="120.75451">
        <ele>339.0</ele>
      </trkpt>
      <trkpt lat="24.28596" lon="120.75447">
        <ele>339.6</ele>
      </trkpt>
      <trkpt lat="24.28596" lon="120.75445">
        <ele>339.8</ele>
      </trkpt>
      <trkpt lat="24.28597" lon="120.75441">
        <ele>340.4</ele>
      </trkpt>
      <trkpt lat="24.286" lon="120.7543">
        <ele>342.4</ele>
      </trkpt>
      <trkpt lat="24.28604" lon="120.7542">
        <ele>344.7</ele>
      </trkpt>
      <trkpt lat="24.28605" lon="120.75417">
        <ele>345.3</ele>
      </trkpt>
      <trkpt lat="24.28606" lon="120.75413">
        <ele>346.1</ele>
      </trkpt>
      <trkpt lat="24.28607" lon="120.7541">
        <ele>346.9</ele>
      </trkpt>
      <trkpt lat="24.28608" lon="120.75408">
        <ele>347.5</ele>
      </trkpt>
      <trkpt lat="24.2861" lon="120.75405">
        <ele>348.6</ele>
      </trkpt>
      <trkpt lat="24.28612" lon="120.75403">
        <ele>349.6</ele>
      </trkpt>
      <trkpt lat="24.28616" lon="120.75399">
        <ele>351.6</ele>
      </trkpt>
      <trkpt lat="24.28621" lon="120.75394">
        <ele>354.1</ele>
      </trkpt>
      <trkpt lat="24.28623" lon="120.7539">
        <ele>355.3</ele>
      </trkpt>
      <trkpt lat="24.28625" lon="120.75387">
        <ele>356.4</ele>
      </trkpt>
      <trkpt lat="24.28625" lon="120.75386">
        <ele>356.5</ele>
      </trkpt>
      <trkpt lat="24.28626" lon="120.75385">
        <ele>357.0</ele>
      </trkpt>
      <trkpt lat="24.28627" lon="120.75382">
        <ele>357.7</ele>
      </trkpt>
      <trkpt lat="24.28627" lon="120.7538">
        <ele>357.9</ele>
      </trkpt>
      <trkpt lat="24.28626" lon="120.75377">
        <ele>357.9</ele>
      </trkpt>
      <trkpt lat="24.28607" lon="120.75361">
        <ele>352.6</ele>
      </trkpt>
      <trkpt lat="24.28606" lon="120.7536">
        <ele>352.3</ele>
      </trkpt>
      <trkpt lat="24.28601" lon="120.75356">
        <ele>350.9</ele>
      </trkpt>
      <trkpt lat="24.28598" lon="120.75354">
        <ele>350.0</ele>
      </trkpt>
      <trkpt lat="24.28597" lon="120.75353">
        <ele>349.8</ele>
      </trkpt>
      <trkpt lat="24.28596" lon="120.75352">
        <ele>349.5</ele>
      </trkpt>
      <trkpt lat="24.28595" lon="120.75352">
        <ele>349.1</ele>
      </trkpt>
      <trkpt lat="24.28594" lon="120.75352">
        <ele>348.8</ele>
      </trkpt>
      <trkpt lat="24.28592" lon="120.75352">
        <ele>348.0</ele>
      </trkpt>
      <trkpt lat="24.28591" lon="120.75352">
        <ele>347.6</ele>
      </trkpt>
      <trkpt lat="24.2859" lon="120.75352">
        <ele>347.3</ele>
      </trkpt>
      <trkpt lat="24.28589" lon="120.75353">
        <ele>346.8</ele>
      </trkpt>
      <trkpt lat="24.28588" lon="120.75353">
        <ele>346.4</ele>
      </trkpt>
      <trkpt lat="24.28587" lon="120.75354">
        <ele>345.9</ele>
      </trkpt>
      <trkpt lat="24.28587" lon="120.75355">
        <ele>345.8</ele>
      </trkpt>
      <trkpt lat="24.28586" lon="120.75357">
        <ele>345.2</ele>
      </trkpt>
      <trkpt lat="24.28586" lon="120.75358">
        <ele>345.0</ele>
      </trkpt>
      <trkpt lat="24.28586" lon="120.7536">
        <ele>344.8</ele>
      </trkpt>
      <trkpt lat="24.28586" lon="120.75363">
        <ele>344.4</ele>
      </trkpt>
      <trkpt lat="24.28587" lon="120.75367">
        <ele>344.3</ele>
      </trkpt>
      <trkpt lat="24.28588" lon="120.75375">
        <ele>343.8</ele>
      </trkpt>
      <trkpt lat="24.2859" lon="120.75382">
        <ele>343.7</ele>
      </trkpt>
      <trkpt lat="24.28591" lon="120.75387">
        <ele>343.5</ele>
      </trkpt>
      <trkpt lat="24.28591" lon="120.7539">
        <ele>343.1</ele>
      </trkpt>
      <trkpt lat="24.28591" lon="120.75396">
        <ele>342.4</ele>
      </trkpt>
      <trkpt lat="24.28591" lon="120.75401">
        <ele>341.8</ele>
      </trkpt>
      <trkpt lat="24.28591" lon="120.75405">
        <ele>341.3</ele>
      </trkpt>
      <trkpt lat="24.28591" lon="120.75406">
        <ele>341.2</ele>
      </trkpt>
      <trkpt lat="24.2859" lon="120.75407">
        <ele>340.7</ele>
      </trkpt>
      <trkpt lat="24.2859" lon="120.75409">
        <ele>340.5</ele>
      </trkpt>
      <trkpt lat="24.28588" lon="120.75413">
        <ele>339.2</ele>
      </trkpt>
      <trkpt lat="24.28583" lon="120.75425">
        <ele>336.4</ele>
      </trkpt>
      <trkpt lat="24.28574" lon="120.75442">
        <ele>331.1</ele>
      </trkpt>
      <trkpt lat="24.28569" lon="120.75456">
        <ele>327.7</ele>
      </trkpt>
      <trkpt lat="24.28568" lon="120.75462">
        <ele>326.8</ele>
      </trkpt>
      <trkpt lat="24.28567" lon="120.75465">
        <ele>326.1</ele>
      </trkpt>
      <trkpt lat="24.28567" lon="120.75468">
        <ele>325.9</ele>
      </trkpt>
      <trkpt lat="24.28567" lon="120.75472">
        <ele>325.6</ele>
      </trkpt>
      <trkpt lat="24.28567" lon="120.75476">
        <ele>325.3</ele>
      </trkpt>
      <trkpt lat="24.28567" lon="120.75478">
        <ele>325.2</ele>
      </trkpt>
      <trkpt lat="24.28568" lon="120.7548">
        <ele>325.5</ele>
      </trkpt>
      <trkpt lat="24.28568" lon="120.75482">
        <ele>325.4</ele>
      </trkpt>
      <trkpt lat="24.28569" lon="120.75485">
        <ele>325.7</ele>
      </trkpt>
      <trkpt lat="24.28572" lon="120.75488">
        <ele>327.0</ele>
      </trkpt>
      <trkpt lat="24.28574" lon="120.75492">
        <ele>327.7</ele>
      </trkpt>
      <trkpt lat="24.28577" lon="120.75496">
        <ele>329.0</ele>
      </trkpt>
      <trkpt lat="24.28579" lon="120.75498">
        <ele>329.9</ele>
      </trkpt>
      <trkpt lat="24.28582" lon="120.75502">
        <ele>331.0</ele>
      </trkpt>
      <trkpt lat="24.28584" lon="120.75507">
        <ele>330.9</ele>
      </trkpt>
      <trkpt lat="24.28585" lon="120.75511">
        <ele>330.5</ele>
      </trkpt>
      <trkpt lat="24.28585" lon="120.75513">
        <ele>330.1</ele>
      </trkpt>
      <trkpt lat="24.28586" lon="120.75516">
        <ele>329.9</ele>
      </trkpt>
      <trkpt lat="24.28587" lon="120.75522">
        <ele>329.1</ele>
      </trkpt>
      <trkpt lat="24.28588" lon="120.75533">
        <ele>327.3</ele>
      </trkpt>
      <trkpt lat="24.28588" lon="120.75539">
        <ele>326.2</ele>
      </trkpt>
      <trkpt lat="24.28589" lon="120.75553">
        <ele>323.9</ele>
      </trkpt>
      <trkpt lat="24.2859" lon="120.75568">
        <ele>321.4</ele>
      </trkpt>
      <trkpt lat="24.28591" lon="120.75572">
        <ele>320.9</ele>
      </trkpt>
      <trkpt lat="24.28591" lon="120.75579">
        <ele>319.6</ele>
      </trkpt>
      <trkpt lat="24.28593" lon="120.75588">
        <ele>318.5</ele>
      </trkpt>
      <trkpt lat="24.28593" lon="120.75592">
        <ele>317.8</ele>
      </trkpt>
      <trkpt lat="24.28596" lon="120.75608">
        <ele>315.6</ele>
      </trkpt>
      <trkpt lat="24.286" lon="120.75628">
        <ele>312.9</ele>
      </trkpt>
      <trkpt lat="24.28605" lon="120.75651">
        <ele>309.8</ele>
      </trkpt>
      <trkpt lat="24.28609" lon="120.75663">
        <ele>308.5</ele>
      </trkpt>
      <trkpt lat="24.28615" lon="120.75674">
        <ele>308.4</ele>
      </trkpt>
      <trkpt lat="24.28622" lon="120.75683">
        <ele>309.0</ele>
      </trkpt>
      <trkpt lat="24.28622" lon="120.75684">
        <ele>308.9</ele>
      </trkpt>
      <trkpt lat="24.28629" lon="120.75695">
        <ele>309.1</ele>
      </trkpt>
      <trkpt lat="24.28632" lon="120.75701">
        <ele>309.0</ele>
      </trkpt>
      <trkpt lat="24.28636" lon="120.75707">
        <ele>309.1</ele>
      </trkpt>
      <trkpt lat="24.2864" lon="120.75714">
        <ele>309.0</ele>
      </trkpt>
      <trkpt lat="24.28641" lon="120.75718">
        <ele>308.7</ele>
      </trkpt>
      <trkpt lat="24.28643" lon="120.75721">
        <ele>308.7</ele>
      </trkpt>
      <trkpt lat="24.28643" lon="120.75723">
        <ele>308.5</ele>
      </trkpt>
      <trkpt lat="24.28644" lon="120.75725">
        <ele>308.4</ele>
      </trkpt>
      <trkpt lat="24.28644" lon="120.75728">
        <ele>308.0</ele>
      </trkpt>
      <trkpt lat="24.28644" lon="120.75729">
        <ele>307.9</ele>
      </trkpt>
      <trkpt lat="24.28644" lon="120.75731">
        <ele>307.6</ele>
      </trkpt>
      <trkpt lat="24.28643" lon="120.75734">
        <ele>307.1</ele>
      </trkpt>
      <trkpt lat="24.28642" lon="120.75736">
        <ele>306.6</ele>
      </trkpt>
      <trkpt lat="24.28641" lon="120.75738">
        <ele>306.2</ele>
      </trkpt>
      <trkpt lat="24.28631" lon="120.75747">
        <ele>303.4</ele>
      </trkpt>
      <trkpt lat="24.2863" lon="120.75748">
        <ele>303.1</ele>
      </trkpt>
      <trkpt lat="24.28626" lon="120.75752">
        <ele>302.0</ele>
      </trkpt>
      <trkpt lat="24.28624" lon="120.75754">
        <ele>301.5</ele>
      </trkpt>
      <trkpt lat="24.28623" lon="120.75755">
        <ele>301.2</ele>
      </trkpt>
      <trkpt lat="24.28623" lon="120.75756">
        <ele>301.1</ele>
      </trkpt>
      <trkpt lat="24.28622" lon="120.75757">
        <ele>300.8</ele>
      </trkpt>
      <trkpt lat="24.28622" lon="120.75758">
        <ele>300.7</ele>
      </trkpt>
      <trkpt lat="24.28622" lon="120.75761">
        <ele>300.5</ele>
      </trkpt>
      <trkpt lat="24.28622" lon="120.7577">
        <ele>299.6</ele>
      </trkpt>
      <trkpt lat="24.28623" lon="120.75781">
        <ele>298.7</ele>
      </trkpt>
      <trkpt lat="24.28622" lon="120.75782">
        <ele>298.5</ele>
      </trkpt>
      <trkpt lat="24.28622" lon="120.75796">
        <ele>297.1</ele>
      </trkpt>
      <trkpt lat="24.28621" lon="120.75801">
        <ele>296.5</ele>
      </trkpt>
      <trkpt lat="24.28618" lon="120.75807">
        <ele>295.5</ele>
      </trkpt>
      <trkpt lat="24.28614" lon="120.75817">
        <ele>293.9</ele>
      </trkpt>
      <trkpt lat="24.28616" lon="120.75833">
        <ele>292.7</ele>
      </trkpt>
      <trkpt lat="24.28621" lon="120.75851">
        <ele>291.8</ele>
      </trkpt>
      <trkpt lat="24.28626" lon="120.75869">
        <ele>290.7</ele>
      </trkpt>
      <trkpt lat="24.28628" lon="120.75874">
        <ele>290.5</ele>
      </trkpt>
      <trkpt lat="24.28637" lon="120.75911">
        <ele>288.0</ele>
      </trkpt>
      <trkpt lat="24.28645" lon="120.75947">
        <ele>289.1</ele>
      </trkpt>
      <trkpt lat="24.28646" lon="120.75955">
        <ele>289.4</ele>
      </trkpt>
      <trkpt lat="24.28647" lon="120.75959">
        <ele>289.6</ele>
      </trkpt>
      <trkpt lat="24.28648" lon="120.75965">
        <ele>289.9</ele>
      </trkpt>
      <trkpt lat="24.28652" lon="120.76006">
        <ele>291.2</ele>
      </trkpt>
      <trkpt lat="24.28652" lon="120.76014">
        <ele>291.5</ele>
      </trkpt>
      <trkpt lat="24.28653" lon="120.76022">
        <ele>291.9</ele>
      </trkpt>
      <trkpt lat="24.28653" lon="120.76033">
        <ele>292.3</ele>
      </trkpt>
      <trkpt lat="24.28651" lon="120.76054">
        <ele>293.0</ele>
      </trkpt>
      <trkpt lat="24.28647" lon="120.76081">
        <ele>293.6</ele>
      </trkpt>
      <trkpt lat="24.28644" lon="120.76102">
        <ele>294.0</ele>
      </trkpt>
      <trkpt lat="24.28632" lon="120.76143">
        <ele>294.0</ele>
      </trkpt>
      <trkpt lat="24.28631" lon="120.76146">
        <ele>294.0</ele>
      </trkpt>
      <trkpt lat="24.2863" lon="120.76148">
        <ele>293.9</ele>
      </trkpt>
      <trkpt lat="24.28629" lon="120.7615">
        <ele>293.9</ele>
      </trkpt>
      <trkpt lat="24.28626" lon="120.76152">
        <ele>293.6</ele>
      </trkpt>
      <trkpt lat="24.28624" lon="120.76153">
        <ele>293.4</ele>
      </trkpt>
      <trkpt lat="24.28622" lon="120.76154">
        <ele>293.2</ele>
      </trkpt>
      <trkpt lat="24.28619" lon="120.76154">
        <ele>292.8</ele>
      </trkpt>
      <trkpt lat="24.28616" lon="120.76154">
        <ele>292.5</ele>
      </trkpt>
      <trkpt lat="24.28613" lon="120.76154">
        <ele>292.1</ele>
      </trkpt>
      <trkpt lat="24.28611" lon="120.76154">
        <ele>291.9</ele>
      </trkpt>
      <trkpt lat="24.28608" lon="120.76154">
        <ele>291.5</ele>
      </trkpt>
      <trkpt lat="24.28604" lon="120.76153">
        <ele>291.0</ele>
      </trkpt>
      <trkpt lat="24.28601" lon="120.76152">
        <ele>290.6</ele>
      </trkpt>
      <trkpt lat="24.28596" lon="120.76149">
        <ele>289.9</ele>
      </trkpt>
      <trkpt lat="24.28581" lon="120.7614">
        <ele>287.8</ele>
      </trkpt>
      <trkpt lat="24.28576" lon="120.76134">
        <ele>287.2</ele>
      </trkpt>
      <trkpt lat="24.28574" lon="120.76132">
        <ele>286.9</ele>
      </trkpt>
      <trkpt lat="24.28573" lon="120.7613">
        <ele>286.7</ele>
      </trkpt>
      <trkpt lat="24.28572" lon="120.76128">
        <ele>286.6</ele>
      </trkpt>
      <trkpt lat="24.28571" lon="120.76126">
        <ele>286.4</ele>
      </trkpt>
      <trkpt lat="24.28571" lon="120.76123">
        <ele>286.3</ele>
      </trkpt>
      <trkpt lat="24.28569" lon="120.7612">
        <ele>286.0</ele>
      </trkpt>
      <trkpt lat="24.28568" lon="120.76116">
        <ele>285.8</ele>
      </trkpt>
      <trkpt lat="24.28566" lon="120.76111">
        <ele>285.5</ele>
      </trkpt>
      <trkpt lat="24.28563" lon="120.76103">
        <ele>284.9</ele>
      </trkpt>
      <trkpt lat="24.28563" lon="120.76102">
        <ele>284.9</ele>
      </trkpt>
      <trkpt lat="24.28561" lon="120.76098">
        <ele>284.6</ele>
      </trkpt>
      <trkpt lat="24.28559" lon="120.76093">
        <ele>284.3</ele>
      </trkpt>
      <trkpt lat="24.28556" lon="120.76088">
        <ele>283.9</ele>
      </trkpt>
      <trkpt lat="24.28553" lon="120.76086">
        <ele>283.5</ele>
      </trkpt>
      <trkpt lat="24.28548" lon="120.76083">
        <ele>283.0</ele>
      </trkpt>
      <trkpt lat="24.28543" lon="120.7608">
        <ele>282.5</ele>
      </trkpt>
      <trkpt lat="24.28537" lon="120.7608">
        <ele>282.0</ele>
      </trkpt>
      <trkpt lat="24.28523" lon="120.76079">
        <ele>280.8</ele>
      </trkpt>
      <trkpt lat="24.28518" lon="120.76079">
        <ele>280.4</ele>
      </trkpt>
      <trkpt lat="24.28507" lon="120.76079">
        <ele>279.4</ele>
      </trkpt>
      <trkpt lat="24.28497" lon="120.76079">
        <ele>278.2</ele>
      </trkpt>
      <trkpt lat="24.28491" lon="120.7608">
        <ele>277.1</ele>
      </trkpt>
      <trkpt lat="24.28486" lon="120.76081">
        <ele>276.2</ele>
      </trkpt>
      <trkpt lat="24.28483" lon="120.76083">
        <ele>275.7</ele>
      </trkpt>
      <trkpt lat="24.2848" lon="120.76085">
        <ele>275.2</ele>
      </trkpt>
      <trkpt lat="24.28476" lon="120.76091">
        <ele>274.6</ele>
      </trkpt>
      <trkpt lat="24.28471" lon="120.76098">
        <ele>273.8</ele>
      </trkpt>
      <trkpt lat="24.28463" lon="120.76112">
        <ele>272.6</ele>
      </trkpt>
      <trkpt lat="24.2846" lon="120.7612">
        <ele>272.2</ele>
      </trkpt>
      <trkpt lat="24.28458" lon="120.76126">
        <ele>272.0</ele>
      </trkpt>
      <trkpt lat="24.28457" lon="120.76131">
        <ele>271.9</ele>
      </trkpt>
      <trkpt lat="24.28457" lon="120.76134">
        <ele>272.0</ele>
      </trkpt>
      <trkpt lat="24.28457" lon="120.76136">
        <ele>272.0</ele>
      </trkpt>
      <trkpt lat="24.28457" lon="120.76143">
        <ele>272.2</ele>
      </trkpt>
      <trkpt lat="24.28458" lon="120.7615">
        <ele>272.5</ele>
      </trkpt>
      <trkpt lat="24.28459" lon="120.76153">
        <ele>272.8</ele>
      </trkpt>
      <trkpt lat="24.28461" lon="120.76164">
        <ele>273.5</ele>
      </trkpt>
      <trkpt lat="24.2847" lon="120.76192">
        <ele>274.1</ele>
      </trkpt>
      <trkpt lat="24.28474" lon="120.76208">
        <ele>274.0</ele>
      </trkpt>
      <trkpt lat="24.28476" lon="120.76219">
        <ele>273.8</ele>
      </trkpt>
      <trkpt lat="24.28479" lon="120.76251">
        <ele>272.8</ele>
      </trkpt>
      <trkpt lat="24.2848" lon="120.76268">
        <ele>273.4</ele>
      </trkpt>
      <trkpt lat="24.2848" lon="120.7628">
        <ele>273.8</ele>
      </trkpt>
      <trkpt lat="24.2848" lon="120.76282">
        <ele>273.9</ele>
      </trkpt>
      <trkpt lat="24.28479" lon="120.76288">
        <ele>273.9</ele>
      </trkpt>
      <trkpt lat="24.28478" lon="120.76296">
        <ele>273.9</ele>
      </trkpt>
      <trkpt lat="24.28477" lon="120.76303">
        <ele>274.0</ele>
      </trkpt>
      <trkpt lat="24.28475" lon="120.76313">
        <ele>273.9</ele>
      </trkpt>
      <trkpt lat="24.28474" lon="120.76318">
        <ele>273.9</ele>
      </trkpt>
      <trkpt lat="24.28473" lon="120.76327">
        <ele>274.0</ele>
      </trkpt>
      <trkpt lat="24.28473" lon="120.7633">
        <ele>274.0</ele>
      </trkpt>
      <trkpt lat="24.28473" lon="120.76334">
        <ele>274.2</ele>
      </trkpt>
      <trkpt lat="24.28472" lon="120.7634">
        <ele>274.6</ele>
      </trkpt>
      <trkpt lat="24.28472" lon="120.76346">
        <ele>275.2</ele>
      </trkpt>
      <trkpt lat="24.28471" lon="120.76352">
        <ele>275.6</ele>
      </trkpt>
      <trkpt lat="24.28471" lon="120.76355">
        <ele>275.8</ele>
      </trkpt>
      <trkpt lat="24.2847" lon="120.76358">
        <ele>275.9</ele>
      </trkpt>
      <trkpt lat="24.2847" lon="120.76361">
        <ele>276.2</ele>
      </trkpt>
      <trkpt lat="24.28469" lon="120.76363">
        <ele>276.2</ele>
      </trkpt>
      <trkpt lat="24.28469" lon="120.76366">
        <ele>276.5</ele>
      </trkpt>
      <trkpt lat="24.28468" lon="120.76369">
        <ele>276.5</ele>
      </trkpt>
      <trkpt lat="24.28467" lon="120.76371">
        <ele>276.5</ele>
      </trkpt>
      <trkpt lat="24.28467" lon="120.76373">
        <ele>276.7</ele>
      </trkpt>
      <trkpt lat="24.28448" lon="120.76429">
        <ele>275.9</ele>
      </trkpt>
      <trkpt lat="24.2844" lon="120.76452">
        <ele>274.1</ele>
      </trkpt>
      <trkpt lat="24.28439" lon="120.76456">
        <ele>273.9</ele>
      </trkpt>
      <trkpt lat="24.28438" lon="120.76459">
        <ele>273.6</ele>
      </trkpt>
      <trkpt lat="24.28438" lon="120.76463">
        <ele>273.7</ele>
      </trkpt>
      <trkpt lat="24.28438" lon="120.76467">
        <ele>273.7</ele>
      </trkpt>
      <trkpt lat="24.28439" lon="120.76483">
        <ele>274.0</ele>
      </trkpt>
      <trkpt lat="24.2844" lon="120.76497">
        <ele>274.3</ele>
      </trkpt>
      <trkpt lat="24.2844" lon="120.76509">
        <ele>275.4</ele>
      </trkpt>
      <trkpt lat="24.2844" lon="120.76536">
        <ele>278.7</ele>
      </trkpt>
      <trkpt lat="24.2844" lon="120.76542">
        <ele>279.4</ele>
      </trkpt>
      <trkpt lat="24.2844" lon="120.7655">
        <ele>280.3</ele>
      </trkpt>
      <trkpt lat="24.28439" lon="120.76555">
        <ele>280.8</ele>
      </trkpt>
      <trkpt lat="24.28439" lon="120.76556">
        <ele>280.9</ele>
      </trkpt>
      <trkpt lat="24.28439" lon="120.76558">
        <ele>281.1</ele>
      </trkpt>
      <trkpt lat="24.28438" lon="120.76561">
        <ele>281.3</ele>
      </trkpt>
      <trkpt lat="24.28437" lon="120.76566">
        <ele>281.8</ele>
      </trkpt>
      <trkpt lat="24.28435" lon="120.76569">
        <ele>281.8</ele>
      </trkpt>
      <trkpt lat="24.28426" lon="120.76593">
        <ele>283.2</ele>
      </trkpt>
      <trkpt lat="24.28425" lon="120.76595">
        <ele>283.2</ele>
      </trkpt>
      <trkpt lat="24.28422" lon="120.76604">
        <ele>283.7</ele>
      </trkpt>
      <trkpt lat="24.28419" lon="120.76611">
        <ele>283.9</ele>
      </trkpt>
      <trkpt lat="24.28419" lon="120.76612">
        <ele>284.0</ele>
      </trkpt>
      <trkpt lat="24.28416" lon="120.76623">
        <ele>284.7</ele>
      </trkpt>
      <trkpt lat="24.28414" lon="120.7663">
        <ele>284.9</ele>
      </trkpt>
      <trkpt lat="24.28413" lon="120.76633">
        <ele>285.0</ele>
      </trkpt>
      <trkpt lat="24.28411" lon="120.7664">
        <ele>285.2</ele>
      </trkpt>
      <trkpt lat="24.28409" lon="120.76655">
        <ele>286.1</ele>
      </trkpt>
      <trkpt lat="24.28408" lon="120.76662">
        <ele>286.5</ele>
      </trkpt>
      <trkpt lat="24.28408" lon="120.7667">
        <ele>286.9</ele>
      </trkpt>
      <trkpt lat="24.28407" lon="120.76686">
        <ele>286.6</ele>
      </trkpt>
      <trkpt lat="24.28407" lon="120.76706">
        <ele>286.5</ele>
      </trkpt>
      <trkpt lat="24.28406" lon="120.76752">
        <ele>286.3</ele>
      </trkpt>
      <trkpt lat="24.28408" lon="120.76762">
        <ele>287.1</ele>
      </trkpt>
      <trkpt lat="24.2841" lon="120.76772">
        <ele>287.9</ele>
      </trkpt>
      <trkpt lat="24.28411" lon="120.76776">
        <ele>288.2</ele>
      </trkpt>
      <trkpt lat="24.28411" lon="120.7678">
        <ele>288.4</ele>
      </trkpt>
      <trkpt lat="24.2841" lon="120.76783">
        <ele>288.3</ele>
      </trkpt>
      <trkpt lat="24.28409" lon="120.76787">
        <ele>288.3</ele>
      </trkpt>
      <trkpt lat="24.28407" lon="120.76793">
        <ele>288.2</ele>
      </trkpt>
      <trkpt lat="24.28406" lon="120.76797">
        <ele>288.2</ele>
      </trkpt>
      <trkpt lat="24.28404" lon="120.768">
        <ele>287.9</ele>
      </trkpt>
      <trkpt lat="24.28403" lon="120.76804">
        <ele>287.9</ele>
      </trkpt>
      <trkpt lat="24.28401" lon="120.76807">
        <ele>287.6</ele>
      </trkpt>
      <trkpt lat="24.28401" lon="120.76809">
        <ele>287.7</ele>
      </trkpt>
      <trkpt lat="24.284" lon="120.76812">
        <ele>287.6</ele>
      </trkpt>
      <trkpt lat="24.28399" lon="120.76814">
        <ele>287.5</ele>
      </trkpt>
      <trkpt lat="24.28396" lon="120.76821">
        <ele>287.1</ele>
      </trkpt>
      <trkpt lat="24.28395" lon="120.76825">
        <ele>287.0</ele>
      </trkpt>
      <trkpt lat="24.28395" lon="120.76829">
        <ele>287.2</ele>
      </trkpt>
      <trkpt lat="24.28395" lon="120.76832">
        <ele>287.3</ele>
      </trkpt>
      <trkpt lat="24.28395" lon="120.76835">
        <ele>287.4</ele>
      </trkpt>
      <trkpt lat="24.28395" lon="120.76839">
        <ele>287.6</ele>
      </trkpt>
      <trkpt lat="24.28395" lon="120.76841">
        <ele>287.7</ele>
      </trkpt>
      <trkpt lat="24.28396" lon="120.76844">
        <ele>288.1</ele>
      </trkpt>
      <trkpt lat="24.28396" lon="120.76846">
        <ele>288.2</ele>
      </trkpt>
      <trkpt lat="24.28397" lon="120.76848">
        <ele>288.5</ele>
      </trkpt>
      <trkpt lat="24.28398" lon="120.76849">
        <ele>288.8</ele>
      </trkpt>
      <trkpt lat="24.28399" lon="120.76851">
        <ele>289.1</ele>
      </trkpt>
      <trkpt lat="24.28401" lon="120.76855">
        <ele>289.8</ele>
      </trkpt>
      <trkpt lat="24.28402" lon="120.76857">
        <ele>290.1</ele>
      </trkpt>
      <trkpt lat="24.28414" lon="120.76869">
        <ele>293.2</ele>
      </trkpt>
      <trkpt lat="24.28417" lon="120.76873">
        <ele>294.0</ele>
      </trkpt>
      <trkpt lat="24.28434" lon="120.76905">
        <ele>301.2</ele>
      </trkpt>
      <trkpt lat="24.28446" lon="120.76938">
        <ele>303.8</ele>
      </trkpt>
      <trkpt lat="24.28468" lon="120.76987">
        <ele>304.4</ele>
      </trkpt>
      <trkpt lat="24.28477" lon="120.77008">
        <ele>304.2</ele>
      </trkpt>
      <trkpt lat="24.28492" lon="120.77053">
        <ele>304.0</ele>
      </trkpt>
      <trkpt lat="24.285" lon="120.77074">
        <ele>303.8</ele>
      </trkpt>
      <trkpt lat="24.28503" lon="120.7708">
        <ele>304.1</ele>
      </trkpt>
      <trkpt lat="24.28507" lon="120.77084">
        <ele>304.7</ele>
      </trkpt>
      <trkpt lat="24.2851" lon="120.77086">
        <ele>305.2</ele>
      </trkpt>
      <trkpt lat="24.28516" lon="120.77091">
        <ele>305.8</ele>
      </trkpt>
      <trkpt lat="24.2852" lon="120.77095">
        <ele>306.1</ele>
      </trkpt>
      <trkpt lat="24.28524" lon="120.77099">
        <ele>306.3</ele>
      </trkpt>
      <trkpt lat="24.28525" lon="120.771">
        <ele>306.3</ele>
      </trkpt>
      <trkpt lat="24.28526" lon="120.77101">
        <ele>306.4</ele>
      </trkpt>
      <trkpt lat="24.2853" lon="120.77104">
        <ele>306.7</ele>
      </trkpt>
      <trkpt lat="24.28557" lon="120.77128">
        <ele>307.0</ele>
      </trkpt>
      <trkpt lat="24.28558" lon="120.77129">
        <ele>307.0</ele>
      </trkpt>
      <trkpt lat="24.28564" lon="120.77136">
        <ele>306.3</ele>
      </trkpt>
      <trkpt lat="24.2857" lon="120.77143">
        <ele>305.6</ele>
      </trkpt>
      <trkpt lat="24.28572" lon="120.77145">
        <ele>305.4</ele>
      </trkpt>
      <trkpt lat="24.28583" lon="120.77157">
        <ele>303.7</ele>
      </trkpt>
      <trkpt lat="24.28588" lon="120.77162">
        <ele>304.3</ele>
      </trkpt>
      <trkpt lat="24.2859" lon="120.77165">
        <ele>304.2</ele>
      </trkpt>
      <trkpt lat="24.28592" lon="120.77167">
        <ele>304.5</ele>
      </trkpt>
      <trkpt lat="24.28595" lon="120.77171">
        <ele>305.1</ele>
      </trkpt>
      <trkpt lat="24.28598" lon="120.77174">
        <ele>305.8</ele>
      </trkpt>
      <trkpt lat="24.286" lon="120.77178">
        <ele>305.9</ele>
      </trkpt>
      <trkpt lat="24.28603" lon="120.77182">
        <ele>306.5</ele>
      </trkpt>
      <trkpt lat="24.28606" lon="120.77189">
        <ele>306.5</ele>
      </trkpt>
      <trkpt lat="24.28609" lon="120.77194">
        <ele>306.8</ele>
      </trkpt>
      <trkpt lat="24.2861" lon="120.77199">
        <ele>306.3</ele>
      </trkpt>
      <trkpt lat="24.28611" lon="120.77203">
        <ele>306.0</ele>
      </trkpt>
      <trkpt lat="24.28613" lon="120.77212">
        <ele>305.3</ele>
      </trkpt>
      <trkpt lat="24.28615" lon="120.77221">
        <ele>304.5</ele>
      </trkpt>
      <trkpt lat="24.28615" lon="120.77224">
        <ele>303.9</ele>
      </trkpt>
      <trkpt lat="24.28615" lon="120.77227">
        <ele>303.4</ele>
      </trkpt>
      <trkpt lat="24.28616" lon="120.77236">
        <ele>302.2</ele>
      </trkpt>
      <trkpt lat="24.28616" lon="120.77239">
        <ele>301.7</ele>
      </trkpt>
      <trkpt lat="24.28616" lon="120.77242">
        <ele>301.2</ele>
      </trkpt>
      <trkpt lat="24.28616" lon="120.77243">
        <ele>301.0</ele>
      </trkpt>
      <trkpt lat="24.28617" lon="120.77254">
        <ele>299.5</ele>
      </trkpt>
      <trkpt lat="24.28619" lon="120.77278">
        <ele>296.6</ele>
      </trkpt>
      <trkpt lat="24.2862" lon="120.77285">
        <ele>295.8</ele>
      </trkpt>
      <trkpt lat="24.28621" lon="120.77289">
        <ele>295.5</ele>
      </trkpt>
      <trkpt lat="24.28622" lon="120.77293">
        <ele>295.2</ele>
      </trkpt>
      <trkpt lat="24.28623" lon="120.77297">
        <ele>294.8</ele>
      </trkpt>
      <trkpt lat="24.28623" lon="120.77299">
        <ele>294.5</ele>
      </trkpt>
      <trkpt lat="24.28624" lon="120.773">
        <ele>294.6</ele>
      </trkpt>
      <trkpt lat="24.28625" lon="120.77302">
        <ele>294.6</ele>
      </trkpt>
      <trkpt lat="24.28627" lon="120.77304">
        <ele>294.8</ele>
      </trkpt>
      <trkpt lat="24.28629" lon="120.77307">
        <ele>294.8</ele>
      </trkpt>
      <trkpt lat="24.28644" lon="120.77321">
        <ele>296.2</ele>
      </trkpt>
      <trkpt lat="24.28646" lon="120.77323">
        <ele>296.3</ele>
      </trkpt>
      <trkpt lat="24.28653" lon="120.77331">
        <ele>296.4</ele>
      </trkpt>
      <trkpt lat="24.28654" lon="120.77334">
        <ele>296.0</ele>
      </trkpt>
      <trkpt lat="24.28659" lon="120.77342">
        <ele>295.8</ele>
      </trkpt>
      <trkpt lat="24.28661" lon="120.77348">
        <ele>295.2</ele>
      </trkpt>
      <trkpt lat="24.28663" lon="120.77353">
        <ele>294.7</ele>
      </trkpt>
      <trkpt lat="24.28665" lon="120.77356">
        <ele>294.6</ele>
      </trkpt>
      <trkpt lat="24.28667" lon="120.77359">
        <ele>294.6</ele>
      </trkpt>
      <trkpt lat="24.2867" lon="120.77363">
        <ele>295.4</ele>
      </trkpt>
      <trkpt lat="24.28679" lon="120.77372">
        <ele>298.5</ele>
      </trkpt>
      <trkpt lat="24.28681" lon="120.77375">
        <ele>299.1</ele>
      </trkpt>
      <trkpt lat="24.28685" lon="120.77379">
        <ele>300.5</ele>
      </trkpt>
      <trkpt lat="24.28688" lon="120.77384">
        <ele>301.3</ele>
      </trkpt>
      <trkpt lat="24.28689" lon="120.77386">
        <ele>301.5</ele>
      </trkpt>
      <trkpt lat="24.2869" lon="120.77386">
        <ele>302.0</ele>
      </trkpt>
      <trkpt lat="24.2869" lon="120.77388">
        <ele>301.7</ele>
      </trkpt>
      <trkpt lat="24.28692" lon="120.7739">
        <ele>302.4</ele>
      </trkpt>
      <trkpt lat="24.28692" lon="120.77391">
        <ele>302.2</ele>
      </trkpt>
      <trkpt lat="24.28693" lon="120.77396">
        <ele>302.0</ele>
      </trkpt>
      <trkpt lat="24.28694" lon="120.77399">
        <ele>302.0</ele>
      </trkpt>
      <trkpt lat="24.28694" lon="120.77406">
        <ele>300.8</ele>
      </trkpt>
      <trkpt lat="24.28694" lon="120.77414">
        <ele>299.5</ele>
      </trkpt>
      <trkpt lat="24.28693" lon="120.77424">
        <ele>298.3</ele>
      </trkpt>
      <trkpt lat="24.28693" lon="120.77428">
        <ele>298.1</ele>
      </trkpt>
      <trkpt lat="24.28689" lon="120.77469">
        <ele>294.6</ele>
      </trkpt>
      <trkpt lat="24.28689" lon="120.77485">
        <ele>294.0</ele>
      </trkpt>
      <trkpt lat="24.28688" lon="120.77505">
        <ele>292.8</ele>
      </trkpt>
      <trkpt lat="24.28688" lon="120.77507">
        <ele>292.7</ele>
      </trkpt>
      <trkpt lat="24.28687" lon="120.77518">
        <ele>291.6</ele>
      </trkpt>
      <trkpt lat="24.28687" lon="120.77523">
        <ele>291.3</ele>
      </trkpt>
      <trkpt lat="24.28687" lon="120.77527">
        <ele>291.1</ele>
      </trkpt>
      <trkpt lat="24.28686" lon="120.77536">
        <ele>290.2</ele>
      </trkpt>
      <trkpt lat="24.28685" lon="120.77555">
        <ele>288.8</ele>
      </trkpt>
      <trkpt lat="24.28684" lon="120.77572">
        <ele>287.6</ele>
      </trkpt>
      <trkpt lat="24.28684" lon="120.7758">
        <ele>287.2</ele>
      </trkpt>
      <trkpt lat="24.28684" lon="120.77587">
        <ele>287.1</ele>
      </trkpt>
      <trkpt lat="24.28684" lon="120.77592">
        <ele>287.1</ele>
      </trkpt>
      <trkpt lat="24.28684" lon="120.77595">
        <ele>287.2</ele>
      </trkpt>
      <trkpt lat="24.28686" lon="120.77605">
        <ele>288.0</ele>
      </trkpt>
      <trkpt lat="24.28686" lon="120.77606">
        <ele>288.0</ele>
      </trkpt>
      <trkpt lat="24.28689" lon="120.77623">
        <ele>289.2</ele>
      </trkpt>
      <trkpt lat="24.28689" lon="120.77624">
        <ele>289.2</ele>
      </trkpt>
      <trkpt lat="24.28692" lon="120.77639">
        <ele>290.3</ele>
      </trkpt>
      <trkpt lat="24.28693" lon="120.77645">
        <ele>290.6</ele>
      </trkpt>
      <trkpt lat="24.28693" lon="120.77651">
        <ele>290.6</ele>
      </trkpt>
      <trkpt lat="24.28693" lon="120.77656">
        <ele>290.6</ele>
      </trkpt>
      <trkpt lat="24.28693" lon="120.77657">
        <ele>290.6</ele>
      </trkpt>
      <trkpt lat="24.28692" lon="120.77661">
        <ele>290.2</ele>
      </trkpt>
      <trkpt lat="24.28691" lon="120.77667">
        <ele>289.9</ele>
      </trkpt>
      <trkpt lat="24.2869" lon="120.77672">
        <ele>289.4</ele>
      </trkpt>
      <trkpt lat="24.28688" lon="120.77677">
        <ele>288.7</ele>
      </trkpt>
      <trkpt lat="24.28686" lon="120.77682">
        <ele>288.0</ele>
      </trkpt>
      <trkpt lat="24.28682" lon="120.7769">
        <ele>286.8</ele>
      </trkpt>
      <trkpt lat="24.28679" lon="120.77696">
        <ele>286.0</ele>
      </trkpt>
      <trkpt lat="24.28678" lon="120.777">
        <ele>285.7</ele>
      </trkpt>
      <trkpt lat="24.28675" lon="120.77708">
        <ele>285.0</ele>
      </trkpt>
      <trkpt lat="24.28674" lon="120.77712">
        <ele>284.8</ele>
      </trkpt>
      <trkpt lat="24.28672" lon="120.77719">
        <ele>284.4</ele>
      </trkpt>
      <trkpt lat="24.2867" lon="120.77724">
        <ele>284.1</ele>
      </trkpt>
      <trkpt lat="24.28668" lon="120.77736">
        <ele>283.9</ele>
      </trkpt>
      <trkpt lat="24.28667" lon="120.77742">
        <ele>283.9</ele>
      </trkpt>
      <trkpt lat="24.2866" lon="120.77755">
        <ele>283.5</ele>
      </trkpt>
      <trkpt lat="24.28654" lon="120.77769">
        <ele>283.2</ele>
      </trkpt>
      <trkpt lat="24.28647" lon="120.77782">
        <ele>282.9</ele>
      </trkpt>
      <trkpt lat="24.28638" lon="120.77795">
        <ele>282.3</ele>
      </trkpt>
      <trkpt lat="24.2863" lon="120.77807">
        <ele>281.8</ele>
      </trkpt>
      <trkpt lat="24.28621" lon="120.77818">
        <ele>281.2</ele>
      </trkpt>
      <trkpt lat="24.28613" lon="120.77828">
        <ele>280.7</ele>
      </trkpt>
      <trkpt lat="24.2861" lon="120.77832">
        <ele>280.5</ele>
      </trkpt>
      <trkpt lat="24.28604" lon="120.7784">
        <ele>280.3</ele>
      </trkpt>
      <trkpt lat="24.286" lon="120.77846">
        <ele>280.2</ele>
      </trkpt>
      <trkpt lat="24.28597" lon="120.77854">
        <ele>280.3</ele>
      </trkpt>
      <trkpt lat="24.28594" lon="120.77861">
        <ele>280.4</ele>
      </trkpt>
      <trkpt lat="24.28584" lon="120.77891">
        <ele>281.5</ele>
      </trkpt>
      <trkpt lat="24.28569" lon="120.77939">
        <ele>282.6</ele>
      </trkpt>
      <trkpt lat="24.28558" lon="120.77973">
        <ele>282.6</ele>
      </trkpt>
      <trkpt lat="24.28557" lon="120.77986">
        <ele>282.8</ele>
      </trkpt>
      <trkpt lat="24.28557" lon="120.77992">
        <ele>282.9</ele>
      </trkpt>
      <trkpt lat="24.28557" lon="120.77993">
        <ele>283.0</ele>
      </trkpt>
      <trkpt lat="24.28557" lon="120.78">
        <ele>283.1</ele>
      </trkpt>
      <trkpt lat="24.28559" lon="120.78004">
        <ele>283.5</ele>
      </trkpt>
      <trkpt lat="24.28561" lon="120.78009">
        <ele>284.0</ele>
      </trkpt>
      <trkpt lat="24.28562" lon="120.78012">
        <ele>284.2</ele>
      </trkpt>
      <trkpt lat="24.28565" lon="120.78016">
        <ele>284.7</ele>
      </trkpt>
      <trkpt lat="24.28571" lon="120.78024">
        <ele>285.7</ele>
      </trkpt>
      <trkpt lat="24.28577" lon="120.78031">
        <ele>286.2</ele>
      </trkpt>
      <trkpt lat="24.28582" lon="120.78038">
        <ele>286.6</ele>
      </trkpt>
      <trkpt lat="24.28584" lon="120.78041">
        <ele>286.8</ele>
      </trkpt>
      <trkpt lat="24.28584" lon="120.78044">
        <ele>287.0</ele>
      </trkpt>
      <trkpt lat="24.28585" lon="120.78046">
        <ele>287.1</ele>
      </trkpt>
      <trkpt lat="24.28584" lon="120.78049">
        <ele>287.3</ele>
      </trkpt>
      <trkpt lat="24.28583" lon="120.78052">
        <ele>287.5</ele>
      </trkpt>
      <trkpt lat="24.28582" lon="120.78057">
        <ele>287.7</ele>
      </trkpt>
      <trkpt lat="24.28578" lon="120.78063">
        <ele>288.1</ele>
      </trkpt>
      <trkpt lat="24.28578" lon="120.78063">
        <ele>288.1</ele>
      </trkpt>
      <trkpt lat="24.28596" lon="120.78095">
        <ele>290.2</ele>
      </trkpt>
      <trkpt lat="24.28603" lon="120.78108">
        <ele>289.6</ele>
      </trkpt>
      <trkpt lat="24.28607" lon="120.78117">
        <ele>289.3</ele>
      </trkpt>
      <trkpt lat="24.2861" lon="120.78127">
        <ele>289.0</ele>
      </trkpt>
      <trkpt lat="24.28611" lon="120.78129">
        <ele>288.9</ele>
      </trkpt>
      <trkpt lat="24.28615" lon="120.78151">
        <ele>288.3</ele>
      </trkpt>
      <trkpt lat="24.28615" lon="120.78167">
        <ele>287.9</ele>
      </trkpt>
      <trkpt lat="24.28619" lon="120.78282">
        <ele>285.1</ele>
      </trkpt>
      <trkpt lat="24.28622" lon="120.78321">
        <ele>285.3</ele>
      </trkpt>
      <trkpt lat="24.28625" lon="120.78355">
        <ele>286.2</ele>
      </trkpt>
      <trkpt lat="24.2863" lon="120.78411">
        <ele>288.5</ele>
      </trkpt>
      <trkpt lat="24.28632" lon="120.78433">
        <ele>290.7</ele>
      </trkpt>
      <trkpt lat="24.28633" lon="120.78445">
        <ele>292.1</ele>
      </trkpt>
      <trkpt lat="24.28633" lon="120.78455">
        <ele>293.1</ele>
      </trkpt>
      <trkpt lat="24.28632" lon="120.78463">
        <ele>293.7</ele>
      </trkpt>
      <trkpt lat="24.28629" lon="120.78484">
        <ele>295.1</ele>
      </trkpt>
      <trkpt lat="24.28628" lon="120.78488">
        <ele>295.2</ele>
      </trkpt>
      <trkpt lat="24.28624" lon="120.78526">
        <ele>296.8</ele>
      </trkpt>
      <trkpt lat="24.28619" lon="120.78566">
        <ele>297.2</ele>
      </trkpt>
      <trkpt lat="24.28619" lon="120.78568">
        <ele>297.3</ele>
      </trkpt>
      <trkpt lat="24.28616" lon="120.78591">
        <ele>297.3</ele>
      </trkpt>
      <trkpt lat="24.28614" lon="120.786">
        <ele>296.9</ele>
      </trkpt>
      <trkpt lat="24.28611" lon="120.78607">
        <ele>296.1</ele>
      </trkpt>
      <trkpt lat="24.28609" lon="120.78613">
        <ele>295.6</ele>
      </trkpt>
      <trkpt lat="24.28606" lon="120.7862">
        <ele>294.9</ele>
      </trkpt>
      <trkpt lat="24.28602" lon="120.78628">
        <ele>293.9</ele>
      </trkpt>
      <trkpt lat="24.28601" lon="120.78632">
        <ele>293.8</ele>
      </trkpt>
      <trkpt lat="24.2859" lon="120.78651">
        <ele>291.1</ele>
      </trkpt>
      <trkpt lat="24.28583" lon="120.78667">
        <ele>290.0</ele>
      </trkpt>
      <trkpt lat="24.2858" lon="120.78675">
        <ele>290.3</ele>
      </trkpt>
      <trkpt lat="24.28574" lon="120.78688">
        <ele>290.5</ele>
      </trkpt>
      <trkpt lat="24.28569" lon="120.78701">
        <ele>290.7</ele>
      </trkpt>
      <trkpt lat="24.28567" lon="120.78707">
        <ele>290.8</ele>
      </trkpt>
      <trkpt lat="24.28565" lon="120.78715">
        <ele>290.9</ele>
      </trkpt>
      <trkpt lat="24.28561" lon="120.78728">
        <ele>291.0</ele>
      </trkpt>
      <trkpt lat="24.28561" lon="120.7873">
        <ele>291.1</ele>
      </trkpt>
      <trkpt lat="24.28556" lon="120.78747">
        <ele>291.0</ele>
      </trkpt>
      <trkpt lat="24.28545" lon="120.78785">
        <ele>289.7</ele>
      </trkpt>
      <trkpt lat="24.28538" lon="120.78813">
        <ele>289.0</ele>
      </trkpt>
      <trkpt lat="24.28536" lon="120.78828">
        <ele>289.0</ele>
      </trkpt>
      <trkpt lat="24.28535" lon="120.78835">
        <ele>288.9</ele>
      </trkpt>
      <trkpt lat="24.28535" lon="120.78843">
        <ele>289.2</ele>
      </trkpt>
      <trkpt lat="24.28533" lon="120.78861">
        <ele>289.3</ele>
      </trkpt>
      <trkpt lat="24.28531" lon="120.78879">
        <ele>289.6</ele>
      </trkpt>
      <trkpt lat="24.28528" lon="120.78908">
        <ele>290.1</ele>
      </trkpt>
      <trkpt lat="24.28526" lon="120.7894">
        <ele>290.5</ele>
      </trkpt>
      <trkpt lat="24.28524" lon="120.78997">
        <ele>291.4</ele>
      </trkpt>
      <trkpt lat="24.28523" lon="120.79003">
        <ele>291.3</ele>
      </trkpt>
      <trkpt lat="24.28524" lon="120.79018">
        <ele>290.8</ele>
      </trkpt>
      <trkpt lat="24.28524" lon="120.79027">
        <ele>290.4</ele>
      </trkpt>
      <trkpt lat="24.28526" lon="120.79053">
        <ele>289.5</ele>
      </trkpt>
      <trkpt lat="24.28528" lon="120.79078">
        <ele>288.6</ele>
      </trkpt>
      <trkpt lat="24.28528" lon="120.79081">
        <ele>288.4</ele>
      </trkpt>
      <trkpt lat="24.28531" lon="120.791">
        <ele>288.5</ele>
      </trkpt>
      <trkpt lat="24.28534" lon="120.79117">
        <ele>288.7</ele>
      </trkpt>
      <trkpt lat="24.28544" lon="120.79175">
        <ele>289.7</ele>
      </trkpt>
      <trkpt lat="24.28546" lon="120.79198">
        <ele>290.2</ele>
      </trkpt>
      <trkpt lat="24.28547" lon="120.79212">
        <ele>290.4</ele>
      </trkpt>
      <trkpt lat="24.28553" lon="120.79316">
        <ele>292.3</ele>
      </trkpt>
      <trkpt lat="24.28558" lon="120.79372">
        <ele>292.8</ele>
      </trkpt>
      <trkpt lat="24.28561" lon="120.79406">
        <ele>292.9</ele>
      </trkpt>
      <trkpt lat="24.28561" lon="120.79409">
        <ele>292.9</ele>
      </trkpt>
      <trkpt lat="24.28565" lon="120.79428">
        <ele>293.3</ele>
      </trkpt>
      <trkpt lat="24.28566" lon="120.79431">
        <ele>293.4</ele>
      </trkpt>
      <trkpt lat="24.28571" lon="120.79452">
        <ele>294.0</ele>
      </trkpt>
      <trkpt lat="24.2858" lon="120.7948">
        <ele>295.2</ele>
      </trkpt>
      <trkpt lat="24.28613" lon="120.79568">
        <ele>295.2</ele>
      </trkpt>
      <trkpt lat="24.28613" lon="120.79568">
        <ele>295.2</ele>
      </trkpt>
      <trkpt lat="24.28624" lon="120.79566">
        <ele>295.6</ele>
      </trkpt>
      <trkpt lat="24.28631" lon="120.79564">
        <ele>295.8</ele>
      </trkpt>
      <trkpt lat="24.28637" lon="120.79564">
        <ele>295.9</ele>
      </trkpt>
      <trkpt lat="24.28644" lon="120.79563">
        <ele>296.1</ele>
      </trkpt>
      <trkpt lat="24.28654" lon="120.79564">
        <ele>296.4</ele>
      </trkpt>
      <trkpt lat="24.28662" lon="120.79565">
        <ele>296.6</ele>
      </trkpt>
      <trkpt lat="24.28674" lon="120.79565">
        <ele>296.9</ele>
      </trkpt>
      <trkpt lat="24.28694" lon="120.79566">
        <ele>297.4</ele>
      </trkpt>
      <trkpt lat="24.28723" lon="120.79568">
        <ele>298.0</ele>
      </trkpt>
      <trkpt lat="24.28752" lon="120.79575">
        <ele>298.7</ele>
      </trkpt>
      <trkpt lat="24.28809" lon="120.79595">
        <ele>307.4</ele>
      </trkpt>
      <trkpt lat="24.2883" lon="120.79602">
        <ele>310.4</ele>
      </trkpt>
      <trkpt lat="24.28853" lon="120.79613">
        <ele>313.2</ele>
      </trkpt>
      <trkpt lat="24.28893" lon="120.79632">
        <ele>317.4</ele>
      </trkpt>
      <trkpt lat="24.28963" lon="120.79654">
        <ele>317.4</ele>
      </trkpt>
      <trkpt lat="24.28977" lon="120.7966">
        <ele>315.7</ele>
      </trkpt>
      <trkpt lat="24.28987" lon="120.79665">
        <ele>314.1</ele>
      </trkpt>
      <trkpt lat="24.28993" lon="120.7967">
        <ele>313.9</ele>
      </trkpt>
      <trkpt lat="24.29007" lon="120.79683">
        <ele>316.0</ele>
      </trkpt>
      <trkpt lat="24.29008" lon="120.79684">
        <ele>316.1</ele>
      </trkpt>
      <trkpt lat="24.29009" lon="120.79685">
        <ele>316.3</ele>
      </trkpt>
      <trkpt lat="24.29011" lon="120.79688">
        <ele>316.8</ele>
      </trkpt>
      <trkpt lat="24.29014" lon="120.79691">
        <ele>317.3</ele>
      </trkpt>
      <trkpt lat="24.29017" lon="120.79696">
        <ele>318.0</ele>
      </trkpt>
      <trkpt lat="24.2902" lon="120.79701">
        <ele>318.8</ele>
      </trkpt>
      <trkpt lat="24.29022" lon="120.79705">
        <ele>319.3</ele>
      </trkpt>
      <trkpt lat="24.29031" lon="120.79721">
        <ele>321.3</ele>
      </trkpt>
      <trkpt lat="24.29053" lon="120.79771">
        <ele>326.0</ele>
      </trkpt>
      <trkpt lat="24.29061" lon="120.79789">
        <ele>327.0</ele>
      </trkpt>
      <trkpt lat="24.29076" lon="120.79825">
        <ele>328.5</ele>
      </trkpt>
      <trkpt lat="24.29084" lon="120.79842">
        <ele>329.8</ele>
      </trkpt>
      <trkpt lat="24.29099" lon="120.79878">
        <ele>335.9</ele>
      </trkpt>
      <trkpt lat="24.29118" lon="120.79921">
        <ele>340.4</ele>
      </trkpt>
      <trkpt lat="24.29133" lon="120.79959">
        <ele>342.3</ele>
      </trkpt>
      <trkpt lat="24.29139" lon="120.7997">
        <ele>342.7</ele>
      </trkpt>
      <trkpt lat="24.29149" lon="120.79989">
        <ele>343.7</ele>
      </trkpt>
      <trkpt lat="24.29156" lon="120.8">
        <ele>344.2</ele>
      </trkpt>
      <trkpt lat="24.29158" lon="120.80003">
        <ele>344.4</ele>
      </trkpt>
      <trkpt lat="24.29168" lon="120.80017">
        <ele>345.7</ele>
      </trkpt>
      <trkpt lat="24.2919" lon="120.8004">
        <ele>350.4</ele>
      </trkpt>
      <trkpt lat="24.29203" lon="120.80054">
        <ele>352.9</ele>
      </trkpt>
      <trkpt lat="24.2922" lon="120.80069">
        <ele>355.5</ele>
      </trkpt>
      <trkpt lat="24.29244" lon="120.80088">
        <ele>358.2</ele>
      </trkpt>
      <trkpt lat="24.29259" lon="120.80101">
        <ele>359.9</ele>
      </trkpt>
      <trkpt lat="24.29274" lon="120.8011">
        <ele>361.6</ele>
      </trkpt>
      <trkpt lat="24.29285" lon="120.80114">
        <ele>362.8</ele>
      </trkpt>
      <trkpt lat="24.29295" lon="120.80118">
        <ele>363.9</ele>
      </trkpt>
      <trkpt lat="24.29301" lon="120.80119">
        <ele>364.4</ele>
      </trkpt>
      <trkpt lat="24.29306" lon="120.8012">
        <ele>364.9</ele>
      </trkpt>
      <trkpt lat="24.29313" lon="120.8012">
        <ele>365.4</ele>
      </trkpt>
      <trkpt lat="24.2932" lon="120.8012">
        <ele>366.0</ele>
      </trkpt>
      <trkpt lat="24.29329" lon="120.80118">
        <ele>366.4</ele>
      </trkpt>
      <trkpt lat="24.29337" lon="120.80117">
        <ele>366.9</ele>
      </trkpt>
      <trkpt lat="24.29356" lon="120.80113">
        <ele>368.1</ele>
      </trkpt>
      <trkpt lat="24.2944" lon="120.80094">
        <ele>372.4</ele>
      </trkpt>
      <trkpt lat="24.29445" lon="120.80093">
        <ele>372.5</ele>
      </trkpt>
      <trkpt lat="24.29452" lon="120.80091">
        <ele>372.6</ele>
      </trkpt>
      <trkpt lat="24.29462" lon="120.8009">
        <ele>372.9</ele>
      </trkpt>
      <trkpt lat="24.29483" lon="120.80088">
        <ele>373.5</ele>
      </trkpt>
      <trkpt lat="24.29496" lon="120.80089">
        <ele>373.9</ele>
      </trkpt>
      <trkpt lat="24.29503" lon="120.80091">
        <ele>373.8</ele>
      </trkpt>
      <trkpt lat="24.2951" lon="120.80094">
        <ele>373.4</ele>
      </trkpt>
      <trkpt lat="24.29515" lon="120.80097">
        <ele>373.1</ele>
      </trkpt>
      <trkpt lat="24.29531" lon="120.80107">
        <ele>371.9</ele>
      </trkpt>
      <trkpt lat="24.29547" lon="120.80116">
        <ele>370.4</ele>
      </trkpt>
      <trkpt lat="24.29562" lon="120.80125">
        <ele>368.8</ele>
      </trkpt>
      <trkpt lat="24.29578" lon="120.80134">
        <ele>366.8</ele>
      </trkpt>
      <trkpt lat="24.29632" lon="120.80165">
        <ele>361.2</ele>
      </trkpt>
      <trkpt lat="24.29632" lon="120.80165">
        <ele>361.2</ele>
      </trkpt>
      <trkpt lat="24.29658" lon="120.80181">
        <ele>360.5</ele>
      </trkpt>
      <trkpt lat="24.29693" lon="120.80202">
        <ele>360.8</ele>
      </trkpt>
      <trkpt lat="24.29742" lon="120.8023">
        <ele>359.0</ele>
      </trkpt>
      <trkpt lat="24.29804" lon="120.80262">
        <ele>353.1</ele>
      </trkpt>
      <trkpt lat="24.29816" lon="120.80267">
        <ele>351.8</ele>
      </trkpt>
      <trkpt lat="24.29826" lon="120.8027">
        <ele>350.6</ele>
      </trkpt>
      <trkpt lat="24.29838" lon="120.8027">
        <ele>349.6</ele>
      </trkpt>
      <trkpt lat="24.2985" lon="120.8027">
        <ele>349.1</ele>
      </trkpt>
      <trkpt lat="24.29868" lon="120.80267">
        <ele>348.5</ele>
      </trkpt>
      <trkpt lat="24.299" lon="120.80259">
        <ele>347.4</ele>
      </trkpt>
      <trkpt lat="24.29902" lon="120.80258">
        <ele>347.4</ele>
      </trkpt>
      <trkpt lat="24.29919" lon="120.80254">
        <ele>346.7</ele>
      </trkpt>
      <trkpt lat="24.29957" lon="120.80246">
        <ele>344.5</ele>
      </trkpt>
      <trkpt lat="24.29979" lon="120.8024">
        <ele>343.9</ele>
      </trkpt>
      <trkpt lat="24.29997" lon="120.80235">
        <ele>343.2</ele>
      </trkpt>
      <trkpt lat="24.30007" lon="120.80231">
        <ele>343.0</ele>
      </trkpt>
      <trkpt lat="24.30016" lon="120.80228">
        <ele>342.6</ele>
      </trkpt>
      <trkpt lat="24.30022" lon="120.80224">
        <ele>342.6</ele>
      </trkpt>
      <trkpt lat="24.3003" lon="120.8022">
        <ele>342.1</ele>
      </trkpt>
      <trkpt lat="24.30038" lon="120.80215">
        <ele>341.5</ele>
      </trkpt>
      <trkpt lat="24.3004" lon="120.80213">
        <ele>341.4</ele>
      </trkpt>
      <trkpt lat="24.3006" lon="120.80197">
        <ele>338.9</ele>
      </trkpt>
      <trkpt lat="24.30097" lon="120.80163">
        <ele>333.5</ele>
      </trkpt>
      <trkpt lat="24.3012" lon="120.80147">
        <ele>334.2</ele>
      </trkpt>
      <trkpt lat="24.30129" lon="120.80142">
        <ele>334.1</ele>
      </trkpt>
      <trkpt lat="24.30138" lon="120.80136">
        <ele>333.7</ele>
      </trkpt>
      <trkpt lat="24.30191" lon="120.80099">
        <ele>331.9</ele>
      </trkpt>
      <trkpt lat="24.30192" lon="120.80098">
        <ele>331.9</ele>
      </trkpt>
      <trkpt lat="24.30238" lon="120.80071">
        <ele>331.5</ele>
      </trkpt>
      <trkpt lat="24.30243" lon="120.80068">
        <ele>331.2</ele>
      </trkpt>
      <trkpt lat="24.30268" lon="120.80052">
        <ele>330.7</ele>
      </trkpt>
      <trkpt lat="24.30284" lon="120.80045">
        <ele>331.3</ele>
      </trkpt>
      <trkpt lat="24.30297" lon="120.8004">
        <ele>331.8</ele>
      </trkpt>
      <trkpt lat="24.30303" lon="120.80039">
        <ele>332.2</ele>
      </trkpt>
      <trkpt lat="24.30308" lon="120.80038">
        <ele>332.6</ele>
      </trkpt>
      <trkpt lat="24.30314" lon="120.80039">
        <ele>333.4</ele>
      </trkpt>
      <trkpt lat="24.30323" lon="120.8004">
        <ele>334.6</ele>
      </trkpt>
      <trkpt lat="24.30332" lon="120.80044">
        <ele>336.3</ele>
      </trkpt>
      <trkpt lat="24.30337" lon="120.80046">
        <ele>336.7</ele>
      </trkpt>
      <trkpt lat="24.30343" lon="120.80049">
        <ele>337.0</ele>
      </trkpt>
      <trkpt lat="24.30355" lon="120.80056">
        <ele>337.8</ele>
      </trkpt>
      <trkpt lat="24.30365" lon="120.80065">
        <ele>338.8</ele>
      </trkpt>
      <trkpt lat="24.30371" lon="120.80072">
        <ele>339.5</ele>
      </trkpt>
      <trkpt lat="24.30379" lon="120.80082">
        <ele>340.5</ele>
      </trkpt>
      <trkpt lat="24.30383" lon="120.80088">
        <ele>340.3</ele>
      </trkpt>
      <trkpt lat="24.30385" lon="120.80092">
        <ele>340.0</ele>
      </trkpt>
      <trkpt lat="24.3039" lon="120.80104">
        <ele>339.0</ele>
      </trkpt>
      <trkpt lat="24.30394" lon="120.80118">
        <ele>337.8</ele>
      </trkpt>
      <trkpt lat="24.30397" lon="120.80143">
        <ele>335.8</ele>
      </trkpt>
      <trkpt lat="24.30395" lon="120.8016">
        <ele>335.3</ele>
      </trkpt>
      <trkpt lat="24.30392" lon="120.80172">
        <ele>335.3</ele>
      </trkpt>
      <trkpt lat="24.30381" lon="120.80203">
        <ele>335.9</ele>
      </trkpt>
      <trkpt lat="24.30361" lon="120.8025">
        <ele>338.4</ele>
      </trkpt>
      <trkpt lat="24.30347" lon="120.80282">
        <ele>339.3</ele>
      </trkpt>
      <trkpt lat="24.30336" lon="120.80313">
        <ele>338.7</ele>
      </trkpt>
      <trkpt lat="24.30331" lon="120.80344">
        <ele>337.9</ele>
      </trkpt>
      <trkpt lat="24.30328" lon="120.80423">
        <ele>340.7</ele>
      </trkpt>
      <trkpt lat="24.30328" lon="120.80441">
        <ele>340.7</ele>
      </trkpt>
      <trkpt lat="24.30328" lon="120.80443">
        <ele>340.7</ele>
      </trkpt>
      <trkpt lat="24.30329" lon="120.80461">
        <ele>340.3</ele>
      </trkpt>
      <trkpt lat="24.30329" lon="120.80462">
        <ele>340.3</ele>
      </trkpt>
      <trkpt lat="24.3033" lon="120.80471">
        <ele>340.0</ele>
      </trkpt>
      <trkpt lat="24.30331" lon="120.80478">
        <ele>339.7</ele>
      </trkpt>
      <trkpt lat="24.30334" lon="120.80488">
        <ele>338.8</ele>
      </trkpt>
      <trkpt lat="24.30335" lon="120.80493">
        <ele>338.6</ele>
      </trkpt>
      <trkpt lat="24.30338" lon="120.80499">
        <ele>337.8</ele>
      </trkpt>
      <trkpt lat="24.30341" lon="120.80508">
        <ele>337.8</ele>
      </trkpt>
      <trkpt lat="24.30347" lon="120.80521">
        <ele>337.4</ele>
      </trkpt>
      <trkpt lat="24.30361" lon="120.80551">
        <ele>336.1</ele>
      </trkpt>
      <trkpt lat="24.30366" lon="120.8056">
        <ele>335.4</ele>
      </trkpt>
      <trkpt lat="24.30368" lon="120.80567">
        <ele>335.4</ele>
      </trkpt>
      <trkpt lat="24.3037" lon="120.80573">
        <ele>335.2</ele>
      </trkpt>
      <trkpt lat="24.30371" lon="120.80578">
        <ele>335.3</ele>
      </trkpt>
      <trkpt lat="24.30372" lon="120.80585">
        <ele>335.3</ele>
      </trkpt>
      <trkpt lat="24.30372" lon="120.80591">
        <ele>334.8</ele>
      </trkpt>
      <trkpt lat="24.30372" lon="120.80598">
        <ele>334.3</ele>
      </trkpt>
      <trkpt lat="24.30372" lon="120.80608">
        <ele>333.5</ele>
      </trkpt>
      <trkpt lat="24.3037" lon="120.80619">
        <ele>333.1</ele>
      </trkpt>
      <trkpt lat="24.30368" lon="120.80635">
        <ele>332.1</ele>
      </trkpt>
      <trkpt lat="24.30362" lon="120.8066">
        <ele>330.9</ele>
      </trkpt>
      <trkpt lat="24.30351" lon="120.80722">
        <ele>328.3</ele>
      </trkpt>
      <trkpt lat="24.3035" lon="120.80727">
        <ele>328.2</ele>
      </trkpt>
      <trkpt lat="24.30343" lon="120.80802">
        <ele>329.5</ele>
      </trkpt>
      <trkpt lat="24.3034" lon="120.80831">
        <ele>331.0</ele>
      </trkpt>
      <trkpt lat="24.30337" lon="120.80858">
        <ele>331.5</ele>
      </trkpt>
      <trkpt lat="24.30335" lon="120.80875">
        <ele>331.8</ele>
      </trkpt>
      <trkpt lat="24.30333" lon="120.80895">
        <ele>332.1</ele>
      </trkpt>
      <trkpt lat="24.30329" lon="120.80957">
        <ele>334.2</ele>
      </trkpt>
      <trkpt lat="24.30329" lon="120.80978">
        <ele>334.8</ele>
      </trkpt>
      <trkpt lat="24.30329" lon="120.81001">
        <ele>335.3</ele>
      </trkpt>
      <trkpt lat="24.30331" lon="120.81034">
        <ele>334.2</ele>
      </trkpt>
      <trkpt lat="24.30334" lon="120.81066">
        <ele>333.1</ele>
      </trkpt>
      <trkpt lat="24.30337" lon="120.81078">
        <ele>332.7</ele>
      </trkpt>
      <trkpt lat="24.30339" lon="120.81085">
        <ele>332.5</ele>
      </trkpt>
      <trkpt lat="24.30342" lon="120.81094">
        <ele>332.5</ele>
      </trkpt>
      <trkpt lat="24.30356" lon="120.8112">
        <ele>332.2</ele>
      </trkpt>
      <trkpt lat="24.30376" lon="120.8115">
        <ele>332.0</ele>
      </trkpt>
      <trkpt lat="24.30377" lon="120.81154">
        <ele>332.2</ele>
      </trkpt>
      <trkpt lat="24.3038" lon="120.81163">
        <ele>332.4</ele>
      </trkpt>
      <trkpt lat="24.3039" lon="120.81174">
        <ele>332.5</ele>
      </trkpt>
      <trkpt lat="24.3039" lon="120.81174">
        <ele>332.5</ele>
      </trkpt>
      <trkpt lat="24.30396" lon="120.81167">
        <ele>331.5</ele>
      </trkpt>
      <trkpt lat="24.30405" lon="120.81161">
        <ele>330.5</ele>
      </trkpt>
      <trkpt lat="24.30443" lon="120.8113">
        <ele>327.0</ele>
      </trkpt>
      <trkpt lat="24.30463" lon="120.81114">
        <ele>325.9</ele>
      </trkpt>
      <trkpt lat="24.30463" lon="120.81113">
        <ele>325.9</ele>
      </trkpt>
      <trkpt lat="24.30466" lon="120.81111">
        <ele>325.8</ele>
      </trkpt>
      <trkpt lat="24.30469" lon="120.81107">
        <ele>325.6</ele>
      </trkpt>
      <trkpt lat="24.3047" lon="120.81105">
        <ele>325.5</ele>
      </trkpt>
      <trkpt lat="24.30471" lon="120.81102">
        <ele>325.4</ele>
      </trkpt>
      <trkpt lat="24.30474" lon="120.81094">
        <ele>325.1</ele>
      </trkpt>
      <trkpt lat="24.30477" lon="120.81087">
        <ele>324.9</ele>
      </trkpt>
      <trkpt lat="24.30526" lon="120.80817">
        <ele>319.4</ele>
      </trkpt>
      <trkpt lat="24.30477" lon="120.81087">
        <ele>324.9</ele>
      </trkpt>
      <trkpt lat="24.30474" lon="120.81094">
        <ele>325.1</ele>
      </trkpt>
      <trkpt lat="24.30471" lon="120.81102">
        <ele>325.4</ele>
      </trkpt>
      <trkpt lat="24.3047" lon="120.81105">
        <ele>325.5</ele>
      </trkpt>
      <trkpt lat="24.30469" lon="120.81107">
        <ele>325.6</ele>
      </trkpt>
      <trkpt lat="24.30466" lon="120.81111">
        <ele>325.8</ele>
      </trkpt>
      <trkpt lat="24.30463" lon="120.81113">
        <ele>325.9</ele>
      </trkpt>
      <trkpt lat="24.30463" lon="120.81113">
        <ele>325.9</ele>
      </trkpt>
      <trkpt lat="24.30466" lon="120.81111">
        <ele>325.8</ele>
      </trkpt>
      <trkpt lat="24.30469" lon="120.81107">
        <ele>325.6</ele>
      </trkpt>
      <trkpt lat="24.3047" lon="120.81105">
        <ele>325.5</ele>
      </trkpt>
      <trkpt lat="24.30471" lon="120.81102">
        <ele>325.4</ele>
      </trkpt>
      <trkpt lat="24.30474" lon="120.81094">
        <ele>325.1</ele>
      </trkpt>
      <trkpt lat="24.30477" lon="120.81087">
        <ele>324.9</ele>
      </trkpt>
      <trkpt lat="24.30526" lon="120.80817">
        <ele>319.4</ele>
      </trkpt>
      <trkpt lat="24.30544" lon="120.80719">
        <ele>317.9</ele>
      </trkpt>
      <trkpt lat="24.30558" lon="120.8064">
        <ele>315.6</ele>
      </trkpt>
      <trkpt lat="24.30562" lon="120.80617">
        <ele>315.0</ele>
      </trkpt>
      <trkpt lat="24.30565" lon="120.80602">
        <ele>314.6</ele>
      </trkpt>
      <trkpt lat="24.3059" lon="120.80467">
        <ele>312.6</ele>
      </trkpt>
      <trkpt lat="24.30594" lon="120.80448">
        <ele>312.3</ele>
      </trkpt>
      <trkpt lat="24.30595" lon="120.80439">
        <ele>312.2</ele>
      </trkpt>
      <trkpt lat="24.30599" lon="120.80419">
        <ele>311.8</ele>
      </trkpt>
      <trkpt lat="24.30625" lon="120.80272">
        <ele>311.0</ele>
      </trkpt>
      <trkpt lat="24.30658" lon="120.80095">
        <ele>308.2</ele>
      </trkpt>
      <trkpt lat="24.30661" lon="120.80078">
        <ele>308.1</ele>
      </trkpt>
      <trkpt lat="24.30671" lon="120.80027">
        <ele>307.2</ele>
      </trkpt>
      <trkpt lat="24.30687" lon="120.79969">
        <ele>306.5</ele>
      </trkpt>
      <trkpt lat="24.30731" lon="120.79863">
        <ele>305.2</ele>
      </trkpt>
      <trkpt lat="24.30757" lon="120.79806">
        <ele>303.8</ele>
      </trkpt>
      <trkpt lat="24.30799" lon="120.79701">
        <ele>301.8</ele>
      </trkpt>
      <trkpt lat="24.30848" lon="120.79589">
        <ele>300.3</ele>
      </trkpt>
      <trkpt lat="24.30857" lon="120.79568">
        <ele>300.2</ele>
      </trkpt>
      <trkpt lat="24.30912" lon="120.79437">
        <ele>298.7</ele>
      </trkpt>
      <trkpt lat="24.30949" lon="120.79353">
        <ele>296.9</ele>
      </trkpt>
      <trkpt lat="24.3097" lon="120.79302">
        <ele>297.0</ele>
      </trkpt>
      <trkpt lat="24.30981" lon="120.79271">
        <ele>297.1</ele>
      </trkpt>
      <trkpt lat="24.31014" lon="120.7916">
        <ele>296.1</ele>
      </trkpt>
      <trkpt lat="24.31025" lon="120.79116">
        <ele>293.8</ele>
      </trkpt>
      <trkpt lat="24.31035" lon="120.79079">
        <ele>291.8</ele>
      </trkpt>
      <trkpt lat="24.31061" lon="120.78985">
        <ele>289.6</ele>
      </trkpt>
      <trkpt lat="24.31073" lon="120.78924">
        <ele>288.2</ele>
      </trkpt>
      <trkpt lat="24.31084" lon="120.78897">
        <ele>287.6</ele>
      </trkpt>
      <trkpt lat="24.311" lon="120.78832">
        <ele>286.4</ele>
      </trkpt>
      <trkpt lat="24.311" lon="120.78813">
        <ele>286.7</ele>
      </trkpt>
      <trkpt lat="24.31104" lon="120.78792">
        <ele>287.0</ele>
      </trkpt>
      <trkpt lat="24.31109" lon="120.78774">
        <ele>287.2</ele>
      </trkpt>
      <trkpt lat="24.31145" lon="120.78691">
        <ele>287.3</ele>
      </trkpt>
      <trkpt lat="24.31147" lon="120.78687">
        <ele>287.1</ele>
      </trkpt>
      <trkpt lat="24.31154" lon="120.78668">
        <ele>286.5</ele>
      </trkpt>
      <trkpt lat="24.31157" lon="120.78654">
        <ele>285.8</ele>
      </trkpt>
      <trkpt lat="24.31153" lon="120.78653">
        <ele>286.2</ele>
      </trkpt>
      <trkpt lat="24.31167" lon="120.78595">
        <ele>283.3</ele>
      </trkpt>
      <trkpt lat="24.31169" lon="120.78577">
        <ele>282.9</ele>
      </trkpt>
      <trkpt lat="24.31166" lon="120.78565">
        <ele>282.9</ele>
      </trkpt>
      <trkpt lat="24.3116" lon="120.78553">
        <ele>282.9</ele>
      </trkpt>
      <trkpt lat="24.31153" lon="120.78543">
        <ele>283.0</ele>
      </trkpt>
      <trkpt lat="24.3114" lon="120.78507">
        <ele>283.1</ele>
      </trkpt>
      <trkpt lat="24.31129" lon="120.7848">
        <ele>283.1</ele>
      </trkpt>
      <trkpt lat="24.31128" lon="120.7847">
        <ele>283.1</ele>
      </trkpt>
      <trkpt lat="24.3114" lon="120.78439">
        <ele>282.5</ele>
      </trkpt>
      <trkpt lat="24.31172" lon="120.78366">
        <ele>281.3</ele>
      </trkpt>
      <trkpt lat="24.31204" lon="120.78292">
        <ele>280.5</ele>
      </trkpt>
      <trkpt lat="24.31231" lon="120.78228">
        <ele>279.4</ele>
      </trkpt>
      <trkpt lat="24.31253" lon="120.78178">
        <ele>278.1</ele>
      </trkpt>
      <trkpt lat="24.31276" lon="120.78127">
        <ele>276.2</ele>
      </trkpt>
      <trkpt lat="24.31289" lon="120.78101">
        <ele>275.7</ele>
      </trkpt>
      <trkpt lat="24.31313" lon="120.78071">
        <ele>276.1</ele>
      </trkpt>
      <trkpt lat="24.31333" lon="120.78049">
        <ele>276.5</ele>
      </trkpt>
      <trkpt lat="24.31341" lon="120.78039">
        <ele>276.7</ele>
      </trkpt>
      <trkpt lat="24.31345" lon="120.78033">
        <ele>276.8</ele>
      </trkpt>
      <trkpt lat="24.31347" lon="120.78027">
        <ele>276.9</ele>
      </trkpt>
      <trkpt lat="24.31345" lon="120.78018">
        <ele>277.3</ele>
      </trkpt>
      <trkpt lat="24.31333" lon="120.77979">
        <ele>279.6</ele>
      </trkpt>
      <trkpt lat="24.31331" lon="120.77969">
        <ele>280.2</ele>
      </trkpt>
      <trkpt lat="24.31336" lon="120.77942">
        <ele>280.1</ele>
      </trkpt>
      <trkpt lat="24.31347" lon="120.77919">
        <ele>279.5</ele>
      </trkpt>
      <trkpt lat="24.31362" lon="120.77894">
        <ele>281.3</ele>
      </trkpt>
      <trkpt lat="24.31376" lon="120.77878">
        <ele>281.9</ele>
      </trkpt>
      <trkpt lat="24.3139" lon="120.77868">
        <ele>281.5</ele>
      </trkpt>
      <trkpt lat="24.31403" lon="120.77855">
        <ele>281.4</ele>
      </trkpt>
      <trkpt lat="24.31426" lon="120.7782">
        <ele>282.6</ele>
      </trkpt>
      <trkpt lat="24.31445" lon="120.77795">
        <ele>282.4</ele>
      </trkpt>
      <trkpt lat="24.31453" lon="120.77765">
        <ele>283.6</ele>
      </trkpt>
      <trkpt lat="24.31458" lon="120.77737">
        <ele>284.3</ele>
      </trkpt>
      <trkpt lat="24.31467" lon="120.77709">
        <ele>283.2</ele>
      </trkpt>
      <trkpt lat="24.31483" lon="120.77688">
        <ele>279.4</ele>
      </trkpt>
      <trkpt lat="24.31494" lon="120.77673">
        <ele>276.6</ele>
      </trkpt>
      <trkpt lat="24.31498" lon="120.77656">
        <ele>275.3</ele>
      </trkpt>
      <trkpt lat="24.31496" lon="120.77638">
        <ele>275.4</ele>
      </trkpt>
      <trkpt lat="24.31487" lon="120.77548">
        <ele>277.4</ele>
      </trkpt>
      <trkpt lat="24.31485" lon="120.77515">
        <ele>278.4</ele>
      </trkpt>
      <trkpt lat="24.31485" lon="120.77489">
        <ele>278.4</ele>
      </trkpt>
      <trkpt lat="24.31486" lon="120.77471">
        <ele>277.7</ele>
      </trkpt>
      <trkpt lat="24.31489" lon="120.77471">
        <ele>275.6</ele>
      </trkpt>
      <trkpt lat="24.31488" lon="120.77452">
        <ele>276.3</ele>
      </trkpt>
      <trkpt lat="24.31478" lon="120.77389">
        <ele>281.8</ele>
      </trkpt>
      <trkpt lat="24.31476" lon="120.77374">
        <ele>282.6</ele>
      </trkpt>
      <trkpt lat="24.31472" lon="120.77359">
        <ele>284.8</ele>
      </trkpt>
      <trkpt lat="24.31468" lon="120.77341">
        <ele>287.1</ele>
      </trkpt>
      <trkpt lat="24.31465" lon="120.77324">
        <ele>288.2</ele>
      </trkpt>
      <trkpt lat="24.31465" lon="120.77306">
        <ele>286.7</ele>
      </trkpt>
      <trkpt lat="24.31465" lon="120.77287">
        <ele>285.0</ele>
      </trkpt>
      <trkpt lat="24.31465" lon="120.77259">
        <ele>282.6</ele>
      </trkpt>
      <trkpt lat="24.31465" lon="120.77239">
        <ele>282.3</ele>
      </trkpt>
      <trkpt lat="24.31465" lon="120.77218">
        <ele>283.3</ele>
      </trkpt>
      <trkpt lat="24.31467" lon="120.77203">
        <ele>283.1</ele>
      </trkpt>
      <trkpt lat="24.3147" lon="120.77195">
        <ele>282.0</ele>
      </trkpt>
      <trkpt lat="24.31476" lon="120.77185">
        <ele>279.6</ele>
      </trkpt>
      <trkpt lat="24.31481" lon="120.77177">
        <ele>277.6</ele>
      </trkpt>
      <trkpt lat="24.31483" lon="120.77167">
        <ele>277.1</ele>
      </trkpt>
      <trkpt lat="24.31484" lon="120.7716">
        <ele>277.3</ele>
      </trkpt>
      <trkpt lat="24.31484" lon="120.77152">
        <ele>278.0</ele>
      </trkpt>
      <trkpt lat="24.31484" lon="120.77144">
        <ele>278.7</ele>
      </trkpt>
      <trkpt lat="24.31483" lon="120.77138">
        <ele>279.7</ele>
      </trkpt>
      <trkpt lat="24.31481" lon="120.77133">
        <ele>281.1</ele>
      </trkpt>
      <trkpt lat="24.31479" lon="120.77128">
        <ele>282.6</ele>
      </trkpt>
      <trkpt lat="24.31476" lon="120.77123">
        <ele>284.5</ele>
      </trkpt>
      <trkpt lat="24.31473" lon="120.77117">
        <ele>286.5</ele>
      </trkpt>
      <trkpt lat="24.31465" lon="120.77105">
        <ele>291.6</ele>
      </trkpt>
      <trkpt lat="24.31462" lon="120.771">
        <ele>293.6</ele>
      </trkpt>
      <trkpt lat="24.31461" lon="120.77096">
        <ele>294.4</ele>
      </trkpt>
      <trkpt lat="24.3146" lon="120.7709">
        <ele>295.5</ele>
      </trkpt>
      <trkpt lat="24.3146" lon="120.77084">
        <ele>296.1</ele>
      </trkpt>
      <trkpt lat="24.31461" lon="120.77079">
        <ele>296.1</ele>
      </trkpt>
      <trkpt lat="24.31465" lon="120.77069">
        <ele>295.3</ele>
      </trkpt>
      <trkpt lat="24.31469" lon="120.77063">
        <ele>294.3</ele>
      </trkpt>
      <trkpt lat="24.31478" lon="120.77051">
        <ele>292.2</ele>
      </trkpt>
      <trkpt lat="24.31485" lon="120.77043">
        <ele>290.8</ele>
      </trkpt>
      <trkpt lat="24.31491" lon="120.77038">
        <ele>289.6</ele>
      </trkpt>
      <trkpt lat="24.31496" lon="120.77036">
        <ele>288.2</ele>
      </trkpt>
      <trkpt lat="24.31501" lon="120.77034">
        <ele>286.9</ele>
      </trkpt>
      <trkpt lat="24.31507" lon="120.77032">
        <ele>285.6</ele>
      </trkpt>
      <trkpt lat="24.31513" lon="120.77029">
        <ele>284.4</ele>
      </trkpt>
      <trkpt lat="24.3152" lon="120.77024">
        <ele>283.2</ele>
      </trkpt>
      <trkpt lat="24.31524" lon="120.7702">
        <ele>282.6</ele>
      </trkpt>
      <trkpt lat="24.31527" lon="120.77015">
        <ele>282.6</ele>
      </trkpt>
      <trkpt lat="24.31529" lon="120.77007">
        <ele>283.3</ele>
      </trkpt>
      <trkpt lat="24.31531" lon="120.76998">
        <ele>283.9</ele>
      </trkpt>
      <trkpt lat="24.31532" lon="120.76988">
        <ele>283.7</ele>
      </trkpt>
      <trkpt lat="24.31532" lon="120.76983">
        <ele>283.8</ele>
      </trkpt>
      <trkpt lat="24.31532" lon="120.76975">
        <ele>283.9</ele>
      </trkpt>
      <trkpt lat="24.31532" lon="120.76966">
        <ele>284.0</ele>
      </trkpt>
      <trkpt lat="24.31533" lon="120.76956">
        <ele>283.9</ele>
      </trkpt>
      <trkpt lat="24.31535" lon="120.76942">
        <ele>283.7</ele>
      </trkpt>
      <trkpt lat="24.31538" lon="120.76929">
        <ele>284.2</ele>
      </trkpt>
      <trkpt lat="24.3154" lon="120.7692">
        <ele>284.6</ele>
      </trkpt>
      <trkpt lat="24.31543" lon="120.7689">
        <ele>285.8</ele>
      </trkpt>
      <trkpt lat="24.31541" lon="120.76881">
        <ele>286.1</ele>
      </trkpt>
      <trkpt lat="24.31541" lon="120.76881">
        <ele>286.1</ele>
      </trkpt>
      <trkpt lat="24.31537" lon="120.76864">
        <ele>286.8</ele>
      </trkpt>
      <trkpt lat="24.31531" lon="120.76837">
        <ele>288.0</ele>
      </trkpt>
      <trkpt lat="24.31528" lon="120.76824">
        <ele>290.3</ele>
      </trkpt>
      <trkpt lat="24.31526" lon="120.76814">
        <ele>292.5</ele>
      </trkpt>
      <trkpt lat="24.31523" lon="120.76807">
        <ele>294.3</ele>
      </trkpt>
      <trkpt lat="24.31519" lon="120.76801">
        <ele>296.2</ele>
      </trkpt>
      <trkpt lat="24.31515" lon="120.76797">
        <ele>297.6</ele>
      </trkpt>
      <trkpt lat="24.31512" lon="120.76794">
        <ele>298.7</ele>
      </trkpt>
      <trkpt lat="24.31508" lon="120.76793">
        <ele>299.5</ele>
      </trkpt>
      <trkpt lat="24.31504" lon="120.76792">
        <ele>300.3</ele>
      </trkpt>
      <trkpt lat="24.31501" lon="120.76792">
        <ele>300.8</ele>
      </trkpt>
      <trkpt lat="24.31499" lon="120.76792">
        <ele>301.0</ele>
      </trkpt>
      <trkpt lat="24.31493" lon="120.76794">
        <ele>301.0</ele>
      </trkpt>
      <trkpt lat="24.31485" lon="120.768">
        <ele>300.2</ele>
      </trkpt>
      <trkpt lat="24.31468" lon="120.76812">
        <ele>299.0</ele>
      </trkpt>
      <trkpt lat="24.31463" lon="120.76816">
        <ele>298.6</ele>
      </trkpt>
      <trkpt lat="24.31456" lon="120.7682">
        <ele>298.4</ele>
      </trkpt>
      <trkpt lat="24.31452" lon="120.76823">
        <ele>298.1</ele>
      </trkpt>
      <trkpt lat="24.3145" lon="120.76824">
        <ele>298.1</ele>
      </trkpt>
      <trkpt lat="24.31448" lon="120.76825">
        <ele>298.1</ele>
      </trkpt>
      <trkpt lat="24.31447" lon="120.76825">
        <ele>298.2</ele>
      </trkpt>
      <trkpt lat="24.31445" lon="120.76824">
        <ele>298.7</ele>
      </trkpt>
      <trkpt lat="24.31443" lon="120.76824">
        <ele>298.9</ele>
      </trkpt>
      <trkpt lat="24.3144" lon="120.76823">
        <ele>299.5</ele>
      </trkpt>
      <trkpt lat="24.31438" lon="120.76821">
        <ele>300.1</ele>
      </trkpt>
      <trkpt lat="24.31435" lon="120.76819">
        <ele>300.9</ele>
      </trkpt>
      <trkpt lat="24.31432" lon="120.76815">
        <ele>302.1</ele>
      </trkpt>
      <trkpt lat="24.31429" lon="120.7681">
        <ele>303.5</ele>
      </trkpt>
      <trkpt lat="24.31426" lon="120.76801">
        <ele>305.7</ele>
      </trkpt>
      <trkpt lat="24.31423" lon="120.76792">
        <ele>307.9</ele>
      </trkpt>
      <trkpt lat="24.3142" lon="120.76778">
        <ele>311.0</ele>
      </trkpt>
      <trkpt lat="24.31417" lon="120.76766">
        <ele>313.7</ele>
      </trkpt>
      <trkpt lat="24.31411" lon="120.7675">
        <ele>317.3</ele>
      </trkpt>
      <trkpt lat="24.31406" lon="120.76742">
        <ele>320.0</ele>
      </trkpt>
      <trkpt lat="24.31405" lon="120.76739">
        <ele>320.9</ele>
      </trkpt>
      <trkpt lat="24.31404" lon="120.76738">
        <ele>321.2</ele>
      </trkpt>
      <trkpt lat="24.31402" lon="120.76736">
        <ele>321.9</ele>
      </trkpt>
      <trkpt lat="24.31401" lon="120.76735">
        <ele>322.3</ele>
      </trkpt>
      <trkpt lat="24.31397" lon="120.76733">
        <ele>323.1</ele>
      </trkpt>
      <trkpt lat="24.31386" lon="120.76735">
        <ele>323.2</ele>
      </trkpt>
      <trkpt lat="24.31365" lon="120.7674">
        <ele>323.1</ele>
      </trkpt>
      <trkpt lat="24.31348" lon="120.76742">
        <ele>323.5</ele>
      </trkpt>
      <trkpt lat="24.31324" lon="120.76744">
        <ele>322.8</ele>
      </trkpt>
      <trkpt lat="24.3132" lon="120.76744">
        <ele>322.4</ele>
      </trkpt>
      <trkpt lat="24.31316" lon="120.76744">
        <ele>321.9</ele>
      </trkpt>
      <trkpt lat="24.31309" lon="120.76744">
        <ele>321.2</ele>
      </trkpt>
      <trkpt lat="24.31303" lon="120.76741">
        <ele>321.5</ele>
      </trkpt>
      <trkpt lat="24.31297" lon="120.76736">
        <ele>322.4</ele>
      </trkpt>
      <trkpt lat="24.3129" lon="120.76731">
        <ele>323.1</ele>
      </trkpt>
      <trkpt lat="24.31278" lon="120.76722">
        <ele>324.6</ele>
      </trkpt>
      <trkpt lat="24.31269" lon="120.76712">
        <ele>326.8</ele>
      </trkpt>
      <trkpt lat="24.31262" lon="120.76704">
        <ele>328.6</ele>
      </trkpt>
      <trkpt lat="24.31255" lon="120.76693">
        <ele>331.3</ele>
      </trkpt>
      <trkpt lat="24.31249" lon="120.76684">
        <ele>333.6</ele>
      </trkpt>
      <trkpt lat="24.31245" lon="120.7668">
        <ele>335.0</ele>
      </trkpt>
      <trkpt lat="24.31242" lon="120.76677">
        <ele>336.0</ele>
      </trkpt>
      <trkpt lat="24.31238" lon="120.76676">
        <ele>336.4</ele>
      </trkpt>
      <trkpt lat="24.31233" lon="120.76675">
        <ele>336.8</ele>
      </trkpt>
      <trkpt lat="24.31229" lon="120.76675">
        <ele>336.9</ele>
      </trkpt>
      <trkpt lat="24.31225" lon="120.76676">
        <ele>336.7</ele>
      </trkpt>
      <trkpt lat="24.31222" lon="120.76679">
        <ele>335.8</ele>
      </trkpt>
      <trkpt lat="24.3122" lon="120.76681">
        <ele>335.2</ele>
      </trkpt>
      <trkpt lat="24.31215" lon="120.76685">
        <ele>334.1</ele>
      </trkpt>
      <trkpt lat="24.31207" lon="120.76691">
        <ele>332.4</ele>
      </trkpt>
      <trkpt lat="24.31196" lon="120.76698">
        <ele>330.5</ele>
      </trkpt>
      <trkpt lat="24.31192" lon="120.76699">
        <ele>330.3</ele>
      </trkpt>
      <trkpt lat="24.31191" lon="120.76699">
        <ele>330.3</ele>
      </trkpt>
      <trkpt lat="24.31186" lon="120.767">
        <ele>330.1</ele>
      </trkpt>
      <trkpt lat="24.31179" lon="120.767">
        <ele>330.3</ele>
      </trkpt>
      <trkpt lat="24.31169" lon="120.76701">
        <ele>330.2</ele>
      </trkpt>
      <trkpt lat="24.31164" lon="120.76701">
        <ele>330.7</ele>
      </trkpt>
      <trkpt lat="24.31162" lon="120.76701">
        <ele>331.0</ele>
      </trkpt>
      <trkpt lat="24.3116" lon="120.76701">
        <ele>331.2</ele>
      </trkpt>
      <trkpt lat="24.31158" lon="120.76701">
        <ele>331.5</ele>
      </trkpt>
      <trkpt lat="24.31156" lon="120.76701">
        <ele>331.8</ele>
      </trkpt>
      <trkpt lat="24.31153" lon="120.76701">
        <ele>332.3</ele>
      </trkpt>
      <trkpt lat="24.31151" lon="120.767">
        <ele>332.9</ele>
      </trkpt>
      <trkpt lat="24.31149" lon="120.76699">
        <ele>333.4</ele>
      </trkpt>
      <trkpt lat="24.31145" lon="120.76699">
        <ele>334.0</ele>
      </trkpt>
      <trkpt lat="24.31138" lon="120.76697">
        <ele>335.6</ele>
      </trkpt>
      <trkpt lat="24.31138" lon="120.76697">
        <ele>335.6</ele>
      </trkpt>
      <trkpt lat="24.31139" lon="120.76692">
        <ele>336.9</ele>
      </trkpt>
      <trkpt lat="24.3114" lon="120.76691">
        <ele>337.1</ele>
      </trkpt>
      <trkpt lat="24.31141" lon="120.7669">
        <ele>337.2</ele>
      </trkpt>
      <trkpt lat="24.31142" lon="120.76688">
        <ele>337.7</ele>
      </trkpt>
      <trkpt lat="24.31142" lon="120.76687">
        <ele>338.0</ele>
      </trkpt>
      <trkpt lat="24.31143" lon="120.76686">
        <ele>338.1</ele>
      </trkpt>
      <trkpt lat="24.31144" lon="120.76685">
        <ele>338.3</ele>
      </trkpt>
      <trkpt lat="24.31146" lon="120.76683">
        <ele>338.6</ele>
      </trkpt>
      <trkpt lat="24.31148" lon="120.76682">
        <ele>338.7</ele>
      </trkpt>
      <trkpt lat="24.31149" lon="120.76681">
        <ele>338.8</ele>
      </trkpt>
      <trkpt lat="24.31151" lon="120.7668">
        <ele>338.9</ele>
      </trkpt>
      <trkpt lat="24.31152" lon="120.76679">
        <ele>339.0</ele>
      </trkpt>
      <trkpt lat="24.31155" lon="120.76679">
        <ele>338.7</ele>
      </trkpt>
      <trkpt lat="24.31157" lon="120.76678">
        <ele>338.7</ele>
      </trkpt>
      <trkpt lat="24.3116" lon="120.76677">
        <ele>338.6</ele>
      </trkpt>
      <trkpt lat="24.31167" lon="120.76676">
        <ele>338.1</ele>
      </trkpt>
      <trkpt lat="24.31178" lon="120.76673">
        <ele>338.8</ele>
      </trkpt>
      <trkpt lat="24.31187" lon="120.76671">
        <ele>339.2</ele>
      </trkpt>
      <trkpt lat="24.31196" lon="120.76667">
        <ele>340.2</ele>
      </trkpt>
      <trkpt lat="24.31204" lon="120.7666">
        <ele>342.2</ele>
      </trkpt>
      <trkpt lat="24.31211" lon="120.76651">
        <ele>344.7</ele>
      </trkpt>
      <trkpt lat="24.31221" lon="120.76636">
        <ele>348.8</ele>
      </trkpt>
      <trkpt lat="24.31224" lon="120.76629">
        <ele>350.7</ele>
      </trkpt>
      <trkpt lat="24.31225" lon="120.76627">
        <ele>351.3</ele>
      </trkpt>
      <trkpt lat="24.31227" lon="120.76623">
        <ele>352.3</ele>
      </trkpt>
      <trkpt lat="24.3123" lon="120.7662">
        <ele>353.0</ele>
      </trkpt>
      <trkpt lat="24.31231" lon="120.76619">
        <ele>353.3</ele>
      </trkpt>
      <trkpt lat="24.31233" lon="120.76618">
        <ele>353.4</ele>
      </trkpt>
      <trkpt lat="24.31237" lon="120.76616">
        <ele>353.8</ele>
      </trkpt>
      <trkpt lat="24.31243" lon="120.76613">
        <ele>354.2</ele>
      </trkpt>
      <trkpt lat="24.31246" lon="120.76613">
        <ele>354.1</ele>
      </trkpt>
      <trkpt lat="24.31253" lon="120.76613">
        <ele>353.9</ele>
      </trkpt>
      <trkpt lat="24.31258" lon="120.76615">
        <ele>353.6</ele>
      </trkpt>
      <trkpt lat="24.31263" lon="120.76617">
        <ele>353.2</ele>
      </trkpt>
      <trkpt lat="24.31265" lon="120.76618">
        <ele>353.0</ele>
      </trkpt>
      <trkpt lat="24.31269" lon="120.76619">
        <ele>352.9</ele>
      </trkpt>
      <trkpt lat="24.31273" lon="120.76621">
        <ele>352.6</ele>
      </trkpt>
      <trkpt lat="24.31277" lon="120.76622">
        <ele>352.5</ele>
      </trkpt>
      <trkpt lat="24.3128" lon="120.76622">
        <ele>352.7</ele>
      </trkpt>
      <trkpt lat="24.31284" lon="120.76622">
        <ele>352.8</ele>
      </trkpt>
      <trkpt lat="24.31286" lon="120.76622">
        <ele>352.9</ele>
      </trkpt>
      <trkpt lat="24.3129" lon="120.76622">
        <ele>353.1</ele>
      </trkpt>
      <trkpt lat="24.31296" lon="120.7662">
        <ele>353.8</ele>
      </trkpt>
      <trkpt lat="24.31301" lon="120.76617">
        <ele>354.7</ele>
      </trkpt>
      <trkpt lat="24.31305" lon="120.76614">
        <ele>355.5</ele>
      </trkpt>
      <trkpt lat="24.31309" lon="120.76612">
        <ele>356.0</ele>
      </trkpt>
      <trkpt lat="24.31313" lon="120.76608">
        <ele>357.0</ele>
      </trkpt>
      <trkpt lat="24.31316" lon="120.76606">
        <ele>357.5</ele>
      </trkpt>
      <trkpt lat="24.31319" lon="120.76604">
        <ele>357.9</ele>
      </trkpt>
      <trkpt lat="24.31325" lon="120.76599">
        <ele>359.0</ele>
      </trkpt>
      <trkpt lat="24.3133" lon="120.76596">
        <ele>359.7</ele>
      </trkpt>
      <trkpt lat="24.31334" lon="120.76594">
        <ele>360.0</ele>
      </trkpt>
      <trkpt lat="24.31341" lon="120.7659">
        <ele>360.1</ele>
      </trkpt>
      <trkpt lat="24.31347" lon="120.76588">
        <ele>359.9</ele>
      </trkpt>
      <trkpt lat="24.31364" lon="120.76595">
        <ele>357.1</ele>
      </trkpt>
      <trkpt lat="24.31382" lon="120.76602">
        <ele>354.2</ele>
      </trkpt>
      <trkpt lat="24.31384" lon="120.76603">
        <ele>353.9</ele>
      </trkpt>
      <trkpt lat="24.31386" lon="120.76603">
        <ele>353.7</ele>
      </trkpt>
      <trkpt lat="24.31387" lon="120.76603">
        <ele>353.6</ele>
      </trkpt>
      <trkpt lat="24.31389" lon="120.76602">
        <ele>353.6</ele>
      </trkpt>
      <trkpt lat="24.3139" lon="120.76602">
        <ele>353.5</ele>
      </trkpt>
      <trkpt lat="24.31392" lon="120.76601">
        <ele>353.5</ele>
      </trkpt>
      <trkpt lat="24.31393" lon="120.766">
        <ele>353.6</ele>
      </trkpt>
      <trkpt lat="24.31394" lon="120.76598">
        <ele>353.8</ele>
      </trkpt>
      <trkpt lat="24.31395" lon="120.76597">
        <ele>353.9</ele>
      </trkpt>
      <trkpt lat="24.31396" lon="120.76595">
        <ele>354.1</ele>
      </trkpt>
      <trkpt lat="24.31397" lon="120.76594">
        <ele>354.2</ele>
      </trkpt>
      <trkpt lat="24.31397" lon="120.76592">
        <ele>354.5</ele>
      </trkpt>
      <trkpt lat="24.31398" lon="120.7659">
        <ele>354.7</ele>
      </trkpt>
      <trkpt lat="24.31399" lon="120.76587">
        <ele>355.1</ele>
      </trkpt>
      <trkpt lat="24.31399" lon="120.76585">
        <ele>355.4</ele>
      </trkpt>
      <trkpt lat="24.31399" lon="120.76582">
        <ele>356.0</ele>
      </trkpt>
      <trkpt lat="24.31398" lon="120.76579">
        <ele>356.7</ele>
      </trkpt>
      <trkpt lat="24.31398" lon="120.76576">
        <ele>357.3</ele>
      </trkpt>
      <trkpt lat="24.31397" lon="120.76573">
        <ele>358.1</ele>
      </trkpt>
      <trkpt lat="24.31396" lon="120.76568">
        <ele>359.2</ele>
      </trkpt>
      <trkpt lat="24.31395" lon="120.76565">
        <ele>359.9</ele>
      </trkpt>
      <trkpt lat="24.31395" lon="120.76562">
        <ele>360.5</ele>
      </trkpt>
      <trkpt lat="24.31396" lon="120.76559">
        <ele>361.1</ele>
      </trkpt>
      <trkpt lat="24.31396" lon="120.76555">
        <ele>361.9</ele>
      </trkpt>
      <trkpt lat="24.31398" lon="120.76551">
        <ele>362.6</ele>
      </trkpt>
      <trkpt lat="24.314" lon="120.76546">
        <ele>363.6</ele>
      </trkpt>
      <trkpt lat="24.31406" lon="120.76541">
        <ele>364.3</ele>
      </trkpt>
      <trkpt lat="24.31412" lon="120.76538">
        <ele>364.6</ele>
      </trkpt>
      <trkpt lat="24.31423" lon="120.76533">
        <ele>365.0</ele>
      </trkpt>
      <trkpt lat="24.31428" lon="120.76532">
        <ele>364.9</ele>
      </trkpt>
      <trkpt lat="24.31433" lon="120.76533">
        <ele>364.3</ele>
      </trkpt>
      <trkpt lat="24.3144" lon="120.76535">
        <ele>363.3</ele>
      </trkpt>
      <trkpt lat="24.31447" lon="120.7654">
        <ele>361.5</ele>
      </trkpt>
      <trkpt lat="24.31454" lon="120.76543">
        <ele>360.3</ele>
      </trkpt>
      <trkpt lat="24.31459" lon="120.76544">
        <ele>359.6</ele>
      </trkpt>
      <trkpt lat="24.31464" lon="120.76543">
        <ele>359.5</ele>
      </trkpt>
      <trkpt lat="24.31469" lon="120.76541">
        <ele>359.6</ele>
      </trkpt>
      <trkpt lat="24.31472" lon="120.76537">
        <ele>360.4</ele>
      </trkpt>
      <trkpt lat="24.31474" lon="120.76532">
        <ele>361.5</ele>
      </trkpt>
      <trkpt lat="24.31479" lon="120.76522">
        <ele>363.6</ele>
      </trkpt>
      <trkpt lat="24.31482" lon="120.76515">
        <ele>365.2</ele>
      </trkpt>
      <trkpt lat="24.31484" lon="120.76512">
        <ele>365.9</ele>
      </trkpt>
      <trkpt lat="24.31486" lon="120.7651">
        <ele>366.3</ele>
      </trkpt>
      <trkpt lat="24.31487" lon="120.76509">
        <ele>366.5</ele>
      </trkpt>
      <trkpt lat="24.31489" lon="120.76508">
        <ele>366.6</ele>
      </trkpt>
      <trkpt lat="24.31492" lon="120.76508">
        <ele>366.4</ele>
      </trkpt>
      <trkpt lat="24.31496" lon="120.76509">
        <ele>365.9</ele>
      </trkpt>
      <trkpt lat="24.31508" lon="120.7651">
        <ele>363.7</ele>
      </trkpt>
      <trkpt lat="24.31519" lon="120.76513">
        <ele>360.7</ele>
      </trkpt>
      <trkpt lat="24.31535" lon="120.76517">
        <ele>356.5</ele>
      </trkpt>
      <trkpt lat="24.31538" lon="120.76517">
        <ele>355.9</ele>
      </trkpt>
      <trkpt lat="24.3154" lon="120.76517">
        <ele>355.5</ele>
      </trkpt>
      <trkpt lat="24.31543" lon="120.76517">
        <ele>354.9</ele>
      </trkpt>
      <trkpt lat="24.3155" lon="120.76514">
        <ele>354.1</ele>
      </trkpt>
      <trkpt lat="24.31553" lon="120.76511">
        <ele>354.1</ele>
      </trkpt>
      <trkpt lat="24.31556" lon="120.76505">
        <ele>354.8</ele>
      </trkpt>
      <trkpt lat="24.31557" lon="120.765">
        <ele>355.7</ele>
      </trkpt>
      <trkpt lat="24.31557" lon="120.76496">
        <ele>355.8</ele>
      </trkpt>
      <trkpt lat="24.31557" lon="120.76492">
        <ele>355.8</ele>
      </trkpt>
      <trkpt lat="24.31556" lon="120.76488">
        <ele>356.1</ele>
      </trkpt>
      <trkpt lat="24.31555" lon="120.76484">
        <ele>356.4</ele>
      </trkpt>
      <trkpt lat="24.31553" lon="120.76482">
        <ele>356.9</ele>
      </trkpt>
      <trkpt lat="24.31547" lon="120.76475">
        <ele>358.4</ele>
      </trkpt>
      <trkpt lat="24.3154" lon="120.76463">
        <ele>360.3</ele>
      </trkpt>
      <trkpt lat="24.31534" lon="120.76448">
        <ele>362.0</ele>
      </trkpt>
      <trkpt lat="24.31531" lon="120.76439">
        <ele>363.0</ele>
      </trkpt>
      <trkpt lat="24.31528" lon="120.76425">
        <ele>364.0</ele>
      </trkpt>
      <trkpt lat="24.31527" lon="120.76414">
        <ele>364.8</ele>
      </trkpt>
      <trkpt lat="24.31527" lon="120.76403">
        <ele>366.2</ele>
      </trkpt>
      <trkpt lat="24.31528" lon="120.76393">
        <ele>367.2</ele>
      </trkpt>
      <trkpt lat="24.3153" lon="120.76385">
        <ele>367.7</ele>
      </trkpt>
      <trkpt lat="24.31532" lon="120.7638">
        <ele>367.8</ele>
      </trkpt>
      <trkpt lat="24.31536" lon="120.76374">
        <ele>367.5</ele>
      </trkpt>
      <trkpt lat="24.31541" lon="120.76369">
        <ele>366.9</ele>
      </trkpt>
      <trkpt lat="24.31547" lon="120.76365">
        <ele>365.8</ele>
      </trkpt>
      <trkpt lat="24.31562" lon="120.76358">
        <ele>362.8</ele>
      </trkpt>
      <trkpt lat="24.31569" lon="120.76353">
        <ele>361.6</ele>
      </trkpt>
      <trkpt lat="24.31576" lon="120.76347">
        <ele>360.4</ele>
      </trkpt>
      <trkpt lat="24.31581" lon="120.76341">
        <ele>359.8</ele>
      </trkpt>
      <trkpt lat="24.31586" lon="120.76335">
        <ele>358.4</ele>
      </trkpt>
      <trkpt lat="24.31589" lon="120.76329">
        <ele>358.1</ele>
      </trkpt>
      <trkpt lat="24.31591" lon="120.76325">
        <ele>358.1</ele>
      </trkpt>
      <trkpt lat="24.31592" lon="120.76316">
        <ele>359.8</ele>
      </trkpt>
      <trkpt lat="24.31593" lon="120.76308">
        <ele>361.2</ele>
      </trkpt>
      <trkpt lat="24.31594" lon="120.76293">
        <ele>364.4</ele>
      </trkpt>
      <trkpt lat="24.31594" lon="120.76292">
        <ele>364.7</ele>
      </trkpt>
      <trkpt lat="24.31594" lon="120.76278">
        <ele>368.1</ele>
      </trkpt>
      <trkpt lat="24.31596" lon="120.76268">
        <ele>369.6</ele>
      </trkpt>
      <trkpt lat="24.316" lon="120.7626">
        <ele>369.7</ele>
      </trkpt>
      <trkpt lat="24.31602" lon="120.76256">
        <ele>369.8</ele>
      </trkpt>
      <trkpt lat="24.31605" lon="120.76251">
        <ele>369.6</ele>
      </trkpt>
      <trkpt lat="24.31611" lon="120.76244">
        <ele>367.5</ele>
      </trkpt>
      <trkpt lat="24.31619" lon="120.76238">
        <ele>364.6</ele>
      </trkpt>
      <trkpt lat="24.31629" lon="120.7623">
        <ele>361.4</ele>
      </trkpt>
      <trkpt lat="24.31631" lon="120.76228">
        <ele>360.9</ele>
      </trkpt>
      <trkpt lat="24.31643" lon="120.76218">
        <ele>358.2</ele>
      </trkpt>
      <trkpt lat="24.31653" lon="120.76209">
        <ele>356.7</ele>
      </trkpt>
      <trkpt lat="24.31667" lon="120.7619">
        <ele>357.5</ele>
      </trkpt>
      <trkpt lat="24.31677" lon="120.76172">
        <ele>360.4</ele>
      </trkpt>
      <trkpt lat="24.31681" lon="120.76161">
        <ele>361.4</ele>
      </trkpt>
      <trkpt lat="24.31684" lon="120.76151">
        <ele>361.3</ele>
      </trkpt>
      <trkpt lat="24.31686" lon="120.76141">
        <ele>361.6</ele>
      </trkpt>
      <trkpt lat="24.31679" lon="120.76123">
        <ele>363.5</ele>
      </trkpt>
      <trkpt lat="24.31674" lon="120.76115">
        <ele>364.5</ele>
      </trkpt>
      <trkpt lat="24.31671" lon="120.76109">
        <ele>365.0</ele>
      </trkpt>
      <trkpt lat="24.3167" lon="120.76105">
        <ele>365.2</ele>
      </trkpt>
      <trkpt lat="24.31669" lon="120.76096">
        <ele>365.5</ele>
      </trkpt>
      <trkpt lat="24.3167" lon="120.76089">
        <ele>365.7</ele>
      </trkpt>
      <trkpt lat="24.31671" lon="120.76082">
        <ele>365.7</ele>
      </trkpt>
      <trkpt lat="24.31673" lon="120.76075">
        <ele>364.9</ele>
      </trkpt>
      <trkpt lat="24.31673" lon="120.76068">
        <ele>364.2</ele>
      </trkpt>
      <trkpt lat="24.31673" lon="120.76067">
        <ele>364.1</ele>
      </trkpt>
      <trkpt lat="24.31673" lon="120.76061">
        <ele>363.5</ele>
      </trkpt>
      <trkpt lat="24.31672" lon="120.76054">
        <ele>362.8</ele>
      </trkpt>
      <trkpt lat="24.3167" lon="120.76046">
        <ele>362.0</ele>
      </trkpt>
      <trkpt lat="24.31667" lon="120.76035">
        <ele>360.8</ele>
      </trkpt>
      <trkpt lat="24.31666" lon="120.76024">
        <ele>359.5</ele>
      </trkpt>
      <trkpt lat="24.31666" lon="120.76018">
        <ele>358.9</ele>
      </trkpt>
      <trkpt lat="24.31667" lon="120.76011">
        <ele>358.2</ele>
      </trkpt>
      <trkpt lat="24.31667" lon="120.76009">
        <ele>358.0</ele>
      </trkpt>
      <trkpt lat="24.31669" lon="120.76003">
        <ele>357.5</ele>
      </trkpt>
      <trkpt lat="24.31672" lon="120.75996">
        <ele>357.0</ele>
      </trkpt>
      <trkpt lat="24.31678" lon="120.75985">
        <ele>356.4</ele>
      </trkpt>
      <trkpt lat="24.31683" lon="120.75974">
        <ele>355.8</ele>
      </trkpt>
      <trkpt lat="24.31687" lon="120.75964">
        <ele>355.2</ele>
      </trkpt>
      <trkpt lat="24.31689" lon="120.75955">
        <ele>354.6</ele>
      </trkpt>
      <trkpt lat="24.3169" lon="120.75954">
        <ele>354.6</ele>
      </trkpt>
      <trkpt lat="24.31692" lon="120.75946">
        <ele>354.0</ele>
      </trkpt>
      <trkpt lat="24.31692" lon="120.7594">
        <ele>353.5</ele>
      </trkpt>
      <trkpt lat="24.31692" lon="120.75936">
        <ele>353.1</ele>
      </trkpt>
      <trkpt lat="24.31692" lon="120.75934">
        <ele>353.0</ele>
      </trkpt>
      <trkpt lat="24.31692" lon="120.75932">
        <ele>352.8</ele>
      </trkpt>
      <trkpt lat="24.31691" lon="120.75929">
        <ele>352.4</ele>
      </trkpt>
      <trkpt lat="24.31688" lon="120.75926">
        <ele>351.9</ele>
      </trkpt>
      <trkpt lat="24.31685" lon="120.75922">
        <ele>351.2</ele>
      </trkpt>
      <trkpt lat="24.31679" lon="120.75917">
        <ele>350.2</ele>
      </trkpt>
      <trkpt lat="24.31675" lon="120.75915">
        <ele>349.6</ele>
      </trkpt>
      <trkpt lat="24.31671" lon="120.75911">
        <ele>348.6</ele>
      </trkpt>
      <trkpt lat="24.3167" lon="120.7591">
        <ele>348.3</ele>
      </trkpt>
      <trkpt lat="24.31668" lon="120.75908">
        <ele>347.8</ele>
      </trkpt>
      <trkpt lat="24.31667" lon="120.75904">
        <ele>347.1</ele>
      </trkpt>
      <trkpt lat="24.31666" lon="120.75898">
        <ele>346.0</ele>
      </trkpt>
      <trkpt lat="24.31666" lon="120.75894">
        <ele>345.4</ele>
      </trkpt>
      <trkpt lat="24.31667" lon="120.75889">
        <ele>344.7</ele>
      </trkpt>
      <trkpt lat="24.31668" lon="120.75884">
        <ele>344.1</ele>
      </trkpt>
      <trkpt lat="24.31671" lon="120.75876">
        <ele>343.3</ele>
      </trkpt>
      <trkpt lat="24.31675" lon="120.75866">
        <ele>342.3</ele>
      </trkpt>
      <trkpt lat="24.31677" lon="120.75861">
        <ele>341.9</ele>
      </trkpt>
      <trkpt lat="24.31678" lon="120.75855">
        <ele>341.2</ele>
      </trkpt>
      <trkpt lat="24.31678" lon="120.75852">
        <ele>340.7</ele>
      </trkpt>
      <trkpt lat="24.31678" lon="120.7585">
        <ele>340.5</ele>
      </trkpt>
      <trkpt lat="24.31677" lon="120.75847">
        <ele>339.9</ele>
      </trkpt>
      <trkpt lat="24.31675" lon="120.75845">
        <ele>339.2</ele>
      </trkpt>
      <trkpt lat="24.31672" lon="120.75841">
        <ele>338.1</ele>
      </trkpt>
      <trkpt lat="24.31667" lon="120.75837">
        <ele>336.6</ele>
      </trkpt>
      <trkpt lat="24.31657" lon="120.7583">
        <ele>334.9</ele>
      </trkpt>
      <trkpt lat="24.31646" lon="120.75822">
        <ele>333.5</ele>
      </trkpt>
      <trkpt lat="24.31641" lon="120.75819">
        <ele>332.9</ele>
      </trkpt>
      <trkpt lat="24.31636" lon="120.75818">
        <ele>332.3</ele>
      </trkpt>
      <trkpt lat="24.3163" lon="120.75818">
        <ele>331.7</ele>
      </trkpt>
      <trkpt lat="24.31624" lon="120.75819">
        <ele>331.1</ele>
      </trkpt>
      <trkpt lat="24.31619" lon="120.75821">
        <ele>330.7</ele>
      </trkpt>
      <trkpt lat="24.31618" lon="120.75821">
        <ele>330.6</ele>
      </trkpt>
      <trkpt lat="24.31613" lon="120.75823">
        <ele>330.1</ele>
      </trkpt>
      <trkpt lat="24.31611" lon="120.75823">
        <ele>329.9</ele>
      </trkpt>
      <trkpt lat="24.31606" lon="120.75822">
        <ele>329.3</ele>
      </trkpt>
      <trkpt lat="24.31599" lon="120.7582">
        <ele>328.6</ele>
      </trkpt>
      <trkpt lat="24.31592" lon="120.75818">
        <ele>327.9</ele>
      </trkpt>
      <trkpt lat="24.31581" lon="120.75814">
        <ele>326.8</ele>
      </trkpt>
      <trkpt lat="24.31572" lon="120.75809">
        <ele>326.2</ele>
      </trkpt>
      <trkpt lat="24.31567" lon="120.75806">
        <ele>325.8</ele>
      </trkpt>
      <trkpt lat="24.31565" lon="120.75805">
        <ele>325.7</ele>
      </trkpt>
      <trkpt lat="24.31562" lon="120.75804">
        <ele>325.5</ele>
      </trkpt>
      <trkpt lat="24.31549" lon="120.75797">
        <ele>324.7</ele>
      </trkpt>
      <trkpt lat="24.31544" lon="120.75794">
        <ele>324.4</ele>
      </trkpt>
      <trkpt lat="24.31533" lon="120.75789">
        <ele>323.7</ele>
      </trkpt>
      <trkpt lat="24.31525" lon="120.75786">
        <ele>323.3</ele>
      </trkpt>
      <trkpt lat="24.31512" lon="120.75782">
        <ele>322.6</ele>
      </trkpt>
      <trkpt lat="24.31504" lon="120.75779">
        <ele>322.2</ele>
      </trkpt>
      <trkpt lat="24.31498" lon="120.75778">
        <ele>321.9</ele>
      </trkpt>
      <trkpt lat="24.31489" lon="120.75775">
        <ele>321.6</ele>
      </trkpt>
      <trkpt lat="24.31482" lon="120.75773">
        <ele>321.4</ele>
      </trkpt>
      <trkpt lat="24.31456" lon="120.75768">
        <ele>320.4</ele>
      </trkpt>
      <trkpt lat="24.31451" lon="120.75767">
        <ele>320.2</ele>
      </trkpt>
      <trkpt lat="24.31441" lon="120.75765">
        <ele>319.8</ele>
      </trkpt>
      <trkpt lat="24.31427" lon="120.75763">
        <ele>319.2</ele>
      </trkpt>
      <trkpt lat="24.31398" lon="120.7576">
        <ele>317.4</ele>
      </trkpt>
      <trkpt lat="24.3138" lon="120.75759">
        <ele>316.1</ele>
      </trkpt>
      <trkpt lat="24.3136" lon="120.75757">
        <ele>314.5</ele>
      </trkpt>
      <trkpt lat="24.31349" lon="120.75754">
        <ele>313.5</ele>
      </trkpt>
      <trkpt lat="24.31343" lon="120.75752">
        <ele>312.9</ele>
      </trkpt>
      <trkpt lat="24.3134" lon="120.75751">
        <ele>312.6</ele>
      </trkpt>
      <trkpt lat="24.31336" lon="120.75748">
        <ele>312.4</ele>
      </trkpt>
      <trkpt lat="24.31333" lon="120.75746">
        <ele>312.3</ele>
      </trkpt>
      <trkpt lat="24.31329" lon="120.75743">
        <ele>312.8</ele>
      </trkpt>
      <trkpt lat="24.31328" lon="120.7574">
        <ele>313.1</ele>
      </trkpt>
      <trkpt lat="24.31328" lon="120.75738">
        <ele>313.3</ele>
      </trkpt>
      <trkpt lat="24.31327" lon="120.75734">
        <ele>313.7</ele>
      </trkpt>
      <trkpt lat="24.31326" lon="120.7573">
        <ele>314.1</ele>
      </trkpt>
      <trkpt lat="24.31326" lon="120.75724">
        <ele>314.6</ele>
      </trkpt>
      <trkpt lat="24.31326" lon="120.75713">
        <ele>315.4</ele>
      </trkpt>
      <trkpt lat="24.31326" lon="120.75698">
        <ele>316.6</ele>
      </trkpt>
      <trkpt lat="24.31326" lon="120.75694">
        <ele>316.9</ele>
      </trkpt>
      <trkpt lat="24.31326" lon="120.7569">
        <ele>317.2</ele>
      </trkpt>
      <trkpt lat="24.31327" lon="120.75688">
        <ele>317.1</ele>
      </trkpt>
      <trkpt lat="24.31328" lon="120.75685">
        <ele>317.1</ele>
      </trkpt>
      <trkpt lat="24.31328" lon="120.75682">
        <ele>317.3</ele>
      </trkpt>
      <trkpt lat="24.31331" lon="120.75675">
        <ele>317.1</ele>
      </trkpt>
      <trkpt lat="24.31333" lon="120.75672">
        <ele>316.8</ele>
      </trkpt>
      <trkpt lat="24.31335" lon="120.75668">
        <ele>317.3</ele>
      </trkpt>
      <trkpt lat="24.31341" lon="120.7566">
        <ele>318.6</ele>
      </trkpt>
      <trkpt lat="24.31346" lon="120.75651">
        <ele>319.4</ele>
      </trkpt>
      <trkpt lat="24.31348" lon="120.75647">
        <ele>319.7</ele>
      </trkpt>
      <trkpt lat="24.31349" lon="120.75645">
        <ele>319.8</ele>
      </trkpt>
      <trkpt lat="24.3135" lon="120.75642">
        <ele>320.0</ele>
      </trkpt>
      <trkpt lat="24.3135" lon="120.75641">
        <ele>319.9</ele>
      </trkpt>
      <trkpt lat="24.31351" lon="120.75638">
        <ele>320.0</ele>
      </trkpt>
      <trkpt lat="24.31351" lon="120.75635">
        <ele>319.9</ele>
      </trkpt>
      <trkpt lat="24.3135" lon="120.75632">
        <ele>319.5</ele>
      </trkpt>
      <trkpt lat="24.31349" lon="120.75628">
        <ele>319.0</ele>
      </trkpt>
      <trkpt lat="24.31348" lon="120.75621">
        <ele>318.3</ele>
      </trkpt>
      <trkpt lat="24.31347" lon="120.75613">
        <ele>317.7</ele>
      </trkpt>
      <trkpt lat="24.31347" lon="120.75607">
        <ele>317.3</ele>
      </trkpt>
      <trkpt lat="24.31346" lon="120.75587">
        <ele>316.0</ele>
      </trkpt>
      <trkpt lat="24.31346" lon="120.75582">
        <ele>315.7</ele>
      </trkpt>
      <trkpt lat="24.31346" lon="120.75564">
        <ele>314.7</ele>
      </trkpt>
      <trkpt lat="24.31345" lon="120.75547">
        <ele>313.5</ele>
      </trkpt>
      <trkpt lat="24.31344" lon="120.75536">
        <ele>312.6</ele>
      </trkpt>
      <trkpt lat="24.31344" lon="120.7551">
        <ele>311.1</ele>
      </trkpt>
      <trkpt lat="24.31345" lon="120.75491">
        <ele>310.0</ele>
      </trkpt>
      <trkpt lat="24.31345" lon="120.75487">
        <ele>309.7</ele>
      </trkpt>
      <trkpt lat="24.31345" lon="120.75487">
        <ele>309.7</ele>
      </trkpt>
      <trkpt lat="24.31345" lon="120.75486">
        <ele>309.6</ele>
      </trkpt>
      <trkpt lat="24.31346" lon="120.7548">
        <ele>309.3</ele>
      </trkpt>
      <trkpt lat="24.31347" lon="120.75464">
        <ele>308.3</ele>
      </trkpt>
      <trkpt lat="24.31347" lon="120.75452">
        <ele>307.2</ele>
      </trkpt>
      <trkpt lat="24.31346" lon="120.75443">
        <ele>306.2</ele>
      </trkpt>
      <trkpt lat="24.31344" lon="120.75433">
        <ele>304.8</ele>
      </trkpt>
      <trkpt lat="24.31342" lon="120.75422">
        <ele>303.2</ele>
      </trkpt>
      <trkpt lat="24.3134" lon="120.75412">
        <ele>302.2</ele>
      </trkpt>
      <trkpt lat="24.31337" lon="120.75405">
        <ele>301.4</ele>
      </trkpt>
      <trkpt lat="24.31333" lon="120.75398">
        <ele>300.2</ele>
      </trkpt>
      <trkpt lat="24.31328" lon="120.7539">
        <ele>300.0</ele>
      </trkpt>
      <trkpt lat="24.31317" lon="120.75373">
        <ele>299.3</ele>
      </trkpt>
      <trkpt lat="24.31313" lon="120.75363">
        <ele>298.9</ele>
      </trkpt>
      <trkpt lat="24.3131" lon="120.75355">
        <ele>298.5</ele>
      </trkpt>
      <trkpt lat="24.31308" lon="120.75344">
        <ele>298.1</ele>
      </trkpt>
      <trkpt lat="24.31306" lon="120.75337">
        <ele>297.8</ele>
      </trkpt>
      <trkpt lat="24.31303" lon="120.75327">
        <ele>297.6</ele>
      </trkpt>
      <trkpt lat="24.31301" lon="120.75321">
        <ele>297.5</ele>
      </trkpt>
      <trkpt lat="24.31298" lon="120.75317">
        <ele>297.2</ele>
      </trkpt>
      <trkpt lat="24.31295" lon="120.75313">
        <ele>296.9</ele>
      </trkpt>
      <trkpt lat="24.31289" lon="120.75307">
        <ele>296.3</ele>
      </trkpt>
      <trkpt lat="24.31286" lon="120.75301">
        <ele>295.9</ele>
      </trkpt>
      <trkpt lat="24.31285" lon="120.75298">
        <ele>295.8</ele>
      </trkpt>
      <trkpt lat="24.31281" lon="120.75289">
        <ele>295.4</ele>
      </trkpt>
      <trkpt lat="24.31275" lon="120.75269">
        <ele>294.6</ele>
      </trkpt>
      <trkpt lat="24.31273" lon="120.75262">
        <ele>294.3</ele>
      </trkpt>
      <trkpt lat="24.31272" lon="120.75257">
        <ele>294.2</ele>
      </trkpt>
      <trkpt lat="24.31269" lon="120.75252">
        <ele>293.6</ele>
      </trkpt>
      <trkpt lat="24.31268" lon="120.75249">
        <ele>293.5</ele>
      </trkpt>
      <trkpt lat="24.31267" lon="120.75248">
        <ele>293.3</ele>
      </trkpt>
      <trkpt lat="24.31265" lon="120.75246">
        <ele>293.0</ele>
      </trkpt>
      <trkpt lat="24.31262" lon="120.75243">
        <ele>292.4</ele>
      </trkpt>
      <trkpt lat="24.3125" lon="120.75233">
        <ele>290.2</ele>
      </trkpt>
      <trkpt lat="24.31247" lon="120.7523">
        <ele>290.0</ele>
      </trkpt>
      <trkpt lat="24.31245" lon="120.75228">
        <ele>289.8</ele>
      </trkpt>
      <trkpt lat="24.31239" lon="120.75221">
        <ele>289.3</ele>
      </trkpt>
      <trkpt lat="24.31237" lon="120.75218">
        <ele>289.2</ele>
      </trkpt>
      <trkpt lat="24.31235" lon="120.75214">
        <ele>289.0</ele>
      </trkpt>
      <trkpt lat="24.31234" lon="120.75211">
        <ele>288.9</ele>
      </trkpt>
      <trkpt lat="24.31233" lon="120.75207">
        <ele>288.8</ele>
      </trkpt>
      <trkpt lat="24.31232" lon="120.75203">
        <ele>288.7</ele>
      </trkpt>
      <trkpt lat="24.31232" lon="120.752">
        <ele>288.7</ele>
      </trkpt>
      <trkpt lat="24.31232" lon="120.75198">
        <ele>288.7</ele>
      </trkpt>
      <trkpt lat="24.31232" lon="120.75197">
        <ele>288.7</ele>
      </trkpt>
      <trkpt lat="24.31232" lon="120.75195">
        <ele>288.7</ele>
      </trkpt>
      <trkpt lat="24.31232" lon="120.75194">
        <ele>288.7</ele>
      </trkpt>
      <trkpt lat="24.31232" lon="120.75182">
        <ele>288.6</ele>
      </trkpt>
      <trkpt lat="24.31232" lon="120.75174">
        <ele>288.6</ele>
      </trkpt>
      <trkpt lat="24.31232" lon="120.75169">
        <ele>288.6</ele>
      </trkpt>
      <trkpt lat="24.31231" lon="120.75166">
        <ele>288.6</ele>
      </trkpt>
      <trkpt lat="24.31231" lon="120.75165">
        <ele>288.7</ele>
      </trkpt>
      <trkpt lat="24.3123" lon="120.75164">
        <ele>288.6</ele>
      </trkpt>
      <trkpt lat="24.3123" lon="120.75162">
        <ele>288.8</ele>
      </trkpt>
      <trkpt lat="24.31229" lon="120.75161">
        <ele>288.8</ele>
      </trkpt>
      <trkpt lat="24.31227" lon="120.75157">
        <ele>288.9</ele>
      </trkpt>
      <trkpt lat="24.31224" lon="120.75156">
        <ele>288.5</ele>
      </trkpt>
      <trkpt lat="24.31222" lon="120.75155">
        <ele>288.3</ele>
      </trkpt>
      <trkpt lat="24.31217" lon="120.75153">
        <ele>287.8</ele>
      </trkpt>
      <trkpt lat="24.31213" lon="120.75152">
        <ele>287.3</ele>
      </trkpt>
      <trkpt lat="24.31209" lon="120.75151">
        <ele>286.7</ele>
      </trkpt>
      <trkpt lat="24.31205" lon="120.75149">
        <ele>286.3</ele>
      </trkpt>
      <trkpt lat="24.312" lon="120.75146">
        <ele>285.7</ele>
      </trkpt>
      <trkpt lat="24.31198" lon="120.75145">
        <ele>285.4</ele>
      </trkpt>
      <trkpt lat="24.31196" lon="120.75143">
        <ele>285.2</ele>
      </trkpt>
      <trkpt lat="24.31192" lon="120.75139">
        <ele>284.8</ele>
      </trkpt>
      <trkpt lat="24.31185" lon="120.75132">
        <ele>284.0</ele>
      </trkpt>
      <trkpt lat="24.31177" lon="120.7512">
        <ele>283.0</ele>
      </trkpt>
      <trkpt lat="24.31168" lon="120.75108">
        <ele>281.7</ele>
      </trkpt>
      <trkpt lat="24.31163" lon="120.75099">
        <ele>282.0</ele>
      </trkpt>
      <trkpt lat="24.3116" lon="120.75094">
        <ele>282.4</ele>
      </trkpt>
      <trkpt lat="24.31157" lon="120.75089">
        <ele>282.8</ele>
      </trkpt>
      <trkpt lat="24.31155" lon="120.75083">
        <ele>283.1</ele>
      </trkpt>
      <trkpt lat="24.31154" lon="120.75079">
        <ele>283.0</ele>
      </trkpt>
      <trkpt lat="24.31153" lon="120.75074">
        <ele>282.9</ele>
      </trkpt>
      <trkpt lat="24.31152" lon="120.75069">
        <ele>282.8</ele>
      </trkpt>
      <trkpt lat="24.31151" lon="120.75068">
        <ele>282.8</ele>
      </trkpt>
      <trkpt lat="24.31147" lon="120.75048">
        <ele>282.5</ele>
      </trkpt>
      <trkpt lat="24.31144" lon="120.75035">
        <ele>282.4</ele>
      </trkpt>
      <trkpt lat="24.31143" lon="120.7503">
        <ele>282.3</ele>
      </trkpt>
      <trkpt lat="24.31142" lon="120.75023">
        <ele>282.2</ele>
      </trkpt>
      <trkpt lat="24.31142" lon="120.7502">
        <ele>282.1</ele>
      </trkpt>
      <trkpt lat="24.31142" lon="120.75017">
        <ele>282.0</ele>
      </trkpt>
      <trkpt lat="24.31142" lon="120.75011">
        <ele>281.8</ele>
      </trkpt>
      <trkpt lat="24.31143" lon="120.75004">
        <ele>281.4</ele>
      </trkpt>
      <trkpt lat="24.31144" lon="120.75">
        <ele>281.1</ele>
      </trkpt>
      <trkpt lat="24.31146" lon="120.74996">
        <ele>280.6</ele>
      </trkpt>
      <trkpt lat="24.31149" lon="120.74989">
        <ele>279.9</ele>
      </trkpt>
      <trkpt lat="24.31153" lon="120.74981">
        <ele>279.0</ele>
      </trkpt>
      <trkpt lat="24.31156" lon="120.74976">
        <ele>278.4</ele>
      </trkpt>
      <trkpt lat="24.312" lon="120.74911">
        <ele>282.7</ele>
      </trkpt>
      <trkpt lat="24.31201" lon="120.74908">
        <ele>282.9</ele>
      </trkpt>
      <trkpt lat="24.31202" lon="120.74905">
        <ele>283.0</ele>
      </trkpt>
      <trkpt lat="24.31203" lon="120.74903">
        <ele>283.2</ele>
      </trkpt>
      <trkpt lat="24.31204" lon="120.749">
        <ele>283.4</ele>
      </trkpt>
      <trkpt lat="24.31204" lon="120.74895">
        <ele>283.3</ele>
      </trkpt>
      <trkpt lat="24.31204" lon="120.74891">
        <ele>283.2</ele>
      </trkpt>
      <trkpt lat="24.31204" lon="120.74889">
        <ele>283.2</ele>
      </trkpt>
      <trkpt lat="24.31202" lon="120.74879">
        <ele>282.6</ele>
      </trkpt>
      <trkpt lat="24.312" lon="120.7487">
        <ele>282.1</ele>
      </trkpt>
      <trkpt lat="24.31198" lon="120.74861">
        <ele>281.6</ele>
      </trkpt>
      <trkpt lat="24.31193" lon="120.74849">
        <ele>280.6</ele>
      </trkpt>
      <trkpt lat="24.31189" lon="120.74841">
        <ele>279.8</ele>
      </trkpt>
      <trkpt lat="24.31185" lon="120.74835">
        <ele>279.1</ele>
      </trkpt>
      <trkpt lat="24.31173" lon="120.7482">
        <ele>277.0</ele>
      </trkpt>
      <trkpt lat="24.31169" lon="120.74814">
        <ele>276.4</ele>
      </trkpt>
      <trkpt lat="24.31166" lon="120.74809">
        <ele>276.0</ele>
      </trkpt>
      <trkpt lat="24.31165" lon="120.74809">
        <ele>276.0</ele>
      </trkpt>
      <trkpt lat="24.31165" lon="120.74808">
        <ele>276.0</ele>
      </trkpt>
      <trkpt lat="24.31164" lon="120.74806">
        <ele>276.1</ele>
      </trkpt>
      <trkpt lat="24.31163" lon="120.74804">
        <ele>276.1</ele>
      </trkpt>
      <trkpt lat="24.31163" lon="120.74802">
        <ele>276.1</ele>
      </trkpt>
      <trkpt lat="24.31163" lon="120.748">
        <ele>276.1</ele>
      </trkpt>
      <trkpt lat="24.31163" lon="120.74799">
        <ele>276.0</ele>
      </trkpt>
      <trkpt lat="24.31162" lon="120.74799">
        <ele>276.1</ele>
      </trkpt>
      <trkpt lat="24.31163" lon="120.74797">
        <ele>276.0</ele>
      </trkpt>
      <trkpt lat="24.31163" lon="120.74796">
        <ele>276.0</ele>
      </trkpt>
      <trkpt lat="24.31163" lon="120.74794">
        <ele>276.0</ele>
      </trkpt>
      <trkpt lat="24.31165" lon="120.74791">
        <ele>276.0</ele>
      </trkpt>
      <trkpt lat="24.31166" lon="120.74788">
        <ele>276.0</ele>
      </trkpt>
      <trkpt lat="24.31167" lon="120.74785">
        <ele>276.1</ele>
      </trkpt>
      <trkpt lat="24.31167" lon="120.74781">
        <ele>276.1</ele>
      </trkpt>
      <trkpt lat="24.31168" lon="120.74777">
        <ele>276.2</ele>
      </trkpt>
      <trkpt lat="24.31168" lon="120.74773">
        <ele>276.2</ele>
      </trkpt>
      <trkpt lat="24.31168" lon="120.74771">
        <ele>276.2</ele>
      </trkpt>
      <trkpt lat="24.31168" lon="120.74767">
        <ele>276.2</ele>
      </trkpt>
      <trkpt lat="24.31167" lon="120.74761">
        <ele>276.1</ele>
      </trkpt>
      <trkpt lat="24.31165" lon="120.74755">
        <ele>275.9</ele>
      </trkpt>
      <trkpt lat="24.31164" lon="120.7475">
        <ele>275.9</ele>
      </trkpt>
      <trkpt lat="24.31162" lon="120.74742">
        <ele>275.3</ele>
      </trkpt>
      <trkpt lat="24.31161" lon="120.74736">
        <ele>274.8</ele>
      </trkpt>
      <trkpt lat="24.31161" lon="120.74732">
        <ele>274.6</ele>
      </trkpt>
      <trkpt lat="24.3116" lon="120.74725">
        <ele>274.1</ele>
      </trkpt>
      <trkpt lat="24.31161" lon="120.74717">
        <ele>273.5</ele>
      </trkpt>
      <trkpt lat="24.31161" lon="120.74714">
        <ele>273.3</ele>
      </trkpt>
      <trkpt lat="24.31161" lon="120.74712">
        <ele>273.2</ele>
      </trkpt>
      <trkpt lat="24.31161" lon="120.74711">
        <ele>273.1</ele>
      </trkpt>
      <trkpt lat="24.31163" lon="120.74707">
        <ele>272.9</ele>
      </trkpt>
      <trkpt lat="24.31167" lon="120.74701">
        <ele>272.5</ele>
      </trkpt>
      <trkpt lat="24.3117" lon="120.74695">
        <ele>272.5</ele>
      </trkpt>
      <trkpt lat="24.31178" lon="120.74685">
        <ele>272.8</ele>
      </trkpt>
      <trkpt lat="24.3118" lon="120.74681">
        <ele>272.8</ele>
      </trkpt>
      <trkpt lat="24.312" lon="120.74655">
        <ele>273.7</ele>
      </trkpt>
      <trkpt lat="24.31201" lon="120.74655">
        <ele>273.8</ele>
      </trkpt>
      <trkpt lat="24.31209" lon="120.74645">
        <ele>274.2</ele>
      </trkpt>
      <trkpt lat="24.31212" lon="120.74639">
        <ele>274.1</ele>
      </trkpt>
      <trkpt lat="24.31213" lon="120.74638">
        <ele>274.2</ele>
      </trkpt>
      <trkpt lat="24.31215" lon="120.74634">
        <ele>274.1</ele>
      </trkpt>
      <trkpt lat="24.31216" lon="120.7463">
        <ele>274.0</ele>
      </trkpt>
      <trkpt lat="24.31217" lon="120.74627">
        <ele>273.9</ele>
      </trkpt>
      <trkpt lat="24.31219" lon="120.74622">
        <ele>273.8</ele>
      </trkpt>
      <trkpt lat="24.3122" lon="120.74618">
        <ele>273.6</ele>
      </trkpt>
      <trkpt lat="24.3122" lon="120.74614">
        <ele>273.3</ele>
      </trkpt>
      <trkpt lat="24.31221" lon="120.746">
        <ele>272.4</ele>
      </trkpt>
      <trkpt lat="24.31221" lon="120.74579">
        <ele>271.0</ele>
      </trkpt>
      <trkpt lat="24.31221" lon="120.74572">
        <ele>270.7</ele>
      </trkpt>
      <trkpt lat="24.31222" lon="120.74564">
        <ele>270.4</ele>
      </trkpt>
      <trkpt lat="24.31222" lon="120.74562">
        <ele>270.3</ele>
      </trkpt>
      <trkpt lat="24.31223" lon="120.74559">
        <ele>270.2</ele>
      </trkpt>
      <trkpt lat="24.31225" lon="120.74555">
        <ele>270.2</ele>
      </trkpt>
      <trkpt lat="24.31228" lon="120.74552">
        <ele>270.2</ele>
      </trkpt>
      <trkpt lat="24.31232" lon="120.74546">
        <ele>270.2</ele>
      </trkpt>
      <trkpt lat="24.31245" lon="120.74515">
        <ele>268.9</ele>
      </trkpt>
      <trkpt lat="24.31249" lon="120.74505">
        <ele>268.3</ele>
      </trkpt>
      <trkpt lat="24.31253" lon="120.74495">
        <ele>268.0</ele>
      </trkpt>
      <trkpt lat="24.31256" lon="120.7449">
        <ele>268.0</ele>
      </trkpt>
      <trkpt lat="24.31259" lon="120.74485">
        <ele>268.0</ele>
      </trkpt>
      <trkpt lat="24.31261" lon="120.74483">
        <ele>268.1</ele>
      </trkpt>
      <trkpt lat="24.31272" lon="120.7447">
        <ele>268.1</ele>
      </trkpt>
      <trkpt lat="24.31276" lon="120.74463">
        <ele>267.7</ele>
      </trkpt>
      <trkpt lat="24.31282" lon="120.74453">
        <ele>267.1</ele>
      </trkpt>
      <trkpt lat="24.31289" lon="120.7444">
        <ele>265.9</ele>
      </trkpt>
      <trkpt lat="24.31296" lon="120.74425">
        <ele>264.1</ele>
      </trkpt>
      <trkpt lat="24.31308" lon="120.74395">
        <ele>263.0</ele>
      </trkpt>
      <trkpt lat="24.31315" lon="120.74375">
        <ele>262.8</ele>
      </trkpt>
      <trkpt lat="24.31326" lon="120.74352">
        <ele>262.5</ele>
      </trkpt>
      <trkpt lat="24.31334" lon="120.74334">
        <ele>262.1</ele>
      </trkpt>
      <trkpt lat="24.31351" lon="120.74292">
        <ele>263.3</ele>
      </trkpt>
      <trkpt lat="24.31393" lon="120.74216">
        <ele>262.5</ele>
      </trkpt>
      <trkpt lat="24.31394" lon="120.74213">
        <ele>262.4</ele>
      </trkpt>
      <trkpt lat="24.31402" lon="120.74193">
        <ele>261.2</ele>
      </trkpt>
      <trkpt lat="24.31404" lon="120.74189">
        <ele>260.9</ele>
      </trkpt>
      <trkpt lat="24.3141" lon="120.74172">
        <ele>259.6</ele>
      </trkpt>
      <trkpt lat="24.31411" lon="120.74165">
        <ele>259.1</ele>
      </trkpt>
      <trkpt lat="24.31412" lon="120.74158">
        <ele>259.0</ele>
      </trkpt>
      <trkpt lat="24.31411" lon="120.74154">
        <ele>259.0</ele>
      </trkpt>
      <trkpt lat="24.31409" lon="120.74148">
        <ele>259.0</ele>
      </trkpt>
      <trkpt lat="24.31405" lon="120.74138">
        <ele>259.0</ele>
      </trkpt>
      <trkpt lat="24.31401" lon="120.7413">
        <ele>259.1</ele>
      </trkpt>
      <trkpt lat="24.31396" lon="120.74124">
        <ele>259.2</ele>
      </trkpt>
      <trkpt lat="24.31392" lon="120.74118">
        <ele>259.4</ele>
      </trkpt>
      <trkpt lat="24.31391" lon="120.74116">
        <ele>259.4</ele>
      </trkpt>
      <trkpt lat="24.31389" lon="120.74113">
        <ele>259.4</ele>
      </trkpt>
      <trkpt lat="24.31389" lon="120.74111">
        <ele>259.4</ele>
      </trkpt>
      <trkpt lat="24.31388" lon="120.74109">
        <ele>259.5</ele>
      </trkpt>
      <trkpt lat="24.31388" lon="120.74104">
        <ele>259.5</ele>
      </trkpt>
      <trkpt lat="24.31388" lon="120.741">
        <ele>259.4</ele>
      </trkpt>
      <trkpt lat="24.31387" lon="120.74094">
        <ele>259.5</ele>
      </trkpt>
      <trkpt lat="24.31387" lon="120.74084">
        <ele>259.4</ele>
      </trkpt>
      <trkpt lat="24.31387" lon="120.74073">
        <ele>259.6</ele>
      </trkpt>
      <trkpt lat="24.31388" lon="120.74064">
        <ele>259.7</ele>
      </trkpt>
      <trkpt lat="24.31389" lon="120.74058">
        <ele>259.7</ele>
      </trkpt>
      <trkpt lat="24.31392" lon="120.74052">
        <ele>259.6</ele>
      </trkpt>
      <trkpt lat="24.31392" lon="120.74051">
        <ele>259.6</ele>
      </trkpt>
      <trkpt lat="24.31394" lon="120.74044">
        <ele>259.6</ele>
      </trkpt>
      <trkpt lat="24.31396" lon="120.74035">
        <ele>259.6</ele>
      </trkpt>
      <trkpt lat="24.31398" lon="120.74028">
        <ele>259.5</ele>
      </trkpt>
      <trkpt lat="24.31398" lon="120.74027">
        <ele>259.5</ele>
      </trkpt>
      <trkpt lat="24.31399" lon="120.7402">
        <ele>259.5</ele>
      </trkpt>
      <trkpt lat="24.31399" lon="120.74008">
        <ele>259.6</ele>
      </trkpt>
      <trkpt lat="24.31399" lon="120.740012">
        <ele>259.7</ele>
      </trkpt>
      <trkpt lat="24.31399" lon="120.74001">
        <ele>259.7</ele>
      </trkpt>
      <trkpt lat="24.31399" lon="120.73994">
        <ele>259.9</ele>
      </trkpt>
      <trkpt lat="24.31399" lon="120.73994">
        <ele>259.9</ele>
      </trkpt>
      <trkpt lat="24.31392" lon="120.7399">
        <ele>260.1</ele>
      </trkpt>
      <trkpt lat="24.31388" lon="120.73987">
        <ele>260.3</ele>
      </trkpt>
      <trkpt lat="24.31378" lon="120.7398">
        <ele>260.6</ele>
      </trkpt>
      <trkpt lat="24.31369" lon="120.73972">
        <ele>261.0</ele>
      </trkpt>
      <trkpt lat="24.31358" lon="120.73959">
        <ele>261.4</ele>
      </trkpt>
      <trkpt lat="24.31349" lon="120.73946">
        <ele>261.8</ele>
      </trkpt>
      <trkpt lat="24.31342" lon="120.73935">
        <ele>262.2</ele>
      </trkpt>
      <trkpt lat="24.31336" lon="120.73922">
        <ele>262.6</ele>
      </trkpt>
      <trkpt lat="24.31332" lon="120.73911">
        <ele>262.9</ele>
      </trkpt>
      <trkpt lat="24.31324" lon="120.73891">
        <ele>263.5</ele>
      </trkpt>
      <trkpt lat="24.31297" lon="120.7382">
        <ele>265.8</ele>
      </trkpt>
      <trkpt lat="24.31276" lon="120.73783">
        <ele>266.2</ele>
      </trkpt>
      <trkpt lat="24.31268" lon="120.73772">
        <ele>266.3</ele>
      </trkpt>
      <trkpt lat="24.31255" lon="120.73756">
        <ele>266.2</ele>
      </trkpt>
      <trkpt lat="24.3125" lon="120.73751">
        <ele>266.1</ele>
      </trkpt>
      <trkpt lat="24.31243" lon="120.73744">
        <ele>266.4</ele>
      </trkpt>
      <trkpt lat="24.31236" lon="120.73738">
        <ele>266.7</ele>
      </trkpt>
      <trkpt lat="24.31234" lon="120.73737">
        <ele>266.9</ele>
      </trkpt>
      <trkpt lat="24.31219" lon="120.73727">
        <ele>267.6</ele>
      </trkpt>
      <trkpt lat="24.312" lon="120.73717">
        <ele>268.6</ele>
      </trkpt>
      <trkpt lat="24.31189" lon="120.73713">
        <ele>269.3</ele>
      </trkpt>
      <trkpt lat="24.31175" lon="120.73708">
        <ele>270.0</ele>
      </trkpt>
      <trkpt lat="24.31147" lon="120.737">
        <ele>271.2</ele>
      </trkpt>
      <trkpt lat="24.31105" lon="120.7369">
        <ele>273.2</ele>
      </trkpt>
      <trkpt lat="24.31036" lon="120.73672">
        <ele>272.7</ele>
      </trkpt>
      <trkpt lat="24.30988" lon="120.73658">
        <ele>271.8</ele>
      </trkpt>
      <trkpt lat="24.30944" lon="120.73639">
        <ele>272.1</ele>
      </trkpt>
      <trkpt lat="24.30933" lon="120.73634">
        <ele>272.2</ele>
      </trkpt>
      <trkpt lat="24.30901" lon="120.73618">
        <ele>272.0</ele>
      </trkpt>
      <trkpt lat="24.30821" lon="120.73572">
        <ele>269.7</ele>
      </trkpt>
      <trkpt lat="24.30805" lon="120.73563">
        <ele>269.5</ele>
      </trkpt>
      <trkpt lat="24.30799" lon="120.7356">
        <ele>269.4</ele>
      </trkpt>
      <trkpt lat="24.30774" lon="120.73545">
        <ele>268.5</ele>
      </trkpt>
      <trkpt lat="24.30748" lon="120.73535">
        <ele>267.8</ele>
      </trkpt>
      <trkpt lat="24.30721" lon="120.73526">
        <ele>266.6</ele>
      </trkpt>
      <trkpt lat="24.30716" lon="120.73524">
        <ele>266.3</ele>
      </trkpt>
      <trkpt lat="24.3071" lon="120.73522">
        <ele>266.0</ele>
      </trkpt>
      <trkpt lat="24.30704" lon="120.73521">
        <ele>265.9</ele>
      </trkpt>
      <trkpt lat="24.30698" lon="120.7352">
        <ele>265.7</ele>
      </trkpt>
      <trkpt lat="24.30659" lon="120.73511">
        <ele>264.3</ele>
      </trkpt>
      <trkpt lat="24.3062" lon="120.73506">
        <ele>264.0</ele>
      </trkpt>
      <trkpt lat="24.30544" lon="120.73502">
        <ele>263.6</ele>
      </trkpt>
      <trkpt lat="24.30532" lon="120.73501">
        <ele>263.4</ele>
      </trkpt>
      <trkpt lat="24.30526" lon="120.735">
        <ele>263.3</ele>
      </trkpt>
      <trkpt lat="24.30464" lon="120.73496">
        <ele>262.0</ele>
      </trkpt>
      <trkpt lat="24.30452" lon="120.73497">
        <ele>261.3</ele>
      </trkpt>
      <trkpt lat="24.30444" lon="120.73498">
        <ele>260.8</ele>
      </trkpt>
      <trkpt lat="24.30444" lon="120.73498">
        <ele>260.8</ele>
      </trkpt>
      <trkpt lat="24.30429" lon="120.73494">
        <ele>259.9</ele>
      </trkpt>
      <trkpt lat="24.30422" lon="120.73491">
        <ele>259.5</ele>
      </trkpt>
      <trkpt lat="24.30393" lon="120.73479">
        <ele>257.7</ele>
      </trkpt>
      <trkpt lat="24.30374" lon="120.73469">
        <ele>256.5</ele>
      </trkpt>
      <trkpt lat="24.30354" lon="120.73454">
        <ele>255.1</ele>
      </trkpt>
      <trkpt lat="24.30319" lon="120.73416">
        <ele>252.3</ele>
      </trkpt>
      <trkpt lat="24.30298" lon="120.73392">
        <ele>250.6</ele>
      </trkpt>
      <trkpt lat="24.30286" lon="120.73377">
        <ele>249.5</ele>
      </trkpt>
      <trkpt lat="24.30279" lon="120.73369">
        <ele>249.0</ele>
      </trkpt>
      <trkpt lat="24.30277" lon="120.73367">
        <ele>248.8</ele>
      </trkpt>
      <trkpt lat="24.302769" lon="120.733671">
        <ele>248.8</ele>
      </trkpt>
      <trkpt lat="24.30277" lon="120.73367">
        <ele>248.2</ele>
      </trkpt>
      <trkpt lat="24.30249" lon="120.73331">
        <ele>246.3</ele>
      </trkpt>
      <trkpt lat="24.3024" lon="120.7332">
        <ele>245.8</ele>
      </trkpt>
      <trkpt lat="24.30237" lon="120.73317">
        <ele>245.6</ele>
      </trkpt>
      <trkpt lat="24.30224" lon="120.73303">
        <ele>244.9</ele>
      </trkpt>
      <trkpt lat="24.30212" lon="120.73289">
        <ele>244.1</ele>
      </trkpt>
      <trkpt lat="24.30199" lon="120.73274">
        <ele>243.3</ele>
      </trkpt>
      <trkpt lat="24.30188" lon="120.73262">
        <ele>242.7</ele>
      </trkpt>
      <trkpt lat="24.30186" lon="120.7326">
        <ele>242.6</ele>
      </trkpt>
      <trkpt lat="24.30174" lon="120.73248">
        <ele>241.9</ele>
      </trkpt>
      <trkpt lat="24.30166" lon="120.73242">
        <ele>241.5</ele>
      </trkpt>
      <trkpt lat="24.30166" lon="120.73241">
        <ele>241.5</ele>
      </trkpt>
      <trkpt lat="24.30158" lon="120.73235">
        <ele>241.0</ele>
      </trkpt>
      <trkpt lat="24.30144" lon="120.73226">
        <ele>241.3</ele>
      </trkpt>
      <trkpt lat="24.30135" lon="120.73221">
        <ele>241.4</ele>
      </trkpt>
      <trkpt lat="24.30134" lon="120.73221">
        <ele>241.5</ele>
      </trkpt>
      <trkpt lat="24.30126" lon="120.73217">
        <ele>241.6</ele>
      </trkpt>
      <trkpt lat="24.30122" lon="120.73215">
        <ele>241.6</ele>
      </trkpt>
      <trkpt lat="24.30113" lon="120.73212">
        <ele>241.8</ele>
      </trkpt>
      <trkpt lat="24.30103" lon="120.7321">
        <ele>242.3</ele>
      </trkpt>
      <trkpt lat="24.30102" lon="120.7321">
        <ele>242.3</ele>
      </trkpt>
      <trkpt lat="24.30089" lon="120.73207">
        <ele>243.0</ele>
      </trkpt>
      <trkpt lat="24.30087" lon="120.73207">
        <ele>243.1</ele>
      </trkpt>
      <trkpt lat="24.30077" lon="120.73206">
        <ele>243.5</ele>
      </trkpt>
      <trkpt lat="24.30066" lon="120.73205">
        <ele>244.1</ele>
      </trkpt>
      <trkpt lat="24.30048" lon="120.73205">
        <ele>245.0</ele>
      </trkpt>
      <trkpt lat="24.30046" lon="120.73205">
        <ele>244.9</ele>
      </trkpt>
      <trkpt lat="24.3003" lon="120.73205">
        <ele>244.9</ele>
      </trkpt>
      <trkpt lat="24.30025" lon="120.73205">
        <ele>244.9</ele>
      </trkpt>
      <trkpt lat="24.29989" lon="120.73206">
        <ele>244.7</ele>
      </trkpt>
      <trkpt lat="24.29971" lon="120.73206">
        <ele>244.6</ele>
      </trkpt>
      <trkpt lat="24.29917" lon="120.73208">
        <ele>244.4</ele>
      </trkpt>
      <trkpt lat="24.29899" lon="120.73208">
        <ele>244.3</ele>
      </trkpt>
      <trkpt lat="24.29875" lon="120.73208">
        <ele>244.2</ele>
      </trkpt>
      <trkpt lat="24.29872" lon="120.73208">
        <ele>244.2</ele>
      </trkpt>
      <trkpt lat="24.29851" lon="120.73208">
        <ele>244.1</ele>
      </trkpt>
      <trkpt lat="24.29851" lon="120.73208">
        <ele>244.1</ele>
      </trkpt>
      <trkpt lat="24.29843" lon="120.73019">
        <ele>243.4</ele>
      </trkpt>
      <trkpt lat="24.29831" lon="120.72809">
        <ele>238.8</ele>
      </trkpt>
      <trkpt lat="24.29826" lon="120.72712">
        <ele>236.4</ele>
      </trkpt>
      <trkpt lat="24.2982" lon="120.726">
        <ele>233.7</ele>
      </trkpt>
      <trkpt lat="24.29819" lon="120.72592">
        <ele>233.3</ele>
      </trkpt>
      <trkpt lat="24.29819" lon="120.72592">
        <ele>233.3</ele>
      </trkpt>
      <trkpt lat="24.29819" lon="120.72592">
        <ele>233.3</ele>
      </trkpt>
      <trkpt lat="24.29817" lon="120.72555">
        <ele>232.9</ele>
      </trkpt>
      <trkpt lat="24.29817" lon="120.72525">
        <ele>232.9</ele>
      </trkpt>
      <trkpt lat="24.29817" lon="120.72494">
        <ele>232.5</ele>
      </trkpt>
      <trkpt lat="24.29816" lon="120.7245">
        <ele>228.8</ele>
      </trkpt>
      <trkpt lat="24.29815" lon="120.72421">
        <ele>226.5</ele>
      </trkpt>
      <trkpt lat="24.29814" lon="120.72402">
        <ele>226.1</ele>
      </trkpt>
      <trkpt lat="24.29813" lon="120.72361">
        <ele>226.1</ele>
      </trkpt>
      <trkpt lat="24.29813" lon="120.7235">
        <ele>226.0</ele>
      </trkpt>
      <trkpt lat="24.29813" lon="120.7235">
        <ele>226.0</ele>
      </trkpt>
      <trkpt lat="24.29803" lon="120.72352">
        <ele>226.5</ele>
      </trkpt>
      <trkpt lat="24.29791" lon="120.72353">
        <ele>227.2</ele>
      </trkpt>
      <trkpt lat="24.29758" lon="120.72358">
        <ele>228.9</ele>
      </trkpt>
      <trkpt lat="24.29717" lon="120.72365">
        <ele>228.7</ele>
      </trkpt>
      <trkpt lat="24.29689" lon="120.72369">
        <ele>228.1</ele>
      </trkpt>
      <trkpt lat="24.29651" lon="120.72376">
        <ele>227.7</ele>
      </trkpt>
      <trkpt lat="24.29644" lon="120.72377">
        <ele>227.7</ele>
      </trkpt>
      <trkpt lat="24.29624" lon="120.7238">
        <ele>228.0</ele>
      </trkpt>
      <trkpt lat="24.2962" lon="120.7238">
        <ele>228.0</ele>
      </trkpt>
      <trkpt lat="24.2962" lon="120.7238">
        <ele>228.0</ele>
      </trkpt>
      <trkpt lat="24.29607" lon="120.72381">
        <ele>228.1</ele>
      </trkpt>
      <trkpt lat="24.29595" lon="120.72381">
        <ele>228.3</ele>
      </trkpt>
      <trkpt lat="24.29552" lon="120.72379">
        <ele>228.7</ele>
      </trkpt>
      <trkpt lat="24.29522" lon="120.72376">
        <ele>228.9</ele>
      </trkpt>
      <trkpt lat="24.29472" lon="120.72369">
        <ele>228.8</ele>
      </trkpt>
      <trkpt lat="24.29382" lon="120.72362">
        <ele>226.2</ele>
      </trkpt>
      <trkpt lat="24.29381" lon="120.72362">
        <ele>226.2</ele>
      </trkpt>
      <trkpt lat="24.29222" lon="120.72348">
        <ele>219.9</ele>
      </trkpt>
      <trkpt lat="24.29121" lon="120.72341">
        <ele>219.0</ele>
      </trkpt>
      <trkpt lat="24.29091" lon="120.72338">
        <ele>219.7</ele>
      </trkpt>
      <trkpt lat="24.29083" lon="120.72337">
        <ele>219.9</ele>
      </trkpt>
      <trkpt lat="24.29046" lon="120.72332">
        <ele>220.4</ele>
      </trkpt>
      <trkpt lat="24.28974" lon="120.72324">
        <ele>221.3</ele>
      </trkpt>
      <trkpt lat="24.28874" lon="120.72316">
        <ele>222.6</ele>
      </trkpt>
      <trkpt lat="24.28861" lon="120.72315">
        <ele>222.7</ele>
      </trkpt>
      <trkpt lat="24.28829" lon="120.72312">
        <ele>222.9</ele>
      </trkpt>
      <trkpt lat="24.28824" lon="120.72311">
        <ele>222.8</ele>
      </trkpt>
      <trkpt lat="24.28816" lon="120.72311">
        <ele>222.7</ele>
      </trkpt>
      <trkpt lat="24.28801" lon="120.7231">
        <ele>222.5</ele>
      </trkpt>
      <trkpt lat="24.28786" lon="120.72308">
        <ele>222.3</ele>
      </trkpt>
      <trkpt lat="24.28782" lon="120.72308">
        <ele>222.3</ele>
      </trkpt>
      <trkpt lat="24.28777" lon="120.72307">
        <ele>222.2</ele>
      </trkpt>
      <trkpt lat="24.28766" lon="120.72306">
        <ele>222.1</ele>
      </trkpt>
      <trkpt lat="24.28755" lon="120.72305">
        <ele>222.0</ele>
      </trkpt>
      <trkpt lat="24.28717" lon="120.723">
        <ele>220.7</ele>
      </trkpt>
      <trkpt lat="24.28655" lon="120.7229">
        <ele>218.6</ele>
      </trkpt>
      <trkpt lat="24.2865" lon="120.72289">
        <ele>218.6</ele>
      </trkpt>
      <trkpt lat="24.28626" lon="120.72285">
        <ele>218.7</ele>
      </trkpt>
      <trkpt lat="24.28594" lon="120.72281">
        <ele>218.8</ele>
      </trkpt>
      <trkpt lat="24.28576" lon="120.7228">
        <ele>218.8</ele>
      </trkpt>
      <trkpt lat="24.28558" lon="120.72278">
        <ele>218.7</ele>
      </trkpt>
      <trkpt lat="24.28533" lon="120.72276">
        <ele>218.5</ele>
      </trkpt>
      <trkpt lat="24.28533" lon="120.72276">
        <ele>218.5</ele>
      </trkpt>
      <trkpt lat="24.28514" lon="120.72274">
        <ele>218.3</ele>
      </trkpt>
      <trkpt lat="24.28487" lon="120.72272">
        <ele>217.8</ele>
      </trkpt>
      <trkpt lat="24.28485" lon="120.72272">
        <ele>217.7</ele>
      </trkpt>
      <trkpt lat="24.28485" lon="120.72271">
        <ele>217.7</ele>
      </trkpt>
      <trkpt lat="24.28475" lon="120.7227">
        <ele>217.3</ele>
      </trkpt>
      <trkpt lat="24.28453" lon="120.72268">
        <ele>216.7</ele>
      </trkpt>
      <trkpt lat="24.28429" lon="120.72266">
        <ele>216.0</ele>
      </trkpt>
      <trkpt lat="24.28411" lon="120.72264">
        <ele>215.2</ele>
      </trkpt>
      <trkpt lat="24.28411" lon="120.72264">
        <ele>215.2</ele>
      </trkpt>
      <trkpt lat="24.28412" lon="120.7225">
        <ele>214.6</ele>
      </trkpt>
      <trkpt lat="24.28413" lon="120.7224">
        <ele>214.0</ele>
      </trkpt>
      <trkpt lat="24.28413" lon="120.72237">
        <ele>213.8</ele>
      </trkpt>
      <trkpt lat="24.28414" lon="120.72235">
        <ele>213.7</ele>
      </trkpt>
      <trkpt lat="24.28414" lon="120.72233">
        <ele>213.6</ele>
      </trkpt>
      <trkpt lat="24.28415" lon="120.72231">
        <ele>213.5</ele>
      </trkpt>
      <trkpt lat="24.2842" lon="120.72226">
        <ele>213.3</ele>
      </trkpt>
      <trkpt lat="24.28422" lon="120.72224">
        <ele>213.2</ele>
      </trkpt>
      <trkpt lat="24.28423" lon="120.72223">
        <ele>213.2</ele>
      </trkpt>
      <trkpt lat="24.28425" lon="120.72222">
        <ele>213.1</ele>
      </trkpt>
      <trkpt lat="24.2843" lon="120.7222">
        <ele>213.1</ele>
      </trkpt>
      <trkpt lat="24.28435" lon="120.72219">
        <ele>213.1</ele>
      </trkpt>
      <trkpt lat="24.28467" lon="120.72213">
        <ele>213.2</ele>
      </trkpt>
      <trkpt lat="24.28498" lon="120.72208">
        <ele>213.4</ele>
      </trkpt>
      <trkpt lat="24.28517" lon="120.72206">
        <ele>213.6</ele>
      </trkpt>
      <trkpt lat="24.28535" lon="120.72204">
        <ele>213.7</ele>
      </trkpt>
      <trkpt lat="24.28554" lon="120.72202">
        <ele>213.8</ele>
      </trkpt>
      <trkpt lat="24.2856" lon="120.72198">
        <ele>213.6</ele>
      </trkpt>
      <trkpt lat="24.28564" lon="120.72196">
        <ele>213.5</ele>
      </trkpt>
      <trkpt lat="24.28567" lon="120.72194">
        <ele>213.4</ele>
      </trkpt>
      <trkpt lat="24.28569" lon="120.72191">
        <ele>213.3</ele>
      </trkpt>
      <trkpt lat="24.28572" lon="120.72189">
        <ele>213.2</ele>
      </trkpt>
      <trkpt lat="24.28582" lon="120.72177">
        <ele>212.6</ele>
      </trkpt>
      <trkpt lat="24.28589" lon="120.72168">
        <ele>212.2</ele>
      </trkpt>
      <trkpt lat="24.28599" lon="120.72157">
        <ele>211.8</ele>
      </trkpt>
      <trkpt lat="24.286" lon="120.72156">
        <ele>211.8</ele>
      </trkpt>
      <trkpt lat="24.28613" lon="120.72138">
        <ele>211.1</ele>
      </trkpt>
      <trkpt lat="24.28614" lon="120.72135">
        <ele>211.0</ele>
      </trkpt>
      <trkpt lat="24.28615" lon="120.72133">
        <ele>210.9</ele>
      </trkpt>
      <trkpt lat="24.28616" lon="120.72131">
        <ele>210.8</ele>
      </trkpt>
      <trkpt lat="24.28616" lon="120.7213">
        <ele>210.8</ele>
      </trkpt>
      <trkpt lat="24.28616" lon="120.72128">
        <ele>210.6</ele>
      </trkpt>
      <trkpt lat="24.28616" lon="120.72126">
        <ele>210.5</ele>
      </trkpt>
      <trkpt lat="24.28616" lon="120.72121">
        <ele>210.3</ele>
      </trkpt>
      <trkpt lat="24.28614" lon="120.72112">
        <ele>209.7</ele>
      </trkpt>
      <trkpt lat="24.28597" lon="120.7203">
        <ele>206.6</ele>
      </trkpt>
      <trkpt lat="24.28591" lon="120.72006">
        <ele>206.2</ele>
      </trkpt>
      <trkpt lat="24.28589" lon="120.71993">
        <ele>206.0</ele>
      </trkpt>
      <trkpt lat="24.28586" lon="120.71977">
        <ele>205.7</ele>
      </trkpt>
      <trkpt lat="24.2858" lon="120.71936">
        <ele>205.3</ele>
      </trkpt>
      <trkpt lat="24.2858" lon="120.7193">
        <ele>205.2</ele>
      </trkpt>
      <trkpt lat="24.28578" lon="120.71918">
        <ele>205.1</ele>
      </trkpt>
      <trkpt lat="24.28574" lon="120.71868">
        <ele>205.1</ele>
      </trkpt>
      <trkpt lat="24.28571" lon="120.71832">
        <ele>205.1</ele>
      </trkpt>
      <trkpt lat="24.2857" lon="120.71811">
        <ele>204.8</ele>
      </trkpt>
      <trkpt lat="24.2857" lon="120.71778">
        <ele>204.4</ele>
      </trkpt>
      <trkpt lat="24.28575" lon="120.71673">
        <ele>203.9</ele>
      </trkpt>
      <trkpt lat="24.2858" lon="120.71599">
        <ele>203.8</ele>
      </trkpt>
      <trkpt lat="24.28581" lon="120.7158">
        <ele>203.8</ele>
      </trkpt>
      <trkpt lat="24.28596" lon="120.71368">
        <ele>201.8</ele>
      </trkpt>
      <trkpt lat="24.28611" lon="120.71189">
        <ele>195.2</ele>
      </trkpt>
      <trkpt lat="24.28614" lon="120.71157">
        <ele>194.4</ele>
      </trkpt>
      <trkpt lat="24.2862" lon="120.71046">
        <ele>193.6</ele>
      </trkpt>
      <trkpt lat="24.28625" lon="120.70967">
        <ele>193.4</ele>
      </trkpt>
      <trkpt lat="24.28625" lon="120.70967">
        <ele>193.4</ele>
      </trkpt>
      <trkpt lat="24.28625" lon="120.70959">
        <ele>193.5</ele>
      </trkpt>
      <trkpt lat="24.28639" lon="120.70776">
        <ele>192.8</ele>
      </trkpt>
      <trkpt lat="24.28646" lon="120.70677">
        <ele>190.8</ele>
      </trkpt>
      <trkpt lat="24.28669" lon="120.70383">
        <ele>186.7</ele>
      </trkpt>
      <trkpt lat="24.2867" lon="120.70363">
        <ele>186.5</ele>
      </trkpt>
      <trkpt lat="24.28674" lon="120.70304">
        <ele>185.6</ele>
      </trkpt>
      <trkpt lat="24.28676" lon="120.70284">
        <ele>185.2</ele>
      </trkpt>
      <trkpt lat="24.28679" lon="120.70249">
        <ele>184.4</ele>
      </trkpt>
      <trkpt lat="24.2868" lon="120.70229">
        <ele>184.5</ele>
      </trkpt>
    </trkseg>
  </trk>
</gpx>
