<?xml version="1.0" encoding="UTF-8"?>
<gpx xmlns:gpxdata="http://www.cluetrust.com/XML/GPXDATA/1/0" xmlns:xsi="http://www.w3.org/2001/XMLSchema-instance" xmlns="http://www.topografix.com/GPX/1/1" version="1.1" creator="http://ridewithgps.com/" xsi:schemaLocation="http://www.topografix.com/GPX/1/1 http://www.topografix.com/GPX/1/1/gpx.xsd http://www.cluetrust.com/XML/GPXDATA/1/0 http://www.cluetrust.com/Schemas/gpxdata10.xsd">
  <metadata>
    <name>2026自行車嘉年華LIVDAY挑戰組 64KM</name>
    <link href="https://ridewithgps.com/routes/55186242">
      <text>2026自行車嘉年華LIVDAY挑戰組 64KM</text>
    </link>
    <time>2026-05-18T12:16:41Z</time>
  </metadata>
  <trk>
    <name>2026自行車嘉年華LIVDAY挑戰組 64KM</name>
    <trkseg>
      <trkpt lat="24.28678" lon="120.70254">
        <ele>184.5</ele>
      </trkpt>
      <trkpt lat="24.28676" lon="120.70284">
        <ele>185.2</ele>
      </trkpt>
      <trkpt lat="24.28674" lon="120.70304">
        <ele>185.6</ele>
      </trkpt>
      <trkpt lat="24.2867" lon="120.70363">
        <ele>186.5</ele>
      </trkpt>
      <trkpt lat="24.28669" lon="120.70383">
        <ele>186.7</ele>
      </trkpt>
      <trkpt lat="24.28646" lon="120.70677">
        <ele>190.8</ele>
      </trkpt>
      <trkpt lat="24.28639" lon="120.70776">
        <ele>192.8</ele>
      </trkpt>
      <trkpt lat="24.28625" lon="120.70959">
        <ele>193.5</ele>
      </trkpt>
      <trkpt lat="24.28625" lon="120.70967">
        <ele>193.4</ele>
      </trkpt>
      <trkpt lat="24.28625" lon="120.70967">
        <ele>193.4</ele>
      </trkpt>
      <trkpt lat="24.2862" lon="120.71046">
        <ele>193.6</ele>
      </trkpt>
      <trkpt lat="24.28614" lon="120.71157">
        <ele>194.4</ele>
      </trkpt>
      <trkpt lat="24.28611" lon="120.71189">
        <ele>195.2</ele>
      </trkpt>
      <trkpt lat="24.28596" lon="120.71368">
        <ele>201.8</ele>
      </trkpt>
      <trkpt lat="24.28581" lon="120.7158">
        <ele>203.8</ele>
      </trkpt>
      <trkpt lat="24.2858" lon="120.71599">
        <ele>203.8</ele>
      </trkpt>
      <trkpt lat="24.28575" lon="120.71673">
        <ele>203.9</ele>
      </trkpt>
      <trkpt lat="24.2857" lon="120.71778">
        <ele>204.4</ele>
      </trkpt>
      <trkpt lat="24.2857" lon="120.71811">
        <ele>204.8</ele>
      </trkpt>
      <trkpt lat="24.28571" lon="120.71832">
        <ele>205.1</ele>
      </trkpt>
      <trkpt lat="24.28574" lon="120.71868">
        <ele>205.1</ele>
      </trkpt>
      <trkpt lat="24.28578" lon="120.71918">
        <ele>205.1</ele>
      </trkpt>
      <trkpt lat="24.2858" lon="120.7193">
        <ele>205.2</ele>
      </trkpt>
      <trkpt lat="24.2858" lon="120.71936">
        <ele>205.3</ele>
      </trkpt>
      <trkpt lat="24.28586" lon="120.71977">
        <ele>205.7</ele>
      </trkpt>
      <trkpt lat="24.28589" lon="120.71993">
        <ele>206.0</ele>
      </trkpt>
      <trkpt lat="24.28591" lon="120.72006">
        <ele>206.2</ele>
      </trkpt>
      <trkpt lat="24.28597" lon="120.7203">
        <ele>206.6</ele>
      </trkpt>
      <trkpt lat="24.28614" lon="120.72112">
        <ele>209.7</ele>
      </trkpt>
      <trkpt lat="24.28616" lon="120.72121">
        <ele>210.3</ele>
      </trkpt>
      <trkpt lat="24.28616" lon="120.72126">
        <ele>210.5</ele>
      </trkpt>
      <trkpt lat="24.28616" lon="120.72128">
        <ele>210.6</ele>
      </trkpt>
      <trkpt lat="24.28616" lon="120.7213">
        <ele>210.8</ele>
      </trkpt>
      <trkpt lat="24.28616" lon="120.72131">
        <ele>210.8</ele>
      </trkpt>
      <trkpt lat="24.28615" lon="120.72133">
        <ele>210.9</ele>
      </trkpt>
      <trkpt lat="24.28614" lon="120.72135">
        <ele>211.0</ele>
      </trkpt>
      <trkpt lat="24.28613" lon="120.72138">
        <ele>211.1</ele>
      </trkpt>
      <trkpt lat="24.286" lon="120.72156">
        <ele>211.8</ele>
      </trkpt>
      <trkpt lat="24.28599" lon="120.72157">
        <ele>211.8</ele>
      </trkpt>
      <trkpt lat="24.28589" lon="120.72168">
        <ele>212.2</ele>
      </trkpt>
      <trkpt lat="24.28582" lon="120.72177">
        <ele>212.6</ele>
      </trkpt>
      <trkpt lat="24.28572" lon="120.72189">
        <ele>213.2</ele>
      </trkpt>
      <trkpt lat="24.28569" lon="120.72191">
        <ele>213.3</ele>
      </trkpt>
      <trkpt lat="24.28567" lon="120.72194">
        <ele>213.4</ele>
      </trkpt>
      <trkpt lat="24.28564" lon="120.72196">
        <ele>213.5</ele>
      </trkpt>
      <trkpt lat="24.2856" lon="120.72198">
        <ele>213.6</ele>
      </trkpt>
      <trkpt lat="24.28554" lon="120.72202">
        <ele>213.8</ele>
      </trkpt>
      <trkpt lat="24.28535" lon="120.72204">
        <ele>213.7</ele>
      </trkpt>
      <trkpt lat="24.28517" lon="120.72206">
        <ele>213.6</ele>
      </trkpt>
      <trkpt lat="24.28498" lon="120.72208">
        <ele>213.4</ele>
      </trkpt>
      <trkpt lat="24.28467" lon="120.72213">
        <ele>213.2</ele>
      </trkpt>
      <trkpt lat="24.28435" lon="120.72219">
        <ele>213.1</ele>
      </trkpt>
      <trkpt lat="24.2843" lon="120.7222">
        <ele>213.1</ele>
      </trkpt>
      <trkpt lat="24.28425" lon="120.72222">
        <ele>213.1</ele>
      </trkpt>
      <trkpt lat="24.28423" lon="120.72223">
        <ele>213.2</ele>
      </trkpt>
      <trkpt lat="24.28422" lon="120.72224">
        <ele>213.2</ele>
      </trkpt>
      <trkpt lat="24.2842" lon="120.72226">
        <ele>213.3</ele>
      </trkpt>
      <trkpt lat="24.28415" lon="120.72231">
        <ele>213.5</ele>
      </trkpt>
      <trkpt lat="24.28414" lon="120.72233">
        <ele>213.6</ele>
      </trkpt>
      <trkpt lat="24.28414" lon="120.72235">
        <ele>213.7</ele>
      </trkpt>
      <trkpt lat="24.28413" lon="120.72237">
        <ele>213.8</ele>
      </trkpt>
      <trkpt lat="24.28413" lon="120.7224">
        <ele>214.0</ele>
      </trkpt>
      <trkpt lat="24.28412" lon="120.7225">
        <ele>214.6</ele>
      </trkpt>
      <trkpt lat="24.28412" lon="120.7225">
        <ele>214.6</ele>
      </trkpt>
      <trkpt lat="24.28411" lon="120.72264">
        <ele>215.0</ele>
      </trkpt>
      <trkpt lat="24.2841" lon="120.72279">
        <ele>215.6</ele>
      </trkpt>
      <trkpt lat="24.2841" lon="120.72279">
        <ele>215.6</ele>
      </trkpt>
      <trkpt lat="24.28451" lon="120.7228">
        <ele>217.2</ele>
      </trkpt>
      <trkpt lat="24.28494" lon="120.72282">
        <ele>218.9</ele>
      </trkpt>
      <trkpt lat="24.28505" lon="120.72283">
        <ele>219.2</ele>
      </trkpt>
      <trkpt lat="24.28556" lon="120.72288">
        <ele>219.4</ele>
      </trkpt>
      <trkpt lat="24.28557" lon="120.72288">
        <ele>219.4</ele>
      </trkpt>
      <trkpt lat="24.2857" lon="120.7229">
        <ele>219.5</ele>
      </trkpt>
      <trkpt lat="24.28575" lon="120.7229">
        <ele>219.4</ele>
      </trkpt>
      <trkpt lat="24.28593" lon="120.72292">
        <ele>219.4</ele>
      </trkpt>
      <trkpt lat="24.28593" lon="120.72292">
        <ele>219.4</ele>
      </trkpt>
      <trkpt lat="24.28634" lon="120.72298">
        <ele>219.2</ele>
      </trkpt>
      <trkpt lat="24.28684" lon="120.72306">
        <ele>219.6</ele>
      </trkpt>
      <trkpt lat="24.2869" lon="120.72307">
        <ele>219.9</ele>
      </trkpt>
      <trkpt lat="24.28715" lon="120.72311">
        <ele>220.8</ele>
      </trkpt>
      <trkpt lat="24.28765" lon="120.72317">
        <ele>222.2</ele>
      </trkpt>
      <trkpt lat="24.28777" lon="120.72318">
        <ele>222.4</ele>
      </trkpt>
      <trkpt lat="24.28786" lon="120.72319">
        <ele>222.6</ele>
      </trkpt>
      <trkpt lat="24.28801" lon="120.7232">
        <ele>222.8</ele>
      </trkpt>
      <trkpt lat="24.28973" lon="120.72336">
        <ele>221.6</ele>
      </trkpt>
      <trkpt lat="24.29044" lon="120.72343">
        <ele>220.3</ele>
      </trkpt>
      <trkpt lat="24.29082" lon="120.72347">
        <ele>219.7</ele>
      </trkpt>
      <trkpt lat="24.2912" lon="120.7235">
        <ele>218.9</ele>
      </trkpt>
      <trkpt lat="24.29222" lon="120.7236">
        <ele>219.8</ele>
      </trkpt>
      <trkpt lat="24.29403" lon="120.72374">
        <ele>227.7</ele>
      </trkpt>
      <trkpt lat="24.29412" lon="120.72375">
        <ele>228.2</ele>
      </trkpt>
      <trkpt lat="24.29418" lon="120.72375">
        <ele>228.5</ele>
      </trkpt>
      <trkpt lat="24.29471" lon="120.72381">
        <ele>228.9</ele>
      </trkpt>
      <trkpt lat="24.29482" lon="120.72382">
        <ele>228.9</ele>
      </trkpt>
      <trkpt lat="24.29538" lon="120.7239">
        <ele>228.7</ele>
      </trkpt>
      <trkpt lat="24.29578" lon="120.72394">
        <ele>228.3</ele>
      </trkpt>
      <trkpt lat="24.29594" lon="120.72395">
        <ele>228.1</ele>
      </trkpt>
      <trkpt lat="24.29607" lon="120.72395">
        <ele>228.0</ele>
      </trkpt>
      <trkpt lat="24.29645" lon="120.72392">
        <ele>227.6</ele>
      </trkpt>
      <trkpt lat="24.29751" lon="120.72372">
        <ele>229.4</ele>
      </trkpt>
      <trkpt lat="24.298" lon="120.72364">
        <ele>226.7</ele>
      </trkpt>
      <trkpt lat="24.29803" lon="120.72364">
        <ele>226.6</ele>
      </trkpt>
      <trkpt lat="24.29807" lon="120.72456">
        <ele>229.9</ele>
      </trkpt>
      <trkpt lat="24.29812" lon="120.72548">
        <ele>233.0</ele>
      </trkpt>
      <trkpt lat="24.29816" lon="120.7264">
        <ele>235.7</ele>
      </trkpt>
      <trkpt lat="24.29821" lon="120.72735">
        <ele>236.1</ele>
      </trkpt>
      <trkpt lat="24.29826" lon="120.7283">
        <ele>239.8</ele>
      </trkpt>
      <trkpt lat="24.2983" lon="120.72926">
        <ele>238.5</ele>
      </trkpt>
      <trkpt lat="24.29835" lon="120.73021">
        <ele>243.3</ele>
      </trkpt>
      <trkpt lat="24.29835" lon="120.7302">
        <ele>243.3</ele>
      </trkpt>
      <trkpt lat="24.29831" lon="120.7302">
        <ele>243.2</ele>
      </trkpt>
      <trkpt lat="24.29831" lon="120.7302">
        <ele>243.2</ele>
      </trkpt>
      <trkpt lat="24.29842" lon="120.73209">
        <ele>247.0</ele>
      </trkpt>
      <trkpt lat="24.29843" lon="120.73223">
        <ele>247.3</ele>
      </trkpt>
      <trkpt lat="24.29843" lon="120.73239">
        <ele>247.6</ele>
      </trkpt>
      <trkpt lat="24.29844" lon="120.73261">
        <ele>247.8</ele>
      </trkpt>
      <trkpt lat="24.29846" lon="120.73267">
        <ele>247.8</ele>
      </trkpt>
      <trkpt lat="24.29848" lon="120.7327">
        <ele>247.7</ele>
      </trkpt>
      <trkpt lat="24.29843" lon="120.73296">
        <ele>247.8</ele>
      </trkpt>
      <trkpt lat="24.29838" lon="120.73317">
        <ele>247.9</ele>
      </trkpt>
      <trkpt lat="24.29836" lon="120.7335">
        <ele>248.7</ele>
      </trkpt>
      <trkpt lat="24.29837" lon="120.73403">
        <ele>251.2</ele>
      </trkpt>
      <trkpt lat="24.29837" lon="120.73449">
        <ele>253.1</ele>
      </trkpt>
      <trkpt lat="24.29839" lon="120.73504">
        <ele>255.0</ele>
      </trkpt>
      <trkpt lat="24.29839" lon="120.73512">
        <ele>255.2</ele>
      </trkpt>
      <trkpt lat="24.2984" lon="120.73528">
        <ele>255.5</ele>
      </trkpt>
      <trkpt lat="24.29842" lon="120.7355">
        <ele>256.0</ele>
      </trkpt>
      <trkpt lat="24.29842" lon="120.7355">
        <ele>256.0</ele>
      </trkpt>
      <trkpt lat="24.29853" lon="120.73551">
        <ele>255.7</ele>
      </trkpt>
      <trkpt lat="24.29856" lon="120.73554">
        <ele>255.7</ele>
      </trkpt>
      <trkpt lat="24.29869" lon="120.73555">
        <ele>255.3</ele>
      </trkpt>
      <trkpt lat="24.29944" lon="120.73561">
        <ele>252.9</ele>
      </trkpt>
      <trkpt lat="24.29957" lon="120.73563">
        <ele>252.4</ele>
      </trkpt>
      <trkpt lat="24.30019" lon="120.73584">
        <ele>250.3</ele>
      </trkpt>
      <trkpt lat="24.30047" lon="120.73575">
        <ele>249.7</ele>
      </trkpt>
      <trkpt lat="24.30059" lon="120.7357">
        <ele>249.4</ele>
      </trkpt>
      <trkpt lat="24.30073" lon="120.73563">
        <ele>249.1</ele>
      </trkpt>
      <trkpt lat="24.30086" lon="120.73606">
        <ele>248.4</ele>
      </trkpt>
      <trkpt lat="24.30081" lon="120.73636">
        <ele>248.7</ele>
      </trkpt>
      <trkpt lat="24.30071" lon="120.73659">
        <ele>249.2</ele>
      </trkpt>
      <trkpt lat="24.30059" lon="120.73676">
        <ele>250.0</ele>
      </trkpt>
      <trkpt lat="24.30042" lon="120.73692">
        <ele>250.8</ele>
      </trkpt>
      <trkpt lat="24.30021" lon="120.73708">
        <ele>251.1</ele>
      </trkpt>
      <trkpt lat="24.29993" lon="120.73723">
        <ele>251.4</ele>
      </trkpt>
      <trkpt lat="24.29992" lon="120.73721">
        <ele>251.5</ele>
      </trkpt>
      <trkpt lat="24.29992" lon="120.73721">
        <ele>251.5</ele>
      </trkpt>
      <trkpt lat="24.2998" lon="120.73727">
        <ele>252.3</ele>
      </trkpt>
      <trkpt lat="24.2997" lon="120.73732">
        <ele>252.9</ele>
      </trkpt>
      <trkpt lat="24.29965" lon="120.73735">
        <ele>253.2</ele>
      </trkpt>
      <trkpt lat="24.29963" lon="120.73737">
        <ele>253.3</ele>
      </trkpt>
      <trkpt lat="24.2996" lon="120.73739">
        <ele>253.5</ele>
      </trkpt>
      <trkpt lat="24.29955" lon="120.73743">
        <ele>253.7</ele>
      </trkpt>
      <trkpt lat="24.29935" lon="120.73766">
        <ele>254.8</ele>
      </trkpt>
      <trkpt lat="24.29907" lon="120.73796">
        <ele>255.8</ele>
      </trkpt>
      <trkpt lat="24.29899" lon="120.73806">
        <ele>256.0</ele>
      </trkpt>
      <trkpt lat="24.29898" lon="120.73807">
        <ele>256.1</ele>
      </trkpt>
      <trkpt lat="24.29895" lon="120.73812">
        <ele>256.1</ele>
      </trkpt>
      <trkpt lat="24.29894" lon="120.73815">
        <ele>256.1</ele>
      </trkpt>
      <trkpt lat="24.29887" lon="120.73836">
        <ele>256.1</ele>
      </trkpt>
      <trkpt lat="24.29885" lon="120.73845">
        <ele>256.3</ele>
      </trkpt>
      <trkpt lat="24.29883" lon="120.73858">
        <ele>256.6</ele>
      </trkpt>
      <trkpt lat="24.29881" lon="120.73873">
        <ele>256.8</ele>
      </trkpt>
      <trkpt lat="24.29881" lon="120.73881">
        <ele>256.9</ele>
      </trkpt>
      <trkpt lat="24.2988" lon="120.73883">
        <ele>257.0</ele>
      </trkpt>
      <trkpt lat="24.29876" lon="120.73919">
        <ele>257.6</ele>
      </trkpt>
      <trkpt lat="24.29873" lon="120.73944">
        <ele>258.6</ele>
      </trkpt>
      <trkpt lat="24.29871" lon="120.73954">
        <ele>259.1</ele>
      </trkpt>
      <trkpt lat="24.29868" lon="120.73968">
        <ele>259.6</ele>
      </trkpt>
      <trkpt lat="24.29868" lon="120.73971">
        <ele>259.7</ele>
      </trkpt>
      <trkpt lat="24.29867" lon="120.73973">
        <ele>259.8</ele>
      </trkpt>
      <trkpt lat="24.29868" lon="120.73983">
        <ele>260.2</ele>
      </trkpt>
      <trkpt lat="24.29869" lon="120.73999">
        <ele>260.8</ele>
      </trkpt>
      <trkpt lat="24.2987" lon="120.74009">
        <ele>261.6</ele>
      </trkpt>
      <trkpt lat="24.29871" lon="120.74021">
        <ele>262.6</ele>
      </trkpt>
      <trkpt lat="24.29871" lon="120.74028">
        <ele>263.2</ele>
      </trkpt>
      <trkpt lat="24.29868" lon="120.74049">
        <ele>264.7</ele>
      </trkpt>
      <trkpt lat="24.29865" lon="120.7406">
        <ele>265.3</ele>
      </trkpt>
      <trkpt lat="24.2986" lon="120.74079">
        <ele>266.3</ele>
      </trkpt>
      <trkpt lat="24.29857" lon="120.74093">
        <ele>267.8</ele>
      </trkpt>
      <trkpt lat="24.29851" lon="120.74113">
        <ele>270.0</ele>
      </trkpt>
      <trkpt lat="24.29845" lon="120.74129">
        <ele>271.2</ele>
      </trkpt>
      <trkpt lat="24.29845" lon="120.7413">
        <ele>271.3</ele>
      </trkpt>
      <trkpt lat="24.29838" lon="120.74146">
        <ele>271.9</ele>
      </trkpt>
      <trkpt lat="24.2983" lon="120.74166">
        <ele>272.6</ele>
      </trkpt>
      <trkpt lat="24.29827" lon="120.74177">
        <ele>273.9</ele>
      </trkpt>
      <trkpt lat="24.29825" lon="120.74186">
        <ele>274.9</ele>
      </trkpt>
      <trkpt lat="24.29823" lon="120.74194">
        <ele>275.8</ele>
      </trkpt>
      <trkpt lat="24.29821" lon="120.74198">
        <ele>276.1</ele>
      </trkpt>
      <trkpt lat="24.29817" lon="120.74204">
        <ele>276.4</ele>
      </trkpt>
      <trkpt lat="24.2981" lon="120.74212">
        <ele>276.3</ele>
      </trkpt>
      <trkpt lat="24.29793" lon="120.7423">
        <ele>275.6</ele>
      </trkpt>
      <trkpt lat="24.29792" lon="120.74231">
        <ele>275.5</ele>
      </trkpt>
      <trkpt lat="24.29786" lon="120.74235">
        <ele>274.8</ele>
      </trkpt>
      <trkpt lat="24.29778" lon="120.74244">
        <ele>274.2</ele>
      </trkpt>
      <trkpt lat="24.29774" lon="120.7425">
        <ele>273.9</ele>
      </trkpt>
      <trkpt lat="24.29766" lon="120.74261">
        <ele>273.2</ele>
      </trkpt>
      <trkpt lat="24.29762" lon="120.74267">
        <ele>272.9</ele>
      </trkpt>
      <trkpt lat="24.29758" lon="120.74271">
        <ele>272.4</ele>
      </trkpt>
      <trkpt lat="24.29757" lon="120.74273">
        <ele>272.4</ele>
      </trkpt>
      <trkpt lat="24.29752" lon="120.74278">
        <ele>271.8</ele>
      </trkpt>
      <trkpt lat="24.29739" lon="120.74294">
        <ele>272.1</ele>
      </trkpt>
      <trkpt lat="24.29727" lon="120.7431">
        <ele>272.5</ele>
      </trkpt>
      <trkpt lat="24.29723" lon="120.74318">
        <ele>272.7</ele>
      </trkpt>
      <trkpt lat="24.2972" lon="120.74325">
        <ele>273.0</ele>
      </trkpt>
      <trkpt lat="24.29719" lon="120.74329">
        <ele>273.1</ele>
      </trkpt>
      <trkpt lat="24.29718" lon="120.74331">
        <ele>273.2</ele>
      </trkpt>
      <trkpt lat="24.29712" lon="120.74345">
        <ele>272.6</ele>
      </trkpt>
      <trkpt lat="24.29704" lon="120.74361">
        <ele>271.9</ele>
      </trkpt>
      <trkpt lat="24.29702" lon="120.74363">
        <ele>271.8</ele>
      </trkpt>
      <trkpt lat="24.29698" lon="120.7437">
        <ele>271.5</ele>
      </trkpt>
      <trkpt lat="24.29696" lon="120.74375">
        <ele>271.3</ele>
      </trkpt>
      <trkpt lat="24.29693" lon="120.74379">
        <ele>271.2</ele>
      </trkpt>
      <trkpt lat="24.29692" lon="120.74382">
        <ele>271.0</ele>
      </trkpt>
      <trkpt lat="24.29692" lon="120.74386">
        <ele>270.9</ele>
      </trkpt>
      <trkpt lat="24.29691" lon="120.74387">
        <ele>270.9</ele>
      </trkpt>
      <trkpt lat="24.29691" lon="120.74388">
        <ele>270.8</ele>
      </trkpt>
      <trkpt lat="24.29691" lon="120.74389">
        <ele>270.8</ele>
      </trkpt>
      <trkpt lat="24.29691" lon="120.7439">
        <ele>270.7</ele>
      </trkpt>
      <trkpt lat="24.29691" lon="120.74391">
        <ele>270.7</ele>
      </trkpt>
      <trkpt lat="24.29692" lon="120.74392">
        <ele>270.7</ele>
      </trkpt>
      <trkpt lat="24.29692" lon="120.74393">
        <ele>270.6</ele>
      </trkpt>
      <trkpt lat="24.29692" lon="120.74394">
        <ele>270.6</ele>
      </trkpt>
      <trkpt lat="24.29692" lon="120.74395">
        <ele>270.5</ele>
      </trkpt>
      <trkpt lat="24.29693" lon="120.74398">
        <ele>270.4</ele>
      </trkpt>
      <trkpt lat="24.29696" lon="120.74402">
        <ele>270.3</ele>
      </trkpt>
      <trkpt lat="24.29698" lon="120.74406">
        <ele>270.3</ele>
      </trkpt>
      <trkpt lat="24.29729" lon="120.74441">
        <ele>271.4</ele>
      </trkpt>
      <trkpt lat="24.29745" lon="120.7446">
        <ele>271.5</ele>
      </trkpt>
      <trkpt lat="24.29756" lon="120.74478">
        <ele>271.6</ele>
      </trkpt>
      <trkpt lat="24.29762" lon="120.74495">
        <ele>271.6</ele>
      </trkpt>
      <trkpt lat="24.29765" lon="120.74505">
        <ele>272.1</ele>
      </trkpt>
      <trkpt lat="24.29785" lon="120.74581">
        <ele>278.5</ele>
      </trkpt>
      <trkpt lat="24.29786" lon="120.74586">
        <ele>278.7</ele>
      </trkpt>
      <trkpt lat="24.29789" lon="120.746">
        <ele>279.0</ele>
      </trkpt>
      <trkpt lat="24.29789" lon="120.74604">
        <ele>279.2</ele>
      </trkpt>
      <trkpt lat="24.2979" lon="120.74609">
        <ele>279.4</ele>
      </trkpt>
      <trkpt lat="24.2979" lon="120.74615">
        <ele>279.6</ele>
      </trkpt>
      <trkpt lat="24.29789" lon="120.74622">
        <ele>280.1</ele>
      </trkpt>
      <trkpt lat="24.29788" lon="120.74626">
        <ele>280.3</ele>
      </trkpt>
      <trkpt lat="24.29787" lon="120.74629">
        <ele>280.5</ele>
      </trkpt>
      <trkpt lat="24.29786" lon="120.74632">
        <ele>280.7</ele>
      </trkpt>
      <trkpt lat="24.29785" lon="120.74634">
        <ele>280.9</ele>
      </trkpt>
      <trkpt lat="24.29783" lon="120.74636">
        <ele>281.1</ele>
      </trkpt>
      <trkpt lat="24.29782" lon="120.74638">
        <ele>281.2</ele>
      </trkpt>
      <trkpt lat="24.29782" lon="120.74638">
        <ele>281.2</ele>
      </trkpt>
      <trkpt lat="24.29782" lon="120.74639">
        <ele>281.3</ele>
      </trkpt>
      <trkpt lat="24.2978" lon="120.74641">
        <ele>281.5</ele>
      </trkpt>
      <trkpt lat="24.29778" lon="120.74642">
        <ele>281.7</ele>
      </trkpt>
      <trkpt lat="24.29775" lon="120.74644">
        <ele>281.9</ele>
      </trkpt>
      <trkpt lat="24.29768" lon="120.74648">
        <ele>282.5</ele>
      </trkpt>
      <trkpt lat="24.29763" lon="120.74651">
        <ele>282.9</ele>
      </trkpt>
      <trkpt lat="24.29759" lon="120.74654">
        <ele>283.2</ele>
      </trkpt>
      <trkpt lat="24.29757" lon="120.74656">
        <ele>283.4</ele>
      </trkpt>
      <trkpt lat="24.29755" lon="120.74658">
        <ele>283.5</ele>
      </trkpt>
      <trkpt lat="24.29754" lon="120.7466">
        <ele>283.6</ele>
      </trkpt>
      <trkpt lat="24.29753" lon="120.74662">
        <ele>283.7</ele>
      </trkpt>
      <trkpt lat="24.29746" lon="120.74668">
        <ele>284.9</ele>
      </trkpt>
      <trkpt lat="24.29742" lon="120.74672">
        <ele>285.9</ele>
      </trkpt>
      <trkpt lat="24.29739" lon="120.74675">
        <ele>286.6</ele>
      </trkpt>
      <trkpt lat="24.29737" lon="120.7468">
        <ele>287.0</ele>
      </trkpt>
      <trkpt lat="24.29734" lon="120.74687">
        <ele>287.7</ele>
      </trkpt>
      <trkpt lat="24.29714" lon="120.74743">
        <ele>292.9</ele>
      </trkpt>
      <trkpt lat="24.29712" lon="120.74751">
        <ele>293.4</ele>
      </trkpt>
      <trkpt lat="24.29703" lon="120.74778">
        <ele>294.2</ele>
      </trkpt>
      <trkpt lat="24.29699" lon="120.7479">
        <ele>294.3</ele>
      </trkpt>
      <trkpt lat="24.29696" lon="120.74801">
        <ele>294.2</ele>
      </trkpt>
      <trkpt lat="24.29694" lon="120.74806">
        <ele>294.2</ele>
      </trkpt>
      <trkpt lat="24.29693" lon="120.74808">
        <ele>294.2</ele>
      </trkpt>
      <trkpt lat="24.29692" lon="120.74809">
        <ele>294.3</ele>
      </trkpt>
      <trkpt lat="24.29691" lon="120.7481">
        <ele>294.4</ele>
      </trkpt>
      <trkpt lat="24.29691" lon="120.74811">
        <ele>294.3</ele>
      </trkpt>
      <trkpt lat="24.29677" lon="120.74825">
        <ele>295.4</ele>
      </trkpt>
      <trkpt lat="24.29654" lon="120.74847">
        <ele>296.3</ele>
      </trkpt>
      <trkpt lat="24.29652" lon="120.74848">
        <ele>296.4</ele>
      </trkpt>
      <trkpt lat="24.29651" lon="120.74849">
        <ele>296.5</ele>
      </trkpt>
      <trkpt lat="24.2965" lon="120.74849">
        <ele>296.6</ele>
      </trkpt>
      <trkpt lat="24.29648" lon="120.74851">
        <ele>296.6</ele>
      </trkpt>
      <trkpt lat="24.29644" lon="120.74852">
        <ele>297.0</ele>
      </trkpt>
      <trkpt lat="24.29643" lon="120.74853">
        <ele>297.0</ele>
      </trkpt>
      <trkpt lat="24.29638" lon="120.74855">
        <ele>297.3</ele>
      </trkpt>
      <trkpt lat="24.29636" lon="120.74856">
        <ele>297.5</ele>
      </trkpt>
      <trkpt lat="24.2963" lon="120.74859">
        <ele>297.8</ele>
      </trkpt>
      <trkpt lat="24.29627" lon="120.7486">
        <ele>298.1</ele>
      </trkpt>
      <trkpt lat="24.29613" lon="120.74864">
        <ele>299.2</ele>
      </trkpt>
      <trkpt lat="24.29606" lon="120.74866">
        <ele>299.7</ele>
      </trkpt>
      <trkpt lat="24.29599" lon="120.74868">
        <ele>300.2</ele>
      </trkpt>
      <trkpt lat="24.29592" lon="120.7487">
        <ele>300.7</ele>
      </trkpt>
      <trkpt lat="24.29588" lon="120.74872">
        <ele>300.9</ele>
      </trkpt>
      <trkpt lat="24.29587" lon="120.74872">
        <ele>301.0</ele>
      </trkpt>
      <trkpt lat="24.29585" lon="120.74873">
        <ele>301.1</ele>
      </trkpt>
      <trkpt lat="24.29582" lon="120.74875">
        <ele>301.2</ele>
      </trkpt>
      <trkpt lat="24.29578" lon="120.74878">
        <ele>301.6</ele>
      </trkpt>
      <trkpt lat="24.29572" lon="120.74881">
        <ele>302.3</ele>
      </trkpt>
      <trkpt lat="24.29564" lon="120.74886">
        <ele>303.0</ele>
      </trkpt>
      <trkpt lat="24.29557" lon="120.7489">
        <ele>303.6</ele>
      </trkpt>
      <trkpt lat="24.29552" lon="120.74893">
        <ele>303.9</ele>
      </trkpt>
      <trkpt lat="24.29548" lon="120.74895">
        <ele>304.3</ele>
      </trkpt>
      <trkpt lat="24.29545" lon="120.74896">
        <ele>304.6</ele>
      </trkpt>
      <trkpt lat="24.29541" lon="120.74897">
        <ele>305.0</ele>
      </trkpt>
      <trkpt lat="24.29532" lon="120.74898">
        <ele>306.3</ele>
      </trkpt>
      <trkpt lat="24.29527" lon="120.74899">
        <ele>306.8</ele>
      </trkpt>
      <trkpt lat="24.29524" lon="120.749">
        <ele>307.1</ele>
      </trkpt>
      <trkpt lat="24.29523" lon="120.74901">
        <ele>307.1</ele>
      </trkpt>
      <trkpt lat="24.29518" lon="120.74902">
        <ele>307.6</ele>
      </trkpt>
      <trkpt lat="24.29508" lon="120.74903">
        <ele>308.9</ele>
      </trkpt>
      <trkpt lat="24.29507" lon="120.74903">
        <ele>309.1</ele>
      </trkpt>
      <trkpt lat="24.29505" lon="120.74903">
        <ele>309.4</ele>
      </trkpt>
      <trkpt lat="24.29504" lon="120.74904">
        <ele>309.3</ele>
      </trkpt>
      <trkpt lat="24.29503" lon="120.74904">
        <ele>309.4</ele>
      </trkpt>
      <trkpt lat="24.29501" lon="120.74905">
        <ele>309.5</ele>
      </trkpt>
      <trkpt lat="24.29498" lon="120.74906">
        <ele>309.7</ele>
      </trkpt>
      <trkpt lat="24.29497" lon="120.74907">
        <ele>309.6</ele>
      </trkpt>
      <trkpt lat="24.29495" lon="120.74908">
        <ele>309.6</ele>
      </trkpt>
      <trkpt lat="24.29491" lon="120.74913">
        <ele>308.9</ele>
      </trkpt>
      <trkpt lat="24.29476" lon="120.74933">
        <ele>307.7</ele>
      </trkpt>
      <trkpt lat="24.29468" lon="120.74946">
        <ele>306.9</ele>
      </trkpt>
      <trkpt lat="24.29462" lon="120.74957">
        <ele>306.1</ele>
      </trkpt>
      <trkpt lat="24.29446" lon="120.74984">
        <ele>303.8</ele>
      </trkpt>
      <trkpt lat="24.29442" lon="120.74991">
        <ele>303.2</ele>
      </trkpt>
      <trkpt lat="24.29441" lon="120.74993">
        <ele>303.0</ele>
      </trkpt>
      <trkpt lat="24.29439" lon="120.74995">
        <ele>302.9</ele>
      </trkpt>
      <trkpt lat="24.29438" lon="120.74996">
        <ele>302.8</ele>
      </trkpt>
      <trkpt lat="24.29437" lon="120.74998">
        <ele>302.6</ele>
      </trkpt>
      <trkpt lat="24.29435" lon="120.74999">
        <ele>302.6</ele>
      </trkpt>
      <trkpt lat="24.29433" lon="120.75001">
        <ele>302.6</ele>
      </trkpt>
      <trkpt lat="24.29428" lon="120.75004">
        <ele>302.9</ele>
      </trkpt>
      <trkpt lat="24.29424" lon="120.75007">
        <ele>303.1</ele>
      </trkpt>
      <trkpt lat="24.29422" lon="120.75008">
        <ele>303.1</ele>
      </trkpt>
      <trkpt lat="24.29418" lon="120.75011">
        <ele>303.1</ele>
      </trkpt>
      <trkpt lat="24.29417" lon="120.75013">
        <ele>303.1</ele>
      </trkpt>
      <trkpt lat="24.29416" lon="120.75014">
        <ele>303.1</ele>
      </trkpt>
      <trkpt lat="24.29415" lon="120.75016">
        <ele>303.1</ele>
      </trkpt>
      <trkpt lat="24.29413" lon="120.75018">
        <ele>303.1</ele>
      </trkpt>
      <trkpt lat="24.29412" lon="120.75021">
        <ele>303.1</ele>
      </trkpt>
      <trkpt lat="24.29412" lon="120.75023">
        <ele>303.1</ele>
      </trkpt>
      <trkpt lat="24.29411" lon="120.75026">
        <ele>303.1</ele>
      </trkpt>
      <trkpt lat="24.2941" lon="120.7503">
        <ele>303.1</ele>
      </trkpt>
      <trkpt lat="24.29409" lon="120.75036">
        <ele>303.2</ele>
      </trkpt>
      <trkpt lat="24.29408" lon="120.75043">
        <ele>303.2</ele>
      </trkpt>
      <trkpt lat="24.29406" lon="120.75066">
        <ele>303.3</ele>
      </trkpt>
      <trkpt lat="24.29405" lon="120.75079">
        <ele>303.1</ele>
      </trkpt>
      <trkpt lat="24.29405" lon="120.75085">
        <ele>302.9</ele>
      </trkpt>
      <trkpt lat="24.29404" lon="120.7509">
        <ele>302.9</ele>
      </trkpt>
      <trkpt lat="24.29403" lon="120.75097">
        <ele>302.8</ele>
      </trkpt>
      <trkpt lat="24.29402" lon="120.751">
        <ele>302.9</ele>
      </trkpt>
      <trkpt lat="24.29393" lon="120.75116">
        <ele>304.1</ele>
      </trkpt>
      <trkpt lat="24.2939" lon="120.7512">
        <ele>304.6</ele>
      </trkpt>
      <trkpt lat="24.29384" lon="120.75129">
        <ele>305.3</ele>
      </trkpt>
      <trkpt lat="24.29376" lon="120.75142">
        <ele>306.1</ele>
      </trkpt>
      <trkpt lat="24.29372" lon="120.75151">
        <ele>306.2</ele>
      </trkpt>
      <trkpt lat="24.29367" lon="120.75161">
        <ele>306.4</ele>
      </trkpt>
      <trkpt lat="24.29362" lon="120.75169">
        <ele>306.8</ele>
      </trkpt>
      <trkpt lat="24.29357" lon="120.75174">
        <ele>307.5</ele>
      </trkpt>
      <trkpt lat="24.29353" lon="120.75178">
        <ele>307.9</ele>
      </trkpt>
      <trkpt lat="24.29343" lon="120.75183">
        <ele>309.0</ele>
      </trkpt>
      <trkpt lat="24.29343" lon="120.75183">
        <ele>309.0</ele>
      </trkpt>
      <trkpt lat="24.29321" lon="120.75197">
        <ele>311.6</ele>
      </trkpt>
      <trkpt lat="24.29305" lon="120.7521">
        <ele>313.6</ele>
      </trkpt>
      <trkpt lat="24.29293" lon="120.7522">
        <ele>314.7</ele>
      </trkpt>
      <trkpt lat="24.29287" lon="120.75227">
        <ele>314.9</ele>
      </trkpt>
      <trkpt lat="24.29281" lon="120.75233">
        <ele>315.1</ele>
      </trkpt>
      <trkpt lat="24.29278" lon="120.75237">
        <ele>315.1</ele>
      </trkpt>
      <trkpt lat="24.29275" lon="120.75242">
        <ele>314.8</ele>
      </trkpt>
      <trkpt lat="24.29271" lon="120.75249">
        <ele>314.4</ele>
      </trkpt>
      <trkpt lat="24.29264" lon="120.75257">
        <ele>315.1</ele>
      </trkpt>
      <trkpt lat="24.29233" lon="120.75281">
        <ele>316.9</ele>
      </trkpt>
      <trkpt lat="24.2921" lon="120.75295">
        <ele>318.0</ele>
      </trkpt>
      <trkpt lat="24.29196" lon="120.75303">
        <ele>318.6</ele>
      </trkpt>
      <trkpt lat="24.29193" lon="120.75305">
        <ele>318.7</ele>
      </trkpt>
      <trkpt lat="24.2919" lon="120.75307">
        <ele>318.7</ele>
      </trkpt>
      <trkpt lat="24.29188" lon="120.75309">
        <ele>318.7</ele>
      </trkpt>
      <trkpt lat="24.29186" lon="120.75311">
        <ele>318.7</ele>
      </trkpt>
      <trkpt lat="24.29184" lon="120.75313">
        <ele>318.7</ele>
      </trkpt>
      <trkpt lat="24.29182" lon="120.75316">
        <ele>318.5</ele>
      </trkpt>
      <trkpt lat="24.29176" lon="120.75327">
        <ele>317.8</ele>
      </trkpt>
      <trkpt lat="24.29174" lon="120.7533">
        <ele>317.7</ele>
      </trkpt>
      <trkpt lat="24.29173" lon="120.75332">
        <ele>317.5</ele>
      </trkpt>
      <trkpt lat="24.29172" lon="120.75333">
        <ele>317.5</ele>
      </trkpt>
      <trkpt lat="24.29172" lon="120.75334">
        <ele>317.4</ele>
      </trkpt>
      <trkpt lat="24.29171" lon="120.75334">
        <ele>317.5</ele>
      </trkpt>
      <trkpt lat="24.29169" lon="120.75335">
        <ele>317.6</ele>
      </trkpt>
      <trkpt lat="24.29168" lon="120.75336">
        <ele>317.6</ele>
      </trkpt>
      <trkpt lat="24.29165" lon="120.75337">
        <ele>317.8</ele>
      </trkpt>
      <trkpt lat="24.29163" lon="120.75338">
        <ele>318.0</ele>
      </trkpt>
      <trkpt lat="24.2916" lon="120.75338">
        <ele>318.4</ele>
      </trkpt>
      <trkpt lat="24.29157" lon="120.75338">
        <ele>318.8</ele>
      </trkpt>
      <trkpt lat="24.29154" lon="120.75338">
        <ele>319.3</ele>
      </trkpt>
      <trkpt lat="24.29153" lon="120.75337">
        <ele>319.5</ele>
      </trkpt>
      <trkpt lat="24.29151" lon="120.75337">
        <ele>319.8</ele>
      </trkpt>
      <trkpt lat="24.29149" lon="120.75336">
        <ele>320.2</ele>
      </trkpt>
      <trkpt lat="24.29148" lon="120.75335">
        <ele>320.5</ele>
      </trkpt>
      <trkpt lat="24.29147" lon="120.75335">
        <ele>320.6</ele>
      </trkpt>
      <trkpt lat="24.29146" lon="120.75334">
        <ele>320.9</ele>
      </trkpt>
      <trkpt lat="24.29144" lon="120.75333">
        <ele>321.3</ele>
      </trkpt>
      <trkpt lat="24.29142" lon="120.7533">
        <ele>321.9</ele>
      </trkpt>
      <trkpt lat="24.2914" lon="120.75326">
        <ele>322.6</ele>
      </trkpt>
      <trkpt lat="24.29138" lon="120.75323">
        <ele>323.2</ele>
      </trkpt>
      <trkpt lat="24.29136" lon="120.7532">
        <ele>323.8</ele>
      </trkpt>
      <trkpt lat="24.29129" lon="120.75306">
        <ele>326.1</ele>
      </trkpt>
      <trkpt lat="24.29127" lon="120.75301">
        <ele>326.9</ele>
      </trkpt>
      <trkpt lat="24.29125" lon="120.75297">
        <ele>327.5</ele>
      </trkpt>
      <trkpt lat="24.29124" lon="120.75295">
        <ele>327.8</ele>
      </trkpt>
      <trkpt lat="24.29123" lon="120.75293">
        <ele>328.1</ele>
      </trkpt>
      <trkpt lat="24.29121" lon="120.75291">
        <ele>328.5</ele>
      </trkpt>
      <trkpt lat="24.2912" lon="120.7529">
        <ele>328.8</ele>
      </trkpt>
      <trkpt lat="24.29118" lon="120.75289">
        <ele>329.1</ele>
      </trkpt>
      <trkpt lat="24.29116" lon="120.75287">
        <ele>329.5</ele>
      </trkpt>
      <trkpt lat="24.29115" lon="120.75287">
        <ele>329.6</ele>
      </trkpt>
      <trkpt lat="24.29114" lon="120.75286">
        <ele>329.8</ele>
      </trkpt>
      <trkpt lat="24.29112" lon="120.75286">
        <ele>330.1</ele>
      </trkpt>
      <trkpt lat="24.2911" lon="120.75286">
        <ele>330.3</ele>
      </trkpt>
      <trkpt lat="24.29107" lon="120.75286">
        <ele>330.6</ele>
      </trkpt>
      <trkpt lat="24.29105" lon="120.75286">
        <ele>330.9</ele>
      </trkpt>
      <trkpt lat="24.29103" lon="120.75287">
        <ele>331.0</ele>
      </trkpt>
      <trkpt lat="24.29102" lon="120.75288">
        <ele>331.1</ele>
      </trkpt>
      <trkpt lat="24.291" lon="120.75288">
        <ele>331.3</ele>
      </trkpt>
      <trkpt lat="24.29099" lon="120.75289">
        <ele>331.3</ele>
      </trkpt>
      <trkpt lat="24.29097" lon="120.75291">
        <ele>331.4</ele>
      </trkpt>
      <trkpt lat="24.29096" lon="120.75292">
        <ele>331.5</ele>
      </trkpt>
      <trkpt lat="24.29095" lon="120.75294">
        <ele>331.4</ele>
      </trkpt>
      <trkpt lat="24.29091" lon="120.75301">
        <ele>331.4</ele>
      </trkpt>
      <trkpt lat="24.29079" lon="120.75317">
        <ele>333.1</ele>
      </trkpt>
      <trkpt lat="24.29077" lon="120.75321">
        <ele>333.7</ele>
      </trkpt>
      <trkpt lat="24.29075" lon="120.75324">
        <ele>334.3</ele>
      </trkpt>
      <trkpt lat="24.29074" lon="120.75327">
        <ele>334.6</ele>
      </trkpt>
      <trkpt lat="24.29073" lon="120.75332">
        <ele>334.7</ele>
      </trkpt>
      <trkpt lat="24.29071" lon="120.75339">
        <ele>334.9</ele>
      </trkpt>
      <trkpt lat="24.29071" lon="120.75343">
        <ele>334.6</ele>
      </trkpt>
      <trkpt lat="24.29069" lon="120.75353">
        <ele>334.5</ele>
      </trkpt>
      <trkpt lat="24.29067" lon="120.75362">
        <ele>334.6</ele>
      </trkpt>
      <trkpt lat="24.29065" lon="120.75369">
        <ele>334.9</ele>
      </trkpt>
      <trkpt lat="24.29063" lon="120.75379">
        <ele>334.9</ele>
      </trkpt>
      <trkpt lat="24.29062" lon="120.75382">
        <ele>335.1</ele>
      </trkpt>
      <trkpt lat="24.29061" lon="120.75385">
        <ele>335.3</ele>
      </trkpt>
      <trkpt lat="24.29058" lon="120.75391">
        <ele>336.1</ele>
      </trkpt>
      <trkpt lat="24.29057" lon="120.75392">
        <ele>336.5</ele>
      </trkpt>
      <trkpt lat="24.29056" lon="120.75394">
        <ele>336.8</ele>
      </trkpt>
      <trkpt lat="24.29053" lon="120.75395">
        <ele>338.1</ele>
      </trkpt>
      <trkpt lat="24.29051" lon="120.75396">
        <ele>338.9</ele>
      </trkpt>
      <trkpt lat="24.2905" lon="120.75396">
        <ele>339.4</ele>
      </trkpt>
      <trkpt lat="24.29045" lon="120.75397">
        <ele>341.6</ele>
      </trkpt>
      <trkpt lat="24.29042" lon="120.75398">
        <ele>342.9</ele>
      </trkpt>
      <trkpt lat="24.29038" lon="120.754">
        <ele>344.6</ele>
      </trkpt>
      <trkpt lat="24.29034" lon="120.75402">
        <ele>346.3</ele>
      </trkpt>
      <trkpt lat="24.29033" lon="120.75403">
        <ele>346.7</ele>
      </trkpt>
      <trkpt lat="24.2903" lon="120.75406">
        <ele>347.8</ele>
      </trkpt>
      <trkpt lat="24.29026" lon="120.7541">
        <ele>349.4</ele>
      </trkpt>
      <trkpt lat="24.29023" lon="120.75415">
        <ele>350.4</ele>
      </trkpt>
      <trkpt lat="24.2902" lon="120.7542">
        <ele>351.4</ele>
      </trkpt>
      <trkpt lat="24.29018" lon="120.75425">
        <ele>352.0</ele>
      </trkpt>
      <trkpt lat="24.29017" lon="120.75427">
        <ele>352.4</ele>
      </trkpt>
      <trkpt lat="24.29016" lon="120.75429">
        <ele>352.7</ele>
      </trkpt>
      <trkpt lat="24.29016" lon="120.7543">
        <ele>352.6</ele>
      </trkpt>
      <trkpt lat="24.29016" lon="120.75433">
        <ele>352.4</ele>
      </trkpt>
      <trkpt lat="24.29016" lon="120.75434">
        <ele>352.4</ele>
      </trkpt>
      <trkpt lat="24.29016" lon="120.75435">
        <ele>352.3</ele>
      </trkpt>
      <trkpt lat="24.29016" lon="120.75436">
        <ele>352.2</ele>
      </trkpt>
      <trkpt lat="24.29016" lon="120.75437">
        <ele>352.2</ele>
      </trkpt>
      <trkpt lat="24.29016" lon="120.75438">
        <ele>352.1</ele>
      </trkpt>
      <trkpt lat="24.29017" lon="120.75439">
        <ele>351.6</ele>
      </trkpt>
      <trkpt lat="24.29018" lon="120.75441">
        <ele>351.1</ele>
      </trkpt>
      <trkpt lat="24.2902" lon="120.75445">
        <ele>350.0</ele>
      </trkpt>
      <trkpt lat="24.29025" lon="120.75451">
        <ele>347.6</ele>
      </trkpt>
      <trkpt lat="24.29029" lon="120.75455">
        <ele>345.8</ele>
      </trkpt>
      <trkpt lat="24.29031" lon="120.75459">
        <ele>344.9</ele>
      </trkpt>
      <trkpt lat="24.29032" lon="120.7546">
        <ele>344.5</ele>
      </trkpt>
      <trkpt lat="24.29033" lon="120.75461">
        <ele>344.0</ele>
      </trkpt>
      <trkpt lat="24.29033" lon="120.75463">
        <ele>344.0</ele>
      </trkpt>
      <trkpt lat="24.29034" lon="120.75467">
        <ele>343.5</ele>
      </trkpt>
      <trkpt lat="24.29034" lon="120.75473">
        <ele>343.3</ele>
      </trkpt>
      <trkpt lat="24.29034" lon="120.7548">
        <ele>343.0</ele>
      </trkpt>
      <trkpt lat="24.29034" lon="120.75487">
        <ele>342.8</ele>
      </trkpt>
      <trkpt lat="24.29034" lon="120.75489">
        <ele>342.7</ele>
      </trkpt>
      <trkpt lat="24.29033" lon="120.75495">
        <ele>342.9</ele>
      </trkpt>
      <trkpt lat="24.29033" lon="120.75499">
        <ele>342.7</ele>
      </trkpt>
      <trkpt lat="24.29032" lon="120.75502">
        <ele>343.0</ele>
      </trkpt>
      <trkpt lat="24.29031" lon="120.75505">
        <ele>343.4</ele>
      </trkpt>
      <trkpt lat="24.2903" lon="120.75507">
        <ele>343.7</ele>
      </trkpt>
      <trkpt lat="24.29028" lon="120.75509">
        <ele>344.3</ele>
      </trkpt>
      <trkpt lat="24.29025" lon="120.75512">
        <ele>345.2</ele>
      </trkpt>
      <trkpt lat="24.29021" lon="120.75514">
        <ele>346.3</ele>
      </trkpt>
      <trkpt lat="24.29016" lon="120.75517">
        <ele>347.6</ele>
      </trkpt>
      <trkpt lat="24.29007" lon="120.75522">
        <ele>349.9</ele>
      </trkpt>
      <trkpt lat="24.28997" lon="120.75527">
        <ele>352.1</ele>
      </trkpt>
      <trkpt lat="24.28992" lon="120.7553">
        <ele>353.2</ele>
      </trkpt>
      <trkpt lat="24.28988" lon="120.75532">
        <ele>354.1</ele>
      </trkpt>
      <trkpt lat="24.28983" lon="120.75536">
        <ele>355.1</ele>
      </trkpt>
      <trkpt lat="24.28981" lon="120.75537">
        <ele>355.6</ele>
      </trkpt>
      <trkpt lat="24.28978" lon="120.7554">
        <ele>356.1</ele>
      </trkpt>
      <trkpt lat="24.28975" lon="120.75542">
        <ele>356.8</ele>
      </trkpt>
      <trkpt lat="24.28972" lon="120.75546">
        <ele>357.3</ele>
      </trkpt>
      <trkpt lat="24.2897" lon="120.75549">
        <ele>357.6</ele>
      </trkpt>
      <trkpt lat="24.28969" lon="120.75551">
        <ele>357.7</ele>
      </trkpt>
      <trkpt lat="24.28964" lon="120.75557">
        <ele>358.6</ele>
      </trkpt>
      <trkpt lat="24.28959" lon="120.75567">
        <ele>359.3</ele>
      </trkpt>
      <trkpt lat="24.28952" lon="120.7558">
        <ele>360.3</ele>
      </trkpt>
      <trkpt lat="24.28948" lon="120.75588">
        <ele>361.3</ele>
      </trkpt>
      <trkpt lat="24.28947" lon="120.75592">
        <ele>361.8</ele>
      </trkpt>
      <trkpt lat="24.28946" lon="120.75595">
        <ele>362.1</ele>
      </trkpt>
      <trkpt lat="24.28946" lon="120.75597">
        <ele>362.2</ele>
      </trkpt>
      <trkpt lat="24.28946" lon="120.756">
        <ele>362.4</ele>
      </trkpt>
      <trkpt lat="24.28946" lon="120.75603">
        <ele>362.5</ele>
      </trkpt>
      <trkpt lat="24.28947" lon="120.75606">
        <ele>362.4</ele>
      </trkpt>
      <trkpt lat="24.28948" lon="120.75609">
        <ele>362.3</ele>
      </trkpt>
      <trkpt lat="24.28951" lon="120.75614">
        <ele>361.9</ele>
      </trkpt>
      <trkpt lat="24.28957" lon="120.75622">
        <ele>361.1</ele>
      </trkpt>
      <trkpt lat="24.28958" lon="120.75625">
        <ele>361.1</ele>
      </trkpt>
      <trkpt lat="24.28959" lon="120.75626">
        <ele>360.9</ele>
      </trkpt>
      <trkpt lat="24.28959" lon="120.75627">
        <ele>361.0</ele>
      </trkpt>
      <trkpt lat="24.2896" lon="120.75627">
        <ele>360.8</ele>
      </trkpt>
      <trkpt lat="24.2896" lon="120.75628">
        <ele>360.8</ele>
      </trkpt>
      <trkpt lat="24.28959" lon="120.75628">
        <ele>361.0</ele>
      </trkpt>
      <trkpt lat="24.28959" lon="120.7563">
        <ele>361.2</ele>
      </trkpt>
      <trkpt lat="24.28959" lon="120.75632">
        <ele>361.3</ele>
      </trkpt>
      <trkpt lat="24.28957" lon="120.75637">
        <ele>362.0</ele>
      </trkpt>
      <trkpt lat="24.28954" lon="120.75641">
        <ele>362.8</ele>
      </trkpt>
      <trkpt lat="24.28951" lon="120.75645">
        <ele>363.5</ele>
      </trkpt>
      <trkpt lat="24.28946" lon="120.75651">
        <ele>364.7</ele>
      </trkpt>
      <trkpt lat="24.28937" lon="120.75662">
        <ele>366.7</ele>
      </trkpt>
      <trkpt lat="24.28931" lon="120.75669">
        <ele>367.9</ele>
      </trkpt>
      <trkpt lat="24.28926" lon="120.75677">
        <ele>369.1</ele>
      </trkpt>
      <trkpt lat="24.2892" lon="120.75686">
        <ele>370.0</ele>
      </trkpt>
      <trkpt lat="24.28916" lon="120.7569">
        <ele>370.2</ele>
      </trkpt>
      <trkpt lat="24.28913" lon="120.75694">
        <ele>369.6</ele>
      </trkpt>
      <trkpt lat="24.28911" lon="120.75696">
        <ele>369.3</ele>
      </trkpt>
      <trkpt lat="24.28909" lon="120.75696">
        <ele>368.9</ele>
      </trkpt>
      <trkpt lat="24.28907" lon="120.75697">
        <ele>368.5</ele>
      </trkpt>
      <trkpt lat="24.28905" lon="120.75697">
        <ele>368.1</ele>
      </trkpt>
      <trkpt lat="24.28901" lon="120.75698">
        <ele>367.3</ele>
      </trkpt>
      <trkpt lat="24.28899" lon="120.75698">
        <ele>366.9</ele>
      </trkpt>
      <trkpt lat="24.28897" lon="120.75698">
        <ele>366.5</ele>
      </trkpt>
      <trkpt lat="24.28892" lon="120.75696">
        <ele>365.6</ele>
      </trkpt>
      <trkpt lat="24.28887" lon="120.75693">
        <ele>364.7</ele>
      </trkpt>
      <trkpt lat="24.28884" lon="120.75691">
        <ele>364.1</ele>
      </trkpt>
      <trkpt lat="24.28882" lon="120.75688">
        <ele>363.8</ele>
      </trkpt>
      <trkpt lat="24.28878" lon="120.75684">
        <ele>363.1</ele>
      </trkpt>
      <trkpt lat="24.28875" lon="120.75679">
        <ele>362.7</ele>
      </trkpt>
      <trkpt lat="24.28871" lon="120.7567">
        <ele>362.2</ele>
      </trkpt>
      <trkpt lat="24.28862" lon="120.75646">
        <ele>362.2</ele>
      </trkpt>
      <trkpt lat="24.28858" lon="120.75634">
        <ele>362.5</ele>
      </trkpt>
      <trkpt lat="24.28855" lon="120.75625">
        <ele>362.8</ele>
      </trkpt>
      <trkpt lat="24.28852" lon="120.75619">
        <ele>363.0</ele>
      </trkpt>
      <trkpt lat="24.28849" lon="120.75611">
        <ele>363.4</ele>
      </trkpt>
      <trkpt lat="24.28843" lon="120.75602">
        <ele>363.7</ele>
      </trkpt>
      <trkpt lat="24.28838" lon="120.75594">
        <ele>364.1</ele>
      </trkpt>
      <trkpt lat="24.28834" lon="120.75588">
        <ele>364.5</ele>
      </trkpt>
      <trkpt lat="24.28832" lon="120.75586">
        <ele>364.3</ele>
      </trkpt>
      <trkpt lat="24.2883" lon="120.75583">
        <ele>364.2</ele>
      </trkpt>
      <trkpt lat="24.28827" lon="120.7558">
        <ele>364.0</ele>
      </trkpt>
      <trkpt lat="24.28806" lon="120.75563">
        <ele>362.6</ele>
      </trkpt>
      <trkpt lat="24.28799" lon="120.75557">
        <ele>362.6</ele>
      </trkpt>
      <trkpt lat="24.28793" lon="120.75551">
        <ele>362.9</ele>
      </trkpt>
      <trkpt lat="24.28787" lon="120.75547">
        <ele>362.8</ele>
      </trkpt>
      <trkpt lat="24.28779" lon="120.75543">
        <ele>362.3</ele>
      </trkpt>
      <trkpt lat="24.28765" lon="120.75538">
        <ele>361.2</ele>
      </trkpt>
      <trkpt lat="24.28751" lon="120.75532">
        <ele>360.7</ele>
      </trkpt>
      <trkpt lat="24.28744" lon="120.75529">
        <ele>360.7</ele>
      </trkpt>
      <trkpt lat="24.28741" lon="120.75527">
        <ele>360.9</ele>
      </trkpt>
      <trkpt lat="24.28731" lon="120.75526">
        <ele>359.8</ele>
      </trkpt>
      <trkpt lat="24.28727" lon="120.75526">
        <ele>359.2</ele>
      </trkpt>
      <trkpt lat="24.28722" lon="120.75527">
        <ele>358.1</ele>
      </trkpt>
      <trkpt lat="24.28717" lon="120.75527">
        <ele>357.4</ele>
      </trkpt>
      <trkpt lat="24.28711" lon="120.75527">
        <ele>356.5</ele>
      </trkpt>
      <trkpt lat="24.28708" lon="120.75527">
        <ele>356.0</ele>
      </trkpt>
      <trkpt lat="24.28706" lon="120.75526">
        <ele>356.0</ele>
      </trkpt>
      <trkpt lat="24.28702" lon="120.75524">
        <ele>356.0</ele>
      </trkpt>
      <trkpt lat="24.28699" lon="120.75523">
        <ele>355.8</ele>
      </trkpt>
      <trkpt lat="24.28691" lon="120.7552">
        <ele>355.3</ele>
      </trkpt>
      <trkpt lat="24.28684" lon="120.75518">
        <ele>354.7</ele>
      </trkpt>
      <trkpt lat="24.28682" lon="120.75518">
        <ele>354.4</ele>
      </trkpt>
      <trkpt lat="24.28679" lon="120.75518">
        <ele>353.9</ele>
      </trkpt>
      <trkpt lat="24.28677" lon="120.75518">
        <ele>353.6</ele>
      </trkpt>
      <trkpt lat="24.28674" lon="120.75518">
        <ele>353.1</ele>
      </trkpt>
      <trkpt lat="24.28671" lon="120.75519">
        <ele>352.4</ele>
      </trkpt>
      <trkpt lat="24.28666" lon="120.75522">
        <ele>350.8</ele>
      </trkpt>
      <trkpt lat="24.28662" lon="120.75527">
        <ele>348.6</ele>
      </trkpt>
      <trkpt lat="24.28658" lon="120.75533">
        <ele>346.1</ele>
      </trkpt>
      <trkpt lat="24.28652" lon="120.75542">
        <ele>342.6</ele>
      </trkpt>
      <trkpt lat="24.2865" lon="120.75547">
        <ele>340.9</ele>
      </trkpt>
      <trkpt lat="24.28648" lon="120.75549">
        <ele>340.0</ele>
      </trkpt>
      <trkpt lat="24.28646" lon="120.75551">
        <ele>339.0</ele>
      </trkpt>
      <trkpt lat="24.28644" lon="120.75551">
        <ele>338.5</ele>
      </trkpt>
      <trkpt lat="24.28643" lon="120.75552">
        <ele>338.0</ele>
      </trkpt>
      <trkpt lat="24.28641" lon="120.75552">
        <ele>337.5</ele>
      </trkpt>
      <trkpt lat="24.28639" lon="120.75552">
        <ele>337.0</ele>
      </trkpt>
      <trkpt lat="24.28637" lon="120.75552">
        <ele>336.5</ele>
      </trkpt>
      <trkpt lat="24.28635" lon="120.75551">
        <ele>336.2</ele>
      </trkpt>
      <trkpt lat="24.28632" lon="120.7555">
        <ele>335.6</ele>
      </trkpt>
      <trkpt lat="24.28627" lon="120.75544">
        <ele>335.6</ele>
      </trkpt>
      <trkpt lat="24.28625" lon="120.75541">
        <ele>335.6</ele>
      </trkpt>
      <trkpt lat="24.28623" lon="120.75537">
        <ele>335.9</ele>
      </trkpt>
      <trkpt lat="24.28621" lon="120.75533">
        <ele>336.2</ele>
      </trkpt>
      <trkpt lat="24.28619" lon="120.75529">
        <ele>336.5</ele>
      </trkpt>
      <trkpt lat="24.28618" lon="120.75523">
        <ele>337.4</ele>
      </trkpt>
      <trkpt lat="24.28617" lon="120.7552">
        <ele>337.7</ele>
      </trkpt>
      <trkpt lat="24.28617" lon="120.75518">
        <ele>338.1</ele>
      </trkpt>
      <trkpt lat="24.28615" lon="120.7551">
        <ele>339.1</ele>
      </trkpt>
      <trkpt lat="24.28614" lon="120.75504">
        <ele>340.0</ele>
      </trkpt>
      <trkpt lat="24.28613" lon="120.75501">
        <ele>340.4</ele>
      </trkpt>
      <trkpt lat="24.28613" lon="120.75498">
        <ele>340.7</ele>
      </trkpt>
      <trkpt lat="24.28608" lon="120.75488">
        <ele>340.2</ele>
      </trkpt>
      <trkpt lat="24.28603" lon="120.75478">
        <ele>339.5</ele>
      </trkpt>
      <trkpt lat="24.28598" lon="120.75469">
        <ele>338.6</ele>
      </trkpt>
      <trkpt lat="24.28597" lon="120.75463">
        <ele>338.7</ele>
      </trkpt>
      <trkpt lat="24.28596" lon="120.75459">
        <ele>338.7</ele>
      </trkpt>
      <trkpt lat="24.28595" lon="120.75456">
        <ele>338.6</ele>
      </trkpt>
      <trkpt lat="24.28595" lon="120.75451">
        <ele>339.0</ele>
      </trkpt>
      <trkpt lat="24.28596" lon="120.75447">
        <ele>339.6</ele>
      </trkpt>
      <trkpt lat="24.28596" lon="120.75445">
        <ele>339.8</ele>
      </trkpt>
      <trkpt lat="24.28597" lon="120.75441">
        <ele>340.4</ele>
      </trkpt>
      <trkpt lat="24.286" lon="120.7543">
        <ele>342.4</ele>
      </trkpt>
      <trkpt lat="24.28604" lon="120.7542">
        <ele>344.7</ele>
      </trkpt>
      <trkpt lat="24.28605" lon="120.75417">
        <ele>345.3</ele>
      </trkpt>
      <trkpt lat="24.28606" lon="120.75413">
        <ele>346.1</ele>
      </trkpt>
      <trkpt lat="24.28607" lon="120.7541">
        <ele>346.9</ele>
      </trkpt>
      <trkpt lat="24.28608" lon="120.75408">
        <ele>347.5</ele>
      </trkpt>
      <trkpt lat="24.2861" lon="120.75405">
        <ele>348.6</ele>
      </trkpt>
      <trkpt lat="24.28612" lon="120.75403">
        <ele>349.6</ele>
      </trkpt>
      <trkpt lat="24.28616" lon="120.75399">
        <ele>351.6</ele>
      </trkpt>
      <trkpt lat="24.28621" lon="120.75394">
        <ele>354.1</ele>
      </trkpt>
      <trkpt lat="24.28623" lon="120.7539">
        <ele>355.3</ele>
      </trkpt>
      <trkpt lat="24.28625" lon="120.75387">
        <ele>356.4</ele>
      </trkpt>
      <trkpt lat="24.28625" lon="120.75386">
        <ele>356.5</ele>
      </trkpt>
      <trkpt lat="24.28626" lon="120.75385">
        <ele>357.0</ele>
      </trkpt>
      <trkpt lat="24.28627" lon="120.75382">
        <ele>357.7</ele>
      </trkpt>
      <trkpt lat="24.28627" lon="120.7538">
        <ele>357.9</ele>
      </trkpt>
      <trkpt lat="24.28626" lon="120.75377">
        <ele>357.9</ele>
      </trkpt>
      <trkpt lat="24.28607" lon="120.75361">
        <ele>352.6</ele>
      </trkpt>
      <trkpt lat="24.28606" lon="120.7536">
        <ele>352.3</ele>
      </trkpt>
      <trkpt lat="24.28601" lon="120.75356">
        <ele>350.9</ele>
      </trkpt>
      <trkpt lat="24.28598" lon="120.75354">
        <ele>350.0</ele>
      </trkpt>
      <trkpt lat="24.28597" lon="120.75353">
        <ele>349.8</ele>
      </trkpt>
      <trkpt lat="24.28596" lon="120.75352">
        <ele>349.5</ele>
      </trkpt>
      <trkpt lat="24.28595" lon="120.75352">
        <ele>349.1</ele>
      </trkpt>
      <trkpt lat="24.28594" lon="120.75352">
        <ele>348.8</ele>
      </trkpt>
      <trkpt lat="24.28592" lon="120.75352">
        <ele>348.0</ele>
      </trkpt>
      <trkpt lat="24.28591" lon="120.75352">
        <ele>347.6</ele>
      </trkpt>
      <trkpt lat="24.2859" lon="120.75352">
        <ele>347.3</ele>
      </trkpt>
      <trkpt lat="24.28589" lon="120.75353">
        <ele>346.8</ele>
      </trkpt>
      <trkpt lat="24.28588" lon="120.75353">
        <ele>346.4</ele>
      </trkpt>
      <trkpt lat="24.28587" lon="120.75354">
        <ele>345.9</ele>
      </trkpt>
      <trkpt lat="24.28587" lon="120.75355">
        <ele>345.8</ele>
      </trkpt>
      <trkpt lat="24.28586" lon="120.75357">
        <ele>345.2</ele>
      </trkpt>
      <trkpt lat="24.28586" lon="120.75358">
        <ele>345.0</ele>
      </trkpt>
      <trkpt lat="24.28586" lon="120.7536">
        <ele>344.8</ele>
      </trkpt>
      <trkpt lat="24.28586" lon="120.75363">
        <ele>344.4</ele>
      </trkpt>
      <trkpt lat="24.28587" lon="120.75367">
        <ele>344.3</ele>
      </trkpt>
      <trkpt lat="24.28588" lon="120.75375">
        <ele>343.8</ele>
      </trkpt>
      <trkpt lat="24.2859" lon="120.75382">
        <ele>343.7</ele>
      </trkpt>
      <trkpt lat="24.28591" lon="120.75387">
        <ele>343.5</ele>
      </trkpt>
      <trkpt lat="24.28591" lon="120.7539">
        <ele>343.1</ele>
      </trkpt>
      <trkpt lat="24.28591" lon="120.75396">
        <ele>342.4</ele>
      </trkpt>
      <trkpt lat="24.28591" lon="120.75401">
        <ele>341.8</ele>
      </trkpt>
      <trkpt lat="24.28591" lon="120.75405">
        <ele>341.3</ele>
      </trkpt>
      <trkpt lat="24.28591" lon="120.75406">
        <ele>341.2</ele>
      </trkpt>
      <trkpt lat="24.2859" lon="120.75407">
        <ele>340.7</ele>
      </trkpt>
      <trkpt lat="24.2859" lon="120.75409">
        <ele>340.5</ele>
      </trkpt>
      <trkpt lat="24.28588" lon="120.75413">
        <ele>339.2</ele>
      </trkpt>
      <trkpt lat="24.28583" lon="120.75425">
        <ele>336.4</ele>
      </trkpt>
      <trkpt lat="24.28574" lon="120.75442">
        <ele>331.1</ele>
      </trkpt>
      <trkpt lat="24.28569" lon="120.75456">
        <ele>327.7</ele>
      </trkpt>
      <trkpt lat="24.28568" lon="120.75462">
        <ele>326.8</ele>
      </trkpt>
      <trkpt lat="24.28567" lon="120.75465">
        <ele>326.1</ele>
      </trkpt>
      <trkpt lat="24.28567" lon="120.75468">
        <ele>325.9</ele>
      </trkpt>
      <trkpt lat="24.28567" lon="120.75472">
        <ele>325.6</ele>
      </trkpt>
      <trkpt lat="24.28567" lon="120.75476">
        <ele>325.3</ele>
      </trkpt>
      <trkpt lat="24.28567" lon="120.75478">
        <ele>325.2</ele>
      </trkpt>
      <trkpt lat="24.28568" lon="120.7548">
        <ele>325.5</ele>
      </trkpt>
      <trkpt lat="24.28568" lon="120.75482">
        <ele>325.4</ele>
      </trkpt>
      <trkpt lat="24.28569" lon="120.75485">
        <ele>325.7</ele>
      </trkpt>
      <trkpt lat="24.28572" lon="120.75488">
        <ele>327.0</ele>
      </trkpt>
      <trkpt lat="24.28574" lon="120.75492">
        <ele>327.7</ele>
      </trkpt>
      <trkpt lat="24.28577" lon="120.75496">
        <ele>329.0</ele>
      </trkpt>
      <trkpt lat="24.28579" lon="120.75498">
        <ele>329.9</ele>
      </trkpt>
      <trkpt lat="24.28582" lon="120.75502">
        <ele>331.0</ele>
      </trkpt>
      <trkpt lat="24.28584" lon="120.75507">
        <ele>330.9</ele>
      </trkpt>
      <trkpt lat="24.28585" lon="120.75511">
        <ele>330.5</ele>
      </trkpt>
      <trkpt lat="24.28585" lon="120.75513">
        <ele>330.1</ele>
      </trkpt>
      <trkpt lat="24.28586" lon="120.75516">
        <ele>329.9</ele>
      </trkpt>
      <trkpt lat="24.28587" lon="120.75522">
        <ele>329.1</ele>
      </trkpt>
      <trkpt lat="24.28588" lon="120.75533">
        <ele>327.3</ele>
      </trkpt>
      <trkpt lat="24.28588" lon="120.75539">
        <ele>326.2</ele>
      </trkpt>
      <trkpt lat="24.28589" lon="120.75553">
        <ele>323.9</ele>
      </trkpt>
      <trkpt lat="24.2859" lon="120.75568">
        <ele>321.4</ele>
      </trkpt>
      <trkpt lat="24.28591" lon="120.75572">
        <ele>320.9</ele>
      </trkpt>
      <trkpt lat="24.28591" lon="120.75579">
        <ele>319.6</ele>
      </trkpt>
      <trkpt lat="24.28593" lon="120.75588">
        <ele>318.5</ele>
      </trkpt>
      <trkpt lat="24.28593" lon="120.75592">
        <ele>317.8</ele>
      </trkpt>
      <trkpt lat="24.28596" lon="120.75608">
        <ele>315.6</ele>
      </trkpt>
      <trkpt lat="24.286" lon="120.75628">
        <ele>312.9</ele>
      </trkpt>
      <trkpt lat="24.28605" lon="120.75651">
        <ele>309.8</ele>
      </trkpt>
      <trkpt lat="24.28609" lon="120.75663">
        <ele>308.5</ele>
      </trkpt>
      <trkpt lat="24.28615" lon="120.75674">
        <ele>308.4</ele>
      </trkpt>
      <trkpt lat="24.28622" lon="120.75683">
        <ele>309.0</ele>
      </trkpt>
      <trkpt lat="24.28622" lon="120.75684">
        <ele>308.9</ele>
      </trkpt>
      <trkpt lat="24.28629" lon="120.75695">
        <ele>309.1</ele>
      </trkpt>
      <trkpt lat="24.28632" lon="120.75701">
        <ele>309.0</ele>
      </trkpt>
      <trkpt lat="24.28636" lon="120.75707">
        <ele>309.1</ele>
      </trkpt>
      <trkpt lat="24.2864" lon="120.75714">
        <ele>309.0</ele>
      </trkpt>
      <trkpt lat="24.28641" lon="120.75718">
        <ele>308.7</ele>
      </trkpt>
      <trkpt lat="24.28643" lon="120.75721">
        <ele>308.7</ele>
      </trkpt>
      <trkpt lat="24.28643" lon="120.75723">
        <ele>308.5</ele>
      </trkpt>
      <trkpt lat="24.28644" lon="120.75725">
        <ele>308.4</ele>
      </trkpt>
      <trkpt lat="24.28644" lon="120.75728">
        <ele>308.0</ele>
      </trkpt>
      <trkpt lat="24.28644" lon="120.75729">
        <ele>307.9</ele>
      </trkpt>
      <trkpt lat="24.28644" lon="120.75731">
        <ele>307.6</ele>
      </trkpt>
      <trkpt lat="24.28643" lon="120.75734">
        <ele>307.1</ele>
      </trkpt>
      <trkpt lat="24.28642" lon="120.75736">
        <ele>306.6</ele>
      </trkpt>
      <trkpt lat="24.28642" lon="120.75736">
        <ele>306.6</ele>
      </trkpt>
      <trkpt lat="24.28641" lon="120.75738">
        <ele>306.2</ele>
      </trkpt>
      <trkpt lat="24.28631" lon="120.75747">
        <ele>303.4</ele>
      </trkpt>
      <trkpt lat="24.2863" lon="120.75748">
        <ele>303.1</ele>
      </trkpt>
      <trkpt lat="24.28626" lon="120.75752">
        <ele>302.0</ele>
      </trkpt>
      <trkpt lat="24.28624" lon="120.75754">
        <ele>301.5</ele>
      </trkpt>
      <trkpt lat="24.28623" lon="120.75755">
        <ele>301.2</ele>
      </trkpt>
      <trkpt lat="24.28623" lon="120.75756">
        <ele>301.1</ele>
      </trkpt>
      <trkpt lat="24.28622" lon="120.75757">
        <ele>300.8</ele>
      </trkpt>
      <trkpt lat="24.28622" lon="120.75758">
        <ele>300.7</ele>
      </trkpt>
      <trkpt lat="24.28622" lon="120.75761">
        <ele>300.5</ele>
      </trkpt>
      <trkpt lat="24.28622" lon="120.7577">
        <ele>299.6</ele>
      </trkpt>
      <trkpt lat="24.28623" lon="120.75781">
        <ele>298.7</ele>
      </trkpt>
      <trkpt lat="24.28622" lon="120.75782">
        <ele>298.5</ele>
      </trkpt>
      <trkpt lat="24.28622" lon="120.75796">
        <ele>297.1</ele>
      </trkpt>
      <trkpt lat="24.28621" lon="120.75801">
        <ele>296.5</ele>
      </trkpt>
      <trkpt lat="24.28618" lon="120.75807">
        <ele>295.5</ele>
      </trkpt>
      <trkpt lat="24.28614" lon="120.75817">
        <ele>293.9</ele>
      </trkpt>
      <trkpt lat="24.28616" lon="120.75833">
        <ele>292.7</ele>
      </trkpt>
      <trkpt lat="24.28621" lon="120.75851">
        <ele>291.8</ele>
      </trkpt>
      <trkpt lat="24.28626" lon="120.75869">
        <ele>290.7</ele>
      </trkpt>
      <trkpt lat="24.28628" lon="120.75874">
        <ele>290.5</ele>
      </trkpt>
      <trkpt lat="24.28637" lon="120.75911">
        <ele>288.0</ele>
      </trkpt>
      <trkpt lat="24.28645" lon="120.75947">
        <ele>289.1</ele>
      </trkpt>
      <trkpt lat="24.28646" lon="120.75955">
        <ele>289.4</ele>
      </trkpt>
      <trkpt lat="24.28647" lon="120.75959">
        <ele>289.6</ele>
      </trkpt>
      <trkpt lat="24.28648" lon="120.75965">
        <ele>289.9</ele>
      </trkpt>
      <trkpt lat="24.28652" lon="120.76006">
        <ele>291.2</ele>
      </trkpt>
      <trkpt lat="24.28652" lon="120.76014">
        <ele>291.5</ele>
      </trkpt>
      <trkpt lat="24.28653" lon="120.76022">
        <ele>291.9</ele>
      </trkpt>
      <trkpt lat="24.28653" lon="120.76033">
        <ele>292.3</ele>
      </trkpt>
      <trkpt lat="24.28651" lon="120.76054">
        <ele>293.0</ele>
      </trkpt>
      <trkpt lat="24.28647" lon="120.76081">
        <ele>293.6</ele>
      </trkpt>
      <trkpt lat="24.28644" lon="120.76102">
        <ele>294.0</ele>
      </trkpt>
      <trkpt lat="24.28632" lon="120.76143">
        <ele>294.0</ele>
      </trkpt>
      <trkpt lat="24.28631" lon="120.76146">
        <ele>294.0</ele>
      </trkpt>
      <trkpt lat="24.2863" lon="120.76148">
        <ele>293.9</ele>
      </trkpt>
      <trkpt lat="24.28629" lon="120.7615">
        <ele>293.9</ele>
      </trkpt>
      <trkpt lat="24.28626" lon="120.76152">
        <ele>293.6</ele>
      </trkpt>
      <trkpt lat="24.28624" lon="120.76153">
        <ele>293.4</ele>
      </trkpt>
      <trkpt lat="24.28622" lon="120.76154">
        <ele>293.2</ele>
      </trkpt>
      <trkpt lat="24.28619" lon="120.76154">
        <ele>292.8</ele>
      </trkpt>
      <trkpt lat="24.28616" lon="120.76154">
        <ele>292.5</ele>
      </trkpt>
      <trkpt lat="24.28613" lon="120.76154">
        <ele>292.1</ele>
      </trkpt>
      <trkpt lat="24.28611" lon="120.76154">
        <ele>291.9</ele>
      </trkpt>
      <trkpt lat="24.28608" lon="120.76154">
        <ele>291.5</ele>
      </trkpt>
      <trkpt lat="24.28604" lon="120.76153">
        <ele>291.0</ele>
      </trkpt>
      <trkpt lat="24.28601" lon="120.76152">
        <ele>290.6</ele>
      </trkpt>
      <trkpt lat="24.28596" lon="120.76149">
        <ele>289.9</ele>
      </trkpt>
      <trkpt lat="24.28581" lon="120.7614">
        <ele>287.8</ele>
      </trkpt>
      <trkpt lat="24.28576" lon="120.76134">
        <ele>287.2</ele>
      </trkpt>
      <trkpt lat="24.28574" lon="120.76132">
        <ele>286.9</ele>
      </trkpt>
      <trkpt lat="24.28573" lon="120.7613">
        <ele>286.7</ele>
      </trkpt>
      <trkpt lat="24.28572" lon="120.76128">
        <ele>286.6</ele>
      </trkpt>
      <trkpt lat="24.28571" lon="120.76126">
        <ele>286.4</ele>
      </trkpt>
      <trkpt lat="24.28571" lon="120.76123">
        <ele>286.3</ele>
      </trkpt>
      <trkpt lat="24.28569" lon="120.7612">
        <ele>286.0</ele>
      </trkpt>
      <trkpt lat="24.28568" lon="120.76116">
        <ele>285.8</ele>
      </trkpt>
      <trkpt lat="24.28566" lon="120.76111">
        <ele>285.5</ele>
      </trkpt>
      <trkpt lat="24.28563" lon="120.76103">
        <ele>284.9</ele>
      </trkpt>
      <trkpt lat="24.28563" lon="120.76102">
        <ele>284.9</ele>
      </trkpt>
      <trkpt lat="24.28561" lon="120.76098">
        <ele>284.6</ele>
      </trkpt>
      <trkpt lat="24.28559" lon="120.76093">
        <ele>284.3</ele>
      </trkpt>
      <trkpt lat="24.28556" lon="120.76088">
        <ele>283.9</ele>
      </trkpt>
      <trkpt lat="24.28553" lon="120.76086">
        <ele>283.5</ele>
      </trkpt>
      <trkpt lat="24.28548" lon="120.76083">
        <ele>283.0</ele>
      </trkpt>
      <trkpt lat="24.28543" lon="120.7608">
        <ele>282.5</ele>
      </trkpt>
      <trkpt lat="24.28537" lon="120.7608">
        <ele>282.0</ele>
      </trkpt>
      <trkpt lat="24.28523" lon="120.76079">
        <ele>280.8</ele>
      </trkpt>
      <trkpt lat="24.28518" lon="120.76079">
        <ele>280.4</ele>
      </trkpt>
      <trkpt lat="24.28507" lon="120.76079">
        <ele>279.4</ele>
      </trkpt>
      <trkpt lat="24.28497" lon="120.76079">
        <ele>278.2</ele>
      </trkpt>
      <trkpt lat="24.28491" lon="120.7608">
        <ele>277.1</ele>
      </trkpt>
      <trkpt lat="24.28486" lon="120.76081">
        <ele>276.2</ele>
      </trkpt>
      <trkpt lat="24.28483" lon="120.76083">
        <ele>275.7</ele>
      </trkpt>
      <trkpt lat="24.2848" lon="120.76085">
        <ele>275.2</ele>
      </trkpt>
      <trkpt lat="24.28476" lon="120.76091">
        <ele>274.6</ele>
      </trkpt>
      <trkpt lat="24.28471" lon="120.76098">
        <ele>273.8</ele>
      </trkpt>
      <trkpt lat="24.28463" lon="120.76112">
        <ele>272.6</ele>
      </trkpt>
      <trkpt lat="24.2846" lon="120.7612">
        <ele>272.2</ele>
      </trkpt>
      <trkpt lat="24.28458" lon="120.76126">
        <ele>272.0</ele>
      </trkpt>
      <trkpt lat="24.28457" lon="120.76131">
        <ele>271.9</ele>
      </trkpt>
      <trkpt lat="24.28457" lon="120.76134">
        <ele>272.0</ele>
      </trkpt>
      <trkpt lat="24.28457" lon="120.76136">
        <ele>272.0</ele>
      </trkpt>
      <trkpt lat="24.28457" lon="120.76143">
        <ele>272.2</ele>
      </trkpt>
      <trkpt lat="24.28458" lon="120.7615">
        <ele>272.5</ele>
      </trkpt>
      <trkpt lat="24.28459" lon="120.76153">
        <ele>272.8</ele>
      </trkpt>
      <trkpt lat="24.28461" lon="120.76164">
        <ele>273.5</ele>
      </trkpt>
      <trkpt lat="24.2847" lon="120.76192">
        <ele>274.1</ele>
      </trkpt>
      <trkpt lat="24.28474" lon="120.76208">
        <ele>274.0</ele>
      </trkpt>
      <trkpt lat="24.28476" lon="120.76219">
        <ele>273.8</ele>
      </trkpt>
      <trkpt lat="24.28479" lon="120.76251">
        <ele>272.8</ele>
      </trkpt>
      <trkpt lat="24.2848" lon="120.76268">
        <ele>273.4</ele>
      </trkpt>
      <trkpt lat="24.2848" lon="120.7628">
        <ele>273.8</ele>
      </trkpt>
      <trkpt lat="24.2848" lon="120.76282">
        <ele>273.9</ele>
      </trkpt>
      <trkpt lat="24.2848" lon="120.76283">
        <ele>273.9</ele>
      </trkpt>
      <trkpt lat="24.2848" lon="120.76283">
        <ele>273.9</ele>
      </trkpt>
      <trkpt lat="24.28479" lon="120.76288">
        <ele>273.9</ele>
      </trkpt>
      <trkpt lat="24.28478" lon="120.76296">
        <ele>273.9</ele>
      </trkpt>
      <trkpt lat="24.28477" lon="120.76303">
        <ele>274.0</ele>
      </trkpt>
      <trkpt lat="24.28475" lon="120.76313">
        <ele>273.9</ele>
      </trkpt>
      <trkpt lat="24.28474" lon="120.76318">
        <ele>273.9</ele>
      </trkpt>
      <trkpt lat="24.28473" lon="120.76327">
        <ele>274.0</ele>
      </trkpt>
      <trkpt lat="24.28473" lon="120.7633">
        <ele>274.0</ele>
      </trkpt>
      <trkpt lat="24.28473" lon="120.76334">
        <ele>274.2</ele>
      </trkpt>
      <trkpt lat="24.28472" lon="120.7634">
        <ele>274.6</ele>
      </trkpt>
      <trkpt lat="24.28472" lon="120.76346">
        <ele>275.2</ele>
      </trkpt>
      <trkpt lat="24.28471" lon="120.76352">
        <ele>275.6</ele>
      </trkpt>
      <trkpt lat="24.28471" lon="120.76355">
        <ele>275.8</ele>
      </trkpt>
      <trkpt lat="24.2847" lon="120.76358">
        <ele>275.9</ele>
      </trkpt>
      <trkpt lat="24.2847" lon="120.76361">
        <ele>276.2</ele>
      </trkpt>
      <trkpt lat="24.28469" lon="120.76363">
        <ele>276.2</ele>
      </trkpt>
      <trkpt lat="24.28469" lon="120.76366">
        <ele>276.5</ele>
      </trkpt>
      <trkpt lat="24.28468" lon="120.76369">
        <ele>276.5</ele>
      </trkpt>
      <trkpt lat="24.28467" lon="120.76371">
        <ele>276.5</ele>
      </trkpt>
      <trkpt lat="24.28467" lon="120.76373">
        <ele>276.7</ele>
      </trkpt>
      <trkpt lat="24.28448" lon="120.76429">
        <ele>275.9</ele>
      </trkpt>
      <trkpt lat="24.2844" lon="120.76452">
        <ele>274.1</ele>
      </trkpt>
      <trkpt lat="24.28439" lon="120.76456">
        <ele>273.9</ele>
      </trkpt>
      <trkpt lat="24.28438" lon="120.76459">
        <ele>273.6</ele>
      </trkpt>
      <trkpt lat="24.28438" lon="120.76463">
        <ele>273.7</ele>
      </trkpt>
      <trkpt lat="24.28438" lon="120.76467">
        <ele>273.7</ele>
      </trkpt>
      <trkpt lat="24.28439" lon="120.76483">
        <ele>274.0</ele>
      </trkpt>
      <trkpt lat="24.2844" lon="120.76497">
        <ele>274.3</ele>
      </trkpt>
      <trkpt lat="24.2844" lon="120.76509">
        <ele>275.4</ele>
      </trkpt>
      <trkpt lat="24.2844" lon="120.76536">
        <ele>278.7</ele>
      </trkpt>
      <trkpt lat="24.2844" lon="120.76542">
        <ele>279.4</ele>
      </trkpt>
      <trkpt lat="24.2844" lon="120.7655">
        <ele>280.3</ele>
      </trkpt>
      <trkpt lat="24.28439" lon="120.76555">
        <ele>280.8</ele>
      </trkpt>
      <trkpt lat="24.28439" lon="120.76556">
        <ele>280.9</ele>
      </trkpt>
      <trkpt lat="24.28439" lon="120.76558">
        <ele>281.1</ele>
      </trkpt>
      <trkpt lat="24.28438" lon="120.76561">
        <ele>281.3</ele>
      </trkpt>
      <trkpt lat="24.28437" lon="120.76566">
        <ele>281.8</ele>
      </trkpt>
      <trkpt lat="24.28435" lon="120.76569">
        <ele>281.8</ele>
      </trkpt>
      <trkpt lat="24.28426" lon="120.76593">
        <ele>283.2</ele>
      </trkpt>
      <trkpt lat="24.28425" lon="120.76595">
        <ele>283.2</ele>
      </trkpt>
      <trkpt lat="24.28422" lon="120.76604">
        <ele>283.7</ele>
      </trkpt>
      <trkpt lat="24.28419" lon="120.76611">
        <ele>283.9</ele>
      </trkpt>
      <trkpt lat="24.28419" lon="120.76612">
        <ele>284.0</ele>
      </trkpt>
      <trkpt lat="24.28416" lon="120.76623">
        <ele>284.7</ele>
      </trkpt>
      <trkpt lat="24.28414" lon="120.7663">
        <ele>284.9</ele>
      </trkpt>
      <trkpt lat="24.28413" lon="120.76633">
        <ele>285.0</ele>
      </trkpt>
      <trkpt lat="24.28411" lon="120.7664">
        <ele>285.2</ele>
      </trkpt>
      <trkpt lat="24.28409" lon="120.76655">
        <ele>286.1</ele>
      </trkpt>
      <trkpt lat="24.28408" lon="120.76662">
        <ele>286.5</ele>
      </trkpt>
      <trkpt lat="24.28408" lon="120.7667">
        <ele>286.9</ele>
      </trkpt>
      <trkpt lat="24.28407" lon="120.76686">
        <ele>286.6</ele>
      </trkpt>
      <trkpt lat="24.28407" lon="120.76706">
        <ele>286.5</ele>
      </trkpt>
      <trkpt lat="24.28406" lon="120.76752">
        <ele>286.3</ele>
      </trkpt>
      <trkpt lat="24.28408" lon="120.76762">
        <ele>287.1</ele>
      </trkpt>
      <trkpt lat="24.2841" lon="120.76772">
        <ele>287.9</ele>
      </trkpt>
      <trkpt lat="24.28411" lon="120.76776">
        <ele>288.2</ele>
      </trkpt>
      <trkpt lat="24.28411" lon="120.7678">
        <ele>288.4</ele>
      </trkpt>
      <trkpt lat="24.2841" lon="120.76783">
        <ele>288.3</ele>
      </trkpt>
      <trkpt lat="24.28409" lon="120.76787">
        <ele>288.3</ele>
      </trkpt>
      <trkpt lat="24.28407" lon="120.76793">
        <ele>288.2</ele>
      </trkpt>
      <trkpt lat="24.28406" lon="120.76797">
        <ele>288.2</ele>
      </trkpt>
      <trkpt lat="24.28404" lon="120.768">
        <ele>287.9</ele>
      </trkpt>
      <trkpt lat="24.28403" lon="120.76804">
        <ele>287.9</ele>
      </trkpt>
      <trkpt lat="24.28401" lon="120.76807">
        <ele>287.6</ele>
      </trkpt>
      <trkpt lat="24.28401" lon="120.76809">
        <ele>287.7</ele>
      </trkpt>
      <trkpt lat="24.284" lon="120.76812">
        <ele>287.6</ele>
      </trkpt>
      <trkpt lat="24.28399" lon="120.76814">
        <ele>287.5</ele>
      </trkpt>
      <trkpt lat="24.28396" lon="120.76821">
        <ele>287.1</ele>
      </trkpt>
      <trkpt lat="24.28395" lon="120.76825">
        <ele>287.0</ele>
      </trkpt>
      <trkpt lat="24.28395" lon="120.76829">
        <ele>287.2</ele>
      </trkpt>
      <trkpt lat="24.28395" lon="120.76832">
        <ele>287.3</ele>
      </trkpt>
      <trkpt lat="24.28395" lon="120.76835">
        <ele>287.4</ele>
      </trkpt>
      <trkpt lat="24.28395" lon="120.76839">
        <ele>287.6</ele>
      </trkpt>
      <trkpt lat="24.28395" lon="120.76841">
        <ele>287.7</ele>
      </trkpt>
      <trkpt lat="24.28396" lon="120.76844">
        <ele>288.1</ele>
      </trkpt>
      <trkpt lat="24.28396" lon="120.76846">
        <ele>288.2</ele>
      </trkpt>
      <trkpt lat="24.28397" lon="120.76848">
        <ele>288.5</ele>
      </trkpt>
      <trkpt lat="24.28398" lon="120.76849">
        <ele>288.8</ele>
      </trkpt>
      <trkpt lat="24.28399" lon="120.76851">
        <ele>289.1</ele>
      </trkpt>
      <trkpt lat="24.28401" lon="120.76855">
        <ele>289.8</ele>
      </trkpt>
      <trkpt lat="24.28402" lon="120.76857">
        <ele>290.1</ele>
      </trkpt>
      <trkpt lat="24.28414" lon="120.76869">
        <ele>293.2</ele>
      </trkpt>
      <trkpt lat="24.28417" lon="120.76873">
        <ele>294.0</ele>
      </trkpt>
      <trkpt lat="24.28434" lon="120.76905">
        <ele>301.2</ele>
      </trkpt>
      <trkpt lat="24.28446" lon="120.76938">
        <ele>303.8</ele>
      </trkpt>
      <trkpt lat="24.28468" lon="120.76987">
        <ele>304.4</ele>
      </trkpt>
      <trkpt lat="24.28477" lon="120.77008">
        <ele>304.2</ele>
      </trkpt>
      <trkpt lat="24.28492" lon="120.77053">
        <ele>304.0</ele>
      </trkpt>
      <trkpt lat="24.285" lon="120.77074">
        <ele>303.8</ele>
      </trkpt>
      <trkpt lat="24.28503" lon="120.7708">
        <ele>304.1</ele>
      </trkpt>
      <trkpt lat="24.28507" lon="120.77084">
        <ele>304.7</ele>
      </trkpt>
      <trkpt lat="24.2851" lon="120.77086">
        <ele>305.2</ele>
      </trkpt>
      <trkpt lat="24.28516" lon="120.77091">
        <ele>305.8</ele>
      </trkpt>
      <trkpt lat="24.2852" lon="120.77095">
        <ele>306.1</ele>
      </trkpt>
      <trkpt lat="24.28524" lon="120.77099">
        <ele>306.3</ele>
      </trkpt>
      <trkpt lat="24.28525" lon="120.771">
        <ele>306.3</ele>
      </trkpt>
      <trkpt lat="24.28526" lon="120.77101">
        <ele>306.4</ele>
      </trkpt>
      <trkpt lat="24.2853" lon="120.77104">
        <ele>306.7</ele>
      </trkpt>
      <trkpt lat="24.28557" lon="120.77128">
        <ele>307.0</ele>
      </trkpt>
      <trkpt lat="24.28558" lon="120.77129">
        <ele>307.0</ele>
      </trkpt>
      <trkpt lat="24.28564" lon="120.77136">
        <ele>306.3</ele>
      </trkpt>
      <trkpt lat="24.2857" lon="120.77143">
        <ele>305.6</ele>
      </trkpt>
      <trkpt lat="24.28572" lon="120.77145">
        <ele>305.4</ele>
      </trkpt>
      <trkpt lat="24.28583" lon="120.77157">
        <ele>303.7</ele>
      </trkpt>
      <trkpt lat="24.28588" lon="120.77162">
        <ele>304.3</ele>
      </trkpt>
      <trkpt lat="24.2859" lon="120.77165">
        <ele>304.2</ele>
      </trkpt>
      <trkpt lat="24.28592" lon="120.77167">
        <ele>304.5</ele>
      </trkpt>
      <trkpt lat="24.28595" lon="120.77171">
        <ele>305.1</ele>
      </trkpt>
      <trkpt lat="24.28598" lon="120.77174">
        <ele>305.8</ele>
      </trkpt>
      <trkpt lat="24.286" lon="120.77178">
        <ele>305.9</ele>
      </trkpt>
      <trkpt lat="24.28603" lon="120.77182">
        <ele>306.5</ele>
      </trkpt>
      <trkpt lat="24.28606" lon="120.77189">
        <ele>306.5</ele>
      </trkpt>
      <trkpt lat="24.28609" lon="120.77194">
        <ele>306.8</ele>
      </trkpt>
      <trkpt lat="24.2861" lon="120.77199">
        <ele>306.3</ele>
      </trkpt>
      <trkpt lat="24.28611" lon="120.77203">
        <ele>306.0</ele>
      </trkpt>
      <trkpt lat="24.28613" lon="120.77212">
        <ele>305.3</ele>
      </trkpt>
      <trkpt lat="24.28615" lon="120.77221">
        <ele>304.5</ele>
      </trkpt>
      <trkpt lat="24.28615" lon="120.77224">
        <ele>303.9</ele>
      </trkpt>
      <trkpt lat="24.28615" lon="120.77227">
        <ele>303.4</ele>
      </trkpt>
      <trkpt lat="24.28616" lon="120.77236">
        <ele>302.2</ele>
      </trkpt>
      <trkpt lat="24.28616" lon="120.77239">
        <ele>301.7</ele>
      </trkpt>
      <trkpt lat="24.28616" lon="120.77242">
        <ele>301.2</ele>
      </trkpt>
      <trkpt lat="24.28616" lon="120.77243">
        <ele>301.0</ele>
      </trkpt>
      <trkpt lat="24.28617" lon="120.77254">
        <ele>299.5</ele>
      </trkpt>
      <trkpt lat="24.28619" lon="120.77278">
        <ele>296.6</ele>
      </trkpt>
      <trkpt lat="24.2862" lon="120.77285">
        <ele>295.8</ele>
      </trkpt>
      <trkpt lat="24.28621" lon="120.77289">
        <ele>295.5</ele>
      </trkpt>
      <trkpt lat="24.28622" lon="120.77293">
        <ele>295.2</ele>
      </trkpt>
      <trkpt lat="24.28623" lon="120.77297">
        <ele>294.8</ele>
      </trkpt>
      <trkpt lat="24.28623" lon="120.77299">
        <ele>294.5</ele>
      </trkpt>
      <trkpt lat="24.28624" lon="120.773">
        <ele>294.6</ele>
      </trkpt>
      <trkpt lat="24.28625" lon="120.77302">
        <ele>294.6</ele>
      </trkpt>
      <trkpt lat="24.28627" lon="120.77304">
        <ele>294.8</ele>
      </trkpt>
      <trkpt lat="24.28629" lon="120.77307">
        <ele>294.8</ele>
      </trkpt>
      <trkpt lat="24.28644" lon="120.77321">
        <ele>296.2</ele>
      </trkpt>
      <trkpt lat="24.28646" lon="120.77323">
        <ele>296.3</ele>
      </trkpt>
      <trkpt lat="24.28653" lon="120.77331">
        <ele>296.4</ele>
      </trkpt>
      <trkpt lat="24.28654" lon="120.77334">
        <ele>296.0</ele>
      </trkpt>
      <trkpt lat="24.28659" lon="120.77342">
        <ele>295.8</ele>
      </trkpt>
      <trkpt lat="24.28661" lon="120.77348">
        <ele>295.2</ele>
      </trkpt>
      <trkpt lat="24.28663" lon="120.77353">
        <ele>294.7</ele>
      </trkpt>
      <trkpt lat="24.28665" lon="120.77356">
        <ele>294.6</ele>
      </trkpt>
      <trkpt lat="24.28667" lon="120.77359">
        <ele>294.6</ele>
      </trkpt>
      <trkpt lat="24.2867" lon="120.77363">
        <ele>295.4</ele>
      </trkpt>
      <trkpt lat="24.28679" lon="120.77372">
        <ele>298.5</ele>
      </trkpt>
      <trkpt lat="24.28681" lon="120.77375">
        <ele>299.1</ele>
      </trkpt>
      <trkpt lat="24.28685" lon="120.77379">
        <ele>300.5</ele>
      </trkpt>
      <trkpt lat="24.28688" lon="120.77384">
        <ele>301.3</ele>
      </trkpt>
      <trkpt lat="24.28689" lon="120.77386">
        <ele>301.5</ele>
      </trkpt>
      <trkpt lat="24.2869" lon="120.77386">
        <ele>302.0</ele>
      </trkpt>
      <trkpt lat="24.2869" lon="120.77388">
        <ele>301.7</ele>
      </trkpt>
      <trkpt lat="24.28692" lon="120.7739">
        <ele>302.4</ele>
      </trkpt>
      <trkpt lat="24.28692" lon="120.77391">
        <ele>302.2</ele>
      </trkpt>
      <trkpt lat="24.28693" lon="120.77396">
        <ele>302.0</ele>
      </trkpt>
      <trkpt lat="24.28694" lon="120.77399">
        <ele>302.0</ele>
      </trkpt>
      <trkpt lat="24.28694" lon="120.77406">
        <ele>300.8</ele>
      </trkpt>
      <trkpt lat="24.28694" lon="120.77414">
        <ele>299.5</ele>
      </trkpt>
      <trkpt lat="24.28693" lon="120.77424">
        <ele>298.3</ele>
      </trkpt>
      <trkpt lat="24.28693" lon="120.77428">
        <ele>298.1</ele>
      </trkpt>
      <trkpt lat="24.28689" lon="120.77469">
        <ele>294.6</ele>
      </trkpt>
      <trkpt lat="24.28689" lon="120.77485">
        <ele>294.0</ele>
      </trkpt>
      <trkpt lat="24.28688" lon="120.77505">
        <ele>292.8</ele>
      </trkpt>
      <trkpt lat="24.28688" lon="120.77507">
        <ele>292.7</ele>
      </trkpt>
      <trkpt lat="24.28687" lon="120.77518">
        <ele>291.6</ele>
      </trkpt>
      <trkpt lat="24.28687" lon="120.77523">
        <ele>291.3</ele>
      </trkpt>
      <trkpt lat="24.28687" lon="120.77527">
        <ele>291.1</ele>
      </trkpt>
      <trkpt lat="24.28686" lon="120.77536">
        <ele>290.2</ele>
      </trkpt>
      <trkpt lat="24.28685" lon="120.77555">
        <ele>288.8</ele>
      </trkpt>
      <trkpt lat="24.28684" lon="120.77572">
        <ele>287.6</ele>
      </trkpt>
      <trkpt lat="24.28684" lon="120.7758">
        <ele>287.2</ele>
      </trkpt>
      <trkpt lat="24.28684" lon="120.77587">
        <ele>287.1</ele>
      </trkpt>
      <trkpt lat="24.28684" lon="120.77592">
        <ele>287.1</ele>
      </trkpt>
      <trkpt lat="24.28684" lon="120.77595">
        <ele>287.2</ele>
      </trkpt>
      <trkpt lat="24.28686" lon="120.77605">
        <ele>288.0</ele>
      </trkpt>
      <trkpt lat="24.28686" lon="120.77606">
        <ele>288.0</ele>
      </trkpt>
      <trkpt lat="24.28688" lon="120.7762">
        <ele>288.8</ele>
      </trkpt>
      <trkpt lat="24.28688" lon="120.7762">
        <ele>288.8</ele>
      </trkpt>
      <trkpt lat="24.28689" lon="120.77623">
        <ele>289.2</ele>
      </trkpt>
      <trkpt lat="24.28689" lon="120.77624">
        <ele>289.2</ele>
      </trkpt>
      <trkpt lat="24.28692" lon="120.77639">
        <ele>290.3</ele>
      </trkpt>
      <trkpt lat="24.28693" lon="120.77645">
        <ele>290.6</ele>
      </trkpt>
      <trkpt lat="24.28693" lon="120.77651">
        <ele>290.6</ele>
      </trkpt>
      <trkpt lat="24.28693" lon="120.77656">
        <ele>290.6</ele>
      </trkpt>
      <trkpt lat="24.28693" lon="120.77657">
        <ele>290.6</ele>
      </trkpt>
      <trkpt lat="24.28692" lon="120.77661">
        <ele>290.2</ele>
      </trkpt>
      <trkpt lat="24.28691" lon="120.77667">
        <ele>289.9</ele>
      </trkpt>
      <trkpt lat="24.2869" lon="120.77672">
        <ele>289.4</ele>
      </trkpt>
      <trkpt lat="24.28688" lon="120.77677">
        <ele>288.7</ele>
      </trkpt>
      <trkpt lat="24.28686" lon="120.77682">
        <ele>288.0</ele>
      </trkpt>
      <trkpt lat="24.28682" lon="120.7769">
        <ele>286.8</ele>
      </trkpt>
      <trkpt lat="24.28679" lon="120.77696">
        <ele>286.0</ele>
      </trkpt>
      <trkpt lat="24.28678" lon="120.777">
        <ele>285.7</ele>
      </trkpt>
      <trkpt lat="24.28675" lon="120.77708">
        <ele>285.0</ele>
      </trkpt>
      <trkpt lat="24.28674" lon="120.77712">
        <ele>284.8</ele>
      </trkpt>
      <trkpt lat="24.28672" lon="120.77719">
        <ele>284.4</ele>
      </trkpt>
      <trkpt lat="24.2867" lon="120.77724">
        <ele>284.1</ele>
      </trkpt>
      <trkpt lat="24.28668" lon="120.77736">
        <ele>283.9</ele>
      </trkpt>
      <trkpt lat="24.28667" lon="120.77742">
        <ele>283.9</ele>
      </trkpt>
      <trkpt lat="24.2866" lon="120.77755">
        <ele>283.5</ele>
      </trkpt>
      <trkpt lat="24.28654" lon="120.77769">
        <ele>283.2</ele>
      </trkpt>
      <trkpt lat="24.28647" lon="120.77782">
        <ele>282.9</ele>
      </trkpt>
      <trkpt lat="24.28638" lon="120.77795">
        <ele>282.3</ele>
      </trkpt>
      <trkpt lat="24.2863" lon="120.77807">
        <ele>281.8</ele>
      </trkpt>
      <trkpt lat="24.28621" lon="120.77818">
        <ele>281.2</ele>
      </trkpt>
      <trkpt lat="24.28613" lon="120.77828">
        <ele>280.7</ele>
      </trkpt>
      <trkpt lat="24.2861" lon="120.77832">
        <ele>280.5</ele>
      </trkpt>
      <trkpt lat="24.28604" lon="120.7784">
        <ele>280.3</ele>
      </trkpt>
      <trkpt lat="24.286" lon="120.77846">
        <ele>280.2</ele>
      </trkpt>
      <trkpt lat="24.28597" lon="120.77854">
        <ele>280.3</ele>
      </trkpt>
      <trkpt lat="24.28594" lon="120.77861">
        <ele>280.4</ele>
      </trkpt>
      <trkpt lat="24.28584" lon="120.77891">
        <ele>281.5</ele>
      </trkpt>
      <trkpt lat="24.28569" lon="120.77939">
        <ele>282.6</ele>
      </trkpt>
      <trkpt lat="24.28558" lon="120.77973">
        <ele>282.6</ele>
      </trkpt>
      <trkpt lat="24.28557" lon="120.77986">
        <ele>282.8</ele>
      </trkpt>
      <trkpt lat="24.28557" lon="120.77992">
        <ele>282.9</ele>
      </trkpt>
      <trkpt lat="24.28557" lon="120.77993">
        <ele>283.0</ele>
      </trkpt>
      <trkpt lat="24.28557" lon="120.78">
        <ele>283.1</ele>
      </trkpt>
      <trkpt lat="24.28559" lon="120.78004">
        <ele>283.5</ele>
      </trkpt>
      <trkpt lat="24.28561" lon="120.78009">
        <ele>284.0</ele>
      </trkpt>
      <trkpt lat="24.28562" lon="120.78012">
        <ele>284.2</ele>
      </trkpt>
      <trkpt lat="24.28565" lon="120.78016">
        <ele>284.7</ele>
      </trkpt>
      <trkpt lat="24.28571" lon="120.78024">
        <ele>285.7</ele>
      </trkpt>
      <trkpt lat="24.28577" lon="120.78031">
        <ele>286.2</ele>
      </trkpt>
      <trkpt lat="24.28582" lon="120.78038">
        <ele>286.6</ele>
      </trkpt>
      <trkpt lat="24.28584" lon="120.78041">
        <ele>286.8</ele>
      </trkpt>
      <trkpt lat="24.28584" lon="120.78044">
        <ele>287.0</ele>
      </trkpt>
      <trkpt lat="24.28585" lon="120.78046">
        <ele>287.1</ele>
      </trkpt>
      <trkpt lat="24.28584" lon="120.78049">
        <ele>287.3</ele>
      </trkpt>
      <trkpt lat="24.28583" lon="120.78052">
        <ele>287.5</ele>
      </trkpt>
      <trkpt lat="24.28582" lon="120.78057">
        <ele>287.7</ele>
      </trkpt>
      <trkpt lat="24.28578" lon="120.78063">
        <ele>288.1</ele>
      </trkpt>
      <trkpt lat="24.28578" lon="120.78063">
        <ele>288.1</ele>
      </trkpt>
      <trkpt lat="24.28596" lon="120.78095">
        <ele>290.2</ele>
      </trkpt>
      <trkpt lat="24.28603" lon="120.78108">
        <ele>289.6</ele>
      </trkpt>
      <trkpt lat="24.28607" lon="120.78117">
        <ele>289.3</ele>
      </trkpt>
      <trkpt lat="24.2861" lon="120.78127">
        <ele>289.0</ele>
      </trkpt>
      <trkpt lat="24.28611" lon="120.78129">
        <ele>288.9</ele>
      </trkpt>
      <trkpt lat="24.28615" lon="120.78151">
        <ele>288.3</ele>
      </trkpt>
      <trkpt lat="24.28615" lon="120.78167">
        <ele>287.9</ele>
      </trkpt>
      <trkpt lat="24.28619" lon="120.78282">
        <ele>285.1</ele>
      </trkpt>
      <trkpt lat="24.28622" lon="120.78321">
        <ele>285.3</ele>
      </trkpt>
      <trkpt lat="24.28625" lon="120.78355">
        <ele>286.2</ele>
      </trkpt>
      <trkpt lat="24.2863" lon="120.78411">
        <ele>288.5</ele>
      </trkpt>
      <trkpt lat="24.28632" lon="120.78433">
        <ele>290.7</ele>
      </trkpt>
      <trkpt lat="24.28633" lon="120.78445">
        <ele>292.1</ele>
      </trkpt>
      <trkpt lat="24.28633" lon="120.78455">
        <ele>293.1</ele>
      </trkpt>
      <trkpt lat="24.28632" lon="120.78463">
        <ele>293.7</ele>
      </trkpt>
      <trkpt lat="24.28629" lon="120.78484">
        <ele>295.1</ele>
      </trkpt>
      <trkpt lat="24.28628" lon="120.78488">
        <ele>295.2</ele>
      </trkpt>
      <trkpt lat="24.28624" lon="120.78526">
        <ele>296.8</ele>
      </trkpt>
      <trkpt lat="24.28619" lon="120.78566">
        <ele>297.2</ele>
      </trkpt>
      <trkpt lat="24.28619" lon="120.78568">
        <ele>297.3</ele>
      </trkpt>
      <trkpt lat="24.28616" lon="120.78591">
        <ele>297.3</ele>
      </trkpt>
      <trkpt lat="24.28614" lon="120.786">
        <ele>296.9</ele>
      </trkpt>
      <trkpt lat="24.28611" lon="120.78607">
        <ele>296.1</ele>
      </trkpt>
      <trkpt lat="24.28609" lon="120.78613">
        <ele>295.6</ele>
      </trkpt>
      <trkpt lat="24.28606" lon="120.7862">
        <ele>294.9</ele>
      </trkpt>
      <trkpt lat="24.28601" lon="120.78632">
        <ele>293.8</ele>
      </trkpt>
      <trkpt lat="24.2859" lon="120.78651">
        <ele>291.1</ele>
      </trkpt>
      <trkpt lat="24.28583" lon="120.78667">
        <ele>290.0</ele>
      </trkpt>
      <trkpt lat="24.2858" lon="120.78675">
        <ele>290.3</ele>
      </trkpt>
      <trkpt lat="24.28574" lon="120.78688">
        <ele>290.5</ele>
      </trkpt>
      <trkpt lat="24.28569" lon="120.78701">
        <ele>290.7</ele>
      </trkpt>
      <trkpt lat="24.28567" lon="120.78707">
        <ele>290.8</ele>
      </trkpt>
      <trkpt lat="24.28565" lon="120.78715">
        <ele>290.9</ele>
      </trkpt>
      <trkpt lat="24.28561" lon="120.78728">
        <ele>291.0</ele>
      </trkpt>
      <trkpt lat="24.28561" lon="120.7873">
        <ele>291.1</ele>
      </trkpt>
      <trkpt lat="24.28556" lon="120.78747">
        <ele>291.0</ele>
      </trkpt>
      <trkpt lat="24.28545" lon="120.78785">
        <ele>289.7</ele>
      </trkpt>
      <trkpt lat="24.28538" lon="120.78813">
        <ele>289.0</ele>
      </trkpt>
      <trkpt lat="24.28536" lon="120.78828">
        <ele>289.0</ele>
      </trkpt>
      <trkpt lat="24.28535" lon="120.78835">
        <ele>288.9</ele>
      </trkpt>
      <trkpt lat="24.28535" lon="120.78843">
        <ele>289.2</ele>
      </trkpt>
      <trkpt lat="24.28534" lon="120.78851">
        <ele>289.2</ele>
      </trkpt>
      <trkpt lat="24.28534" lon="120.78851">
        <ele>289.2</ele>
      </trkpt>
      <trkpt lat="24.28533" lon="120.78861">
        <ele>289.3</ele>
      </trkpt>
      <trkpt lat="24.28531" lon="120.78879">
        <ele>289.6</ele>
      </trkpt>
      <trkpt lat="24.28528" lon="120.78908">
        <ele>290.1</ele>
      </trkpt>
      <trkpt lat="24.28526" lon="120.7894">
        <ele>290.5</ele>
      </trkpt>
      <trkpt lat="24.28524" lon="120.78997">
        <ele>291.4</ele>
      </trkpt>
      <trkpt lat="24.28523" lon="120.79003">
        <ele>291.3</ele>
      </trkpt>
      <trkpt lat="24.28524" lon="120.79018">
        <ele>290.8</ele>
      </trkpt>
      <trkpt lat="24.28524" lon="120.79027">
        <ele>290.4</ele>
      </trkpt>
      <trkpt lat="24.28526" lon="120.79053">
        <ele>289.5</ele>
      </trkpt>
      <trkpt lat="24.28528" lon="120.79078">
        <ele>288.6</ele>
      </trkpt>
      <trkpt lat="24.28528" lon="120.79081">
        <ele>288.4</ele>
      </trkpt>
      <trkpt lat="24.28531" lon="120.791">
        <ele>288.5</ele>
      </trkpt>
      <trkpt lat="24.28534" lon="120.79117">
        <ele>288.7</ele>
      </trkpt>
      <trkpt lat="24.28544" lon="120.79175">
        <ele>289.7</ele>
      </trkpt>
      <trkpt lat="24.28546" lon="120.79198">
        <ele>290.2</ele>
      </trkpt>
      <trkpt lat="24.28547" lon="120.79212">
        <ele>290.4</ele>
      </trkpt>
      <trkpt lat="24.28553" lon="120.79316">
        <ele>292.3</ele>
      </trkpt>
      <trkpt lat="24.28558" lon="120.79372">
        <ele>292.8</ele>
      </trkpt>
      <trkpt lat="24.28561" lon="120.79406">
        <ele>292.9</ele>
      </trkpt>
      <trkpt lat="24.28561" lon="120.79409">
        <ele>292.9</ele>
      </trkpt>
      <trkpt lat="24.28565" lon="120.79428">
        <ele>293.3</ele>
      </trkpt>
      <trkpt lat="24.28566" lon="120.79431">
        <ele>293.4</ele>
      </trkpt>
      <trkpt lat="24.28571" lon="120.79452">
        <ele>294.0</ele>
      </trkpt>
      <trkpt lat="24.2858" lon="120.7948">
        <ele>295.2</ele>
      </trkpt>
      <trkpt lat="24.28611" lon="120.79562">
        <ele>295.3</ele>
      </trkpt>
      <trkpt lat="24.28611" lon="120.79562">
        <ele>295.3</ele>
      </trkpt>
      <trkpt lat="24.28613" lon="120.79568">
        <ele>295.2</ele>
      </trkpt>
      <trkpt lat="24.28613" lon="120.79568">
        <ele>295.2</ele>
      </trkpt>
      <trkpt lat="24.28624" lon="120.79566">
        <ele>295.6</ele>
      </trkpt>
      <trkpt lat="24.28631" lon="120.79564">
        <ele>295.8</ele>
      </trkpt>
      <trkpt lat="24.28637" lon="120.79564">
        <ele>295.9</ele>
      </trkpt>
      <trkpt lat="24.28644" lon="120.79563">
        <ele>296.1</ele>
      </trkpt>
      <trkpt lat="24.28654" lon="120.79564">
        <ele>296.4</ele>
      </trkpt>
      <trkpt lat="24.28662" lon="120.79565">
        <ele>296.6</ele>
      </trkpt>
      <trkpt lat="24.28674" lon="120.79565">
        <ele>296.9</ele>
      </trkpt>
      <trkpt lat="24.28694" lon="120.79566">
        <ele>297.4</ele>
      </trkpt>
      <trkpt lat="24.28723" lon="120.79568">
        <ele>298.0</ele>
      </trkpt>
      <trkpt lat="24.28752" lon="120.79575">
        <ele>298.7</ele>
      </trkpt>
      <trkpt lat="24.28809" lon="120.79595">
        <ele>307.4</ele>
      </trkpt>
      <trkpt lat="24.2883" lon="120.79602">
        <ele>310.4</ele>
      </trkpt>
      <trkpt lat="24.28853" lon="120.79613">
        <ele>313.2</ele>
      </trkpt>
      <trkpt lat="24.28893" lon="120.79632">
        <ele>317.4</ele>
      </trkpt>
      <trkpt lat="24.28963" lon="120.79654">
        <ele>317.4</ele>
      </trkpt>
      <trkpt lat="24.28977" lon="120.7966">
        <ele>315.7</ele>
      </trkpt>
      <trkpt lat="24.28987" lon="120.79665">
        <ele>314.1</ele>
      </trkpt>
      <trkpt lat="24.28993" lon="120.7967">
        <ele>313.9</ele>
      </trkpt>
      <trkpt lat="24.29007" lon="120.79683">
        <ele>316.0</ele>
      </trkpt>
      <trkpt lat="24.29008" lon="120.79684">
        <ele>316.1</ele>
      </trkpt>
      <trkpt lat="24.29009" lon="120.79685">
        <ele>316.3</ele>
      </trkpt>
      <trkpt lat="24.29011" lon="120.79688">
        <ele>316.8</ele>
      </trkpt>
      <trkpt lat="24.29014" lon="120.79691">
        <ele>317.3</ele>
      </trkpt>
      <trkpt lat="24.29017" lon="120.79696">
        <ele>318.0</ele>
      </trkpt>
      <trkpt lat="24.2902" lon="120.79701">
        <ele>318.8</ele>
      </trkpt>
      <trkpt lat="24.29022" lon="120.79705">
        <ele>319.3</ele>
      </trkpt>
      <trkpt lat="24.29031" lon="120.79721">
        <ele>321.3</ele>
      </trkpt>
      <trkpt lat="24.29053" lon="120.79771">
        <ele>326.0</ele>
      </trkpt>
      <trkpt lat="24.29061" lon="120.79789">
        <ele>327.0</ele>
      </trkpt>
      <trkpt lat="24.29076" lon="120.79825">
        <ele>328.5</ele>
      </trkpt>
      <trkpt lat="24.29084" lon="120.79842">
        <ele>329.8</ele>
      </trkpt>
      <trkpt lat="24.29099" lon="120.79878">
        <ele>335.9</ele>
      </trkpt>
      <trkpt lat="24.29118" lon="120.79921">
        <ele>340.4</ele>
      </trkpt>
      <trkpt lat="24.29133" lon="120.79959">
        <ele>342.3</ele>
      </trkpt>
      <trkpt lat="24.29139" lon="120.7997">
        <ele>342.7</ele>
      </trkpt>
      <trkpt lat="24.29149" lon="120.79989">
        <ele>343.7</ele>
      </trkpt>
      <trkpt lat="24.29156" lon="120.8">
        <ele>344.2</ele>
      </trkpt>
      <trkpt lat="24.29158" lon="120.80003">
        <ele>344.4</ele>
      </trkpt>
      <trkpt lat="24.29166" lon="120.80015">
        <ele>345.4</ele>
      </trkpt>
      <trkpt lat="24.29166" lon="120.80015">
        <ele>345.4</ele>
      </trkpt>
      <trkpt lat="24.29166" lon="120.80015">
        <ele>345.4</ele>
      </trkpt>
      <trkpt lat="24.29168" lon="120.80017">
        <ele>345.7</ele>
      </trkpt>
      <trkpt lat="24.2919" lon="120.8004">
        <ele>350.4</ele>
      </trkpt>
      <trkpt lat="24.29203" lon="120.80054">
        <ele>352.9</ele>
      </trkpt>
      <trkpt lat="24.2922" lon="120.80069">
        <ele>355.5</ele>
      </trkpt>
      <trkpt lat="24.29244" lon="120.80088">
        <ele>358.2</ele>
      </trkpt>
      <trkpt lat="24.29259" lon="120.80101">
        <ele>359.9</ele>
      </trkpt>
      <trkpt lat="24.29274" lon="120.8011">
        <ele>361.6</ele>
      </trkpt>
      <trkpt lat="24.29285" lon="120.80114">
        <ele>362.8</ele>
      </trkpt>
      <trkpt lat="24.29295" lon="120.80118">
        <ele>363.9</ele>
      </trkpt>
      <trkpt lat="24.29301" lon="120.80119">
        <ele>364.4</ele>
      </trkpt>
      <trkpt lat="24.29306" lon="120.8012">
        <ele>364.9</ele>
      </trkpt>
      <trkpt lat="24.29313" lon="120.8012">
        <ele>365.4</ele>
      </trkpt>
      <trkpt lat="24.2932" lon="120.8012">
        <ele>366.0</ele>
      </trkpt>
      <trkpt lat="24.29329" lon="120.80118">
        <ele>366.4</ele>
      </trkpt>
      <trkpt lat="24.29337" lon="120.80117">
        <ele>366.9</ele>
      </trkpt>
      <trkpt lat="24.29356" lon="120.80113">
        <ele>368.1</ele>
      </trkpt>
      <trkpt lat="24.2944" lon="120.80094">
        <ele>372.4</ele>
      </trkpt>
      <trkpt lat="24.29445" lon="120.80093">
        <ele>372.5</ele>
      </trkpt>
      <trkpt lat="24.29452" lon="120.80091">
        <ele>372.6</ele>
      </trkpt>
      <trkpt lat="24.29462" lon="120.8009">
        <ele>372.9</ele>
      </trkpt>
      <trkpt lat="24.29483" lon="120.80088">
        <ele>373.5</ele>
      </trkpt>
      <trkpt lat="24.29496" lon="120.80089">
        <ele>373.9</ele>
      </trkpt>
      <trkpt lat="24.29503" lon="120.80091">
        <ele>373.8</ele>
      </trkpt>
      <trkpt lat="24.2951" lon="120.80094">
        <ele>373.4</ele>
      </trkpt>
      <trkpt lat="24.29515" lon="120.80097">
        <ele>373.1</ele>
      </trkpt>
      <trkpt lat="24.29531" lon="120.80107">
        <ele>371.9</ele>
      </trkpt>
      <trkpt lat="24.29547" lon="120.80116">
        <ele>370.4</ele>
      </trkpt>
      <trkpt lat="24.29562" lon="120.80125">
        <ele>368.8</ele>
      </trkpt>
      <trkpt lat="24.29578" lon="120.80134">
        <ele>366.8</ele>
      </trkpt>
      <trkpt lat="24.29632" lon="120.80165">
        <ele>361.2</ele>
      </trkpt>
      <trkpt lat="24.29658" lon="120.80181">
        <ele>360.5</ele>
      </trkpt>
      <trkpt lat="24.29693" lon="120.80202">
        <ele>360.8</ele>
      </trkpt>
      <trkpt lat="24.29742" lon="120.8023">
        <ele>359.0</ele>
      </trkpt>
      <trkpt lat="24.29804" lon="120.80262">
        <ele>353.1</ele>
      </trkpt>
      <trkpt lat="24.29816" lon="120.80267">
        <ele>351.8</ele>
      </trkpt>
      <trkpt lat="24.29826" lon="120.8027">
        <ele>350.6</ele>
      </trkpt>
      <trkpt lat="24.29838" lon="120.8027">
        <ele>349.6</ele>
      </trkpt>
      <trkpt lat="24.2985" lon="120.8027">
        <ele>349.1</ele>
      </trkpt>
      <trkpt lat="24.29868" lon="120.80267">
        <ele>348.5</ele>
      </trkpt>
      <trkpt lat="24.299" lon="120.80259">
        <ele>347.4</ele>
      </trkpt>
      <trkpt lat="24.29902" lon="120.80258">
        <ele>347.4</ele>
      </trkpt>
      <trkpt lat="24.29919" lon="120.80254">
        <ele>346.7</ele>
      </trkpt>
      <trkpt lat="24.29957" lon="120.80246">
        <ele>344.5</ele>
      </trkpt>
      <trkpt lat="24.29979" lon="120.8024">
        <ele>343.9</ele>
      </trkpt>
      <trkpt lat="24.29997" lon="120.80235">
        <ele>343.2</ele>
      </trkpt>
      <trkpt lat="24.30007" lon="120.80231">
        <ele>343.0</ele>
      </trkpt>
      <trkpt lat="24.30016" lon="120.80228">
        <ele>342.6</ele>
      </trkpt>
      <trkpt lat="24.30022" lon="120.80224">
        <ele>342.6</ele>
      </trkpt>
      <trkpt lat="24.3003" lon="120.8022">
        <ele>342.1</ele>
      </trkpt>
      <trkpt lat="24.30038" lon="120.80215">
        <ele>341.5</ele>
      </trkpt>
      <trkpt lat="24.3004" lon="120.80213">
        <ele>341.4</ele>
      </trkpt>
      <trkpt lat="24.3006" lon="120.80197">
        <ele>338.9</ele>
      </trkpt>
      <trkpt lat="24.30082" lon="120.80177">
        <ele>333.8</ele>
      </trkpt>
      <trkpt lat="24.30097" lon="120.80163">
        <ele>333.5</ele>
      </trkpt>
      <trkpt lat="24.3012" lon="120.80147">
        <ele>334.2</ele>
      </trkpt>
      <trkpt lat="24.30129" lon="120.80142">
        <ele>334.1</ele>
      </trkpt>
      <trkpt lat="24.30138" lon="120.80136">
        <ele>333.7</ele>
      </trkpt>
      <trkpt lat="24.30191" lon="120.80099">
        <ele>331.9</ele>
      </trkpt>
      <trkpt lat="24.30192" lon="120.80098">
        <ele>331.9</ele>
      </trkpt>
      <trkpt lat="24.30238" lon="120.80071">
        <ele>331.5</ele>
      </trkpt>
      <trkpt lat="24.30243" lon="120.80068">
        <ele>331.2</ele>
      </trkpt>
      <trkpt lat="24.30268" lon="120.80052">
        <ele>330.7</ele>
      </trkpt>
      <trkpt lat="24.30284" lon="120.80045">
        <ele>331.3</ele>
      </trkpt>
      <trkpt lat="24.30297" lon="120.8004">
        <ele>331.8</ele>
      </trkpt>
      <trkpt lat="24.30303" lon="120.80039">
        <ele>332.2</ele>
      </trkpt>
      <trkpt lat="24.30308" lon="120.80038">
        <ele>332.6</ele>
      </trkpt>
      <trkpt lat="24.30314" lon="120.80039">
        <ele>333.4</ele>
      </trkpt>
      <trkpt lat="24.30323" lon="120.8004">
        <ele>334.6</ele>
      </trkpt>
      <trkpt lat="24.30332" lon="120.80044">
        <ele>336.3</ele>
      </trkpt>
      <trkpt lat="24.30337" lon="120.80046">
        <ele>336.7</ele>
      </trkpt>
      <trkpt lat="24.30343" lon="120.80049">
        <ele>337.0</ele>
      </trkpt>
      <trkpt lat="24.30355" lon="120.80056">
        <ele>337.8</ele>
      </trkpt>
      <trkpt lat="24.30365" lon="120.80065">
        <ele>338.8</ele>
      </trkpt>
      <trkpt lat="24.30371" lon="120.80072">
        <ele>339.5</ele>
      </trkpt>
      <trkpt lat="24.30379" lon="120.80082">
        <ele>340.5</ele>
      </trkpt>
      <trkpt lat="24.30383" lon="120.80088">
        <ele>340.3</ele>
      </trkpt>
      <trkpt lat="24.30385" lon="120.80092">
        <ele>340.0</ele>
      </trkpt>
      <trkpt lat="24.3039" lon="120.80104">
        <ele>339.0</ele>
      </trkpt>
      <trkpt lat="24.30394" lon="120.80118">
        <ele>337.8</ele>
      </trkpt>
      <trkpt lat="24.30397" lon="120.80143">
        <ele>335.8</ele>
      </trkpt>
      <trkpt lat="24.30395" lon="120.8016">
        <ele>335.3</ele>
      </trkpt>
      <trkpt lat="24.30392" lon="120.80172">
        <ele>335.3</ele>
      </trkpt>
      <trkpt lat="24.30381" lon="120.80203">
        <ele>335.9</ele>
      </trkpt>
      <trkpt lat="24.30361" lon="120.8025">
        <ele>338.4</ele>
      </trkpt>
      <trkpt lat="24.30347" lon="120.80282">
        <ele>339.3</ele>
      </trkpt>
      <trkpt lat="24.30336" lon="120.80313">
        <ele>338.7</ele>
      </trkpt>
      <trkpt lat="24.30331" lon="120.80344">
        <ele>337.9</ele>
      </trkpt>
      <trkpt lat="24.30328" lon="120.80423">
        <ele>340.7</ele>
      </trkpt>
      <trkpt lat="24.30328" lon="120.80441">
        <ele>340.7</ele>
      </trkpt>
      <trkpt lat="24.30328" lon="120.80443">
        <ele>340.7</ele>
      </trkpt>
      <trkpt lat="24.30329" lon="120.80461">
        <ele>340.3</ele>
      </trkpt>
      <trkpt lat="24.30329" lon="120.80462">
        <ele>340.3</ele>
      </trkpt>
      <trkpt lat="24.3033" lon="120.80471">
        <ele>340.0</ele>
      </trkpt>
      <trkpt lat="24.30331" lon="120.80478">
        <ele>339.7</ele>
      </trkpt>
      <trkpt lat="24.30334" lon="120.80488">
        <ele>338.8</ele>
      </trkpt>
      <trkpt lat="24.30335" lon="120.80493">
        <ele>338.6</ele>
      </trkpt>
      <trkpt lat="24.30338" lon="120.80499">
        <ele>337.8</ele>
      </trkpt>
      <trkpt lat="24.30341" lon="120.80508">
        <ele>337.8</ele>
      </trkpt>
      <trkpt lat="24.30347" lon="120.80521">
        <ele>337.4</ele>
      </trkpt>
      <trkpt lat="24.30361" lon="120.80551">
        <ele>336.1</ele>
      </trkpt>
      <trkpt lat="24.30366" lon="120.8056">
        <ele>335.4</ele>
      </trkpt>
      <trkpt lat="24.30368" lon="120.80567">
        <ele>335.4</ele>
      </trkpt>
      <trkpt lat="24.3037" lon="120.80573">
        <ele>335.2</ele>
      </trkpt>
      <trkpt lat="24.30371" lon="120.80578">
        <ele>335.3</ele>
      </trkpt>
      <trkpt lat="24.30372" lon="120.80585">
        <ele>335.3</ele>
      </trkpt>
      <trkpt lat="24.30372" lon="120.80591">
        <ele>334.8</ele>
      </trkpt>
      <trkpt lat="24.30372" lon="120.80598">
        <ele>334.3</ele>
      </trkpt>
      <trkpt lat="24.30372" lon="120.80608">
        <ele>333.5</ele>
      </trkpt>
      <trkpt lat="24.3037" lon="120.80619">
        <ele>333.1</ele>
      </trkpt>
      <trkpt lat="24.30368" lon="120.80635">
        <ele>332.1</ele>
      </trkpt>
      <trkpt lat="24.30362" lon="120.8066">
        <ele>330.9</ele>
      </trkpt>
      <trkpt lat="24.30358" lon="120.80683">
        <ele>329.8</ele>
      </trkpt>
      <trkpt lat="24.30358" lon="120.80683">
        <ele>329.8</ele>
      </trkpt>
      <trkpt lat="24.30358" lon="120.80683">
        <ele>329.8</ele>
      </trkpt>
      <trkpt lat="24.30351" lon="120.80722">
        <ele>328.3</ele>
      </trkpt>
      <trkpt lat="24.3035" lon="120.80727">
        <ele>328.2</ele>
      </trkpt>
      <trkpt lat="24.30343" lon="120.80802">
        <ele>329.5</ele>
      </trkpt>
      <trkpt lat="24.3034" lon="120.80831">
        <ele>331.0</ele>
      </trkpt>
      <trkpt lat="24.30337" lon="120.80858">
        <ele>331.5</ele>
      </trkpt>
      <trkpt lat="24.30335" lon="120.80875">
        <ele>331.8</ele>
      </trkpt>
      <trkpt lat="24.30333" lon="120.80895">
        <ele>332.1</ele>
      </trkpt>
      <trkpt lat="24.30329" lon="120.80957">
        <ele>334.2</ele>
      </trkpt>
      <trkpt lat="24.30329" lon="120.80978">
        <ele>334.8</ele>
      </trkpt>
      <trkpt lat="24.30329" lon="120.81001">
        <ele>335.3</ele>
      </trkpt>
      <trkpt lat="24.30331" lon="120.81034">
        <ele>334.2</ele>
      </trkpt>
      <trkpt lat="24.30334" lon="120.81066">
        <ele>333.1</ele>
      </trkpt>
      <trkpt lat="24.30337" lon="120.81078">
        <ele>332.7</ele>
      </trkpt>
      <trkpt lat="24.30339" lon="120.81085">
        <ele>332.5</ele>
      </trkpt>
      <trkpt lat="24.30342" lon="120.81094">
        <ele>332.5</ele>
      </trkpt>
      <trkpt lat="24.30356" lon="120.8112">
        <ele>332.2</ele>
      </trkpt>
      <trkpt lat="24.30376" lon="120.8115">
        <ele>332.0</ele>
      </trkpt>
      <trkpt lat="24.30377" lon="120.81154">
        <ele>332.2</ele>
      </trkpt>
      <trkpt lat="24.3038" lon="120.81163">
        <ele>332.4</ele>
      </trkpt>
      <trkpt lat="24.3039" lon="120.81174">
        <ele>332.5</ele>
      </trkpt>
      <trkpt lat="24.30403" lon="120.81187">
        <ele>332.7</ele>
      </trkpt>
      <trkpt lat="24.3045" lon="120.81228">
        <ele>333.1</ele>
      </trkpt>
      <trkpt lat="24.30472" lon="120.81248">
        <ele>332.9</ele>
      </trkpt>
      <trkpt lat="24.30477" lon="120.81254">
        <ele>332.9</ele>
      </trkpt>
      <trkpt lat="24.30483" lon="120.8126">
        <ele>332.9</ele>
      </trkpt>
      <trkpt lat="24.30486" lon="120.81263">
        <ele>332.9</ele>
      </trkpt>
      <trkpt lat="24.30488" lon="120.81266">
        <ele>332.9</ele>
      </trkpt>
      <trkpt lat="24.305" lon="120.81281">
        <ele>332.9</ele>
      </trkpt>
      <trkpt lat="24.30506" lon="120.8129">
        <ele>332.9</ele>
      </trkpt>
      <trkpt lat="24.3051" lon="120.81297">
        <ele>332.9</ele>
      </trkpt>
      <trkpt lat="24.30522" lon="120.81317">
        <ele>332.9</ele>
      </trkpt>
      <trkpt lat="24.30528" lon="120.81326">
        <ele>333.0</ele>
      </trkpt>
      <trkpt lat="24.3054" lon="120.81346">
        <ele>333.0</ele>
      </trkpt>
      <trkpt lat="24.30546" lon="120.81356">
        <ele>333.0</ele>
      </trkpt>
      <trkpt lat="24.3055" lon="120.81362">
        <ele>333.0</ele>
      </trkpt>
      <trkpt lat="24.30552" lon="120.81366">
        <ele>333.0</ele>
      </trkpt>
      <trkpt lat="24.30569" lon="120.81393">
        <ele>333.1</ele>
      </trkpt>
      <trkpt lat="24.30602" lon="120.81448">
        <ele>333.1</ele>
      </trkpt>
      <trkpt lat="24.30612" lon="120.81464">
        <ele>333.1</ele>
      </trkpt>
      <trkpt lat="24.30617" lon="120.81472">
        <ele>333.2</ele>
      </trkpt>
      <trkpt lat="24.30632" lon="120.81497">
        <ele>333.2</ele>
      </trkpt>
      <trkpt lat="24.30673" lon="120.81562">
        <ele>333.3</ele>
      </trkpt>
      <trkpt lat="24.30683" lon="120.81578">
        <ele>333.3</ele>
      </trkpt>
      <trkpt lat="24.30693" lon="120.81594">
        <ele>333.3</ele>
      </trkpt>
      <trkpt lat="24.30694" lon="120.81595">
        <ele>333.3</ele>
      </trkpt>
      <trkpt lat="24.30694" lon="120.81595">
        <ele>333.3</ele>
      </trkpt>
      <trkpt lat="24.30704" lon="120.81611">
        <ele>333.3</ele>
      </trkpt>
      <trkpt lat="24.30714" lon="120.81627">
        <ele>333.3</ele>
      </trkpt>
      <trkpt lat="24.30733" lon="120.81657">
        <ele>333.4</ele>
      </trkpt>
      <trkpt lat="24.30773" lon="120.81722">
        <ele>333.5</ele>
      </trkpt>
      <trkpt lat="24.30784" lon="120.81738">
        <ele>333.5</ele>
      </trkpt>
      <trkpt lat="24.30794" lon="120.81755">
        <ele>333.5</ele>
      </trkpt>
      <trkpt lat="24.30825" lon="120.81803">
        <ele>333.6</ele>
      </trkpt>
      <trkpt lat="24.30836" lon="120.81819">
        <ele>333.6</ele>
      </trkpt>
      <trkpt lat="24.30877" lon="120.81884">
        <ele>333.7</ele>
      </trkpt>
      <trkpt lat="24.30883" lon="120.81893">
        <ele>333.7</ele>
      </trkpt>
      <trkpt lat="24.30885" lon="120.81896">
        <ele>333.7</ele>
      </trkpt>
      <trkpt lat="24.30893" lon="120.81909">
        <ele>333.7</ele>
      </trkpt>
      <trkpt lat="24.30901" lon="120.81922">
        <ele>333.8</ele>
      </trkpt>
      <trkpt lat="24.30911" lon="120.81938">
        <ele>333.8</ele>
      </trkpt>
      <trkpt lat="24.30943" lon="120.81982">
        <ele>333.9</ele>
      </trkpt>
      <trkpt lat="24.30971" lon="120.82025">
        <ele>334.3</ele>
      </trkpt>
      <trkpt lat="24.30993" lon="120.82059">
        <ele>335.1</ele>
      </trkpt>
      <trkpt lat="24.31007" lon="120.82087">
        <ele>335.7</ele>
      </trkpt>
      <trkpt lat="24.31035" lon="120.82151">
        <ele>334.7</ele>
      </trkpt>
      <trkpt lat="24.31035" lon="120.82151">
        <ele>334.7</ele>
      </trkpt>
      <trkpt lat="24.31029" lon="120.8221">
        <ele>335.7</ele>
      </trkpt>
      <trkpt lat="24.3103" lon="120.82321">
        <ele>336.9</ele>
      </trkpt>
      <trkpt lat="24.3103" lon="120.82321">
        <ele>336.9</ele>
      </trkpt>
      <trkpt lat="24.3102" lon="120.82326">
        <ele>337.0</ele>
      </trkpt>
      <trkpt lat="24.30995" lon="120.82338">
        <ele>336.8</ele>
      </trkpt>
      <trkpt lat="24.30988" lon="120.82342">
        <ele>336.5</ele>
      </trkpt>
      <trkpt lat="24.30982" lon="120.82347">
        <ele>336.3</ele>
      </trkpt>
      <trkpt lat="24.30979" lon="120.8235">
        <ele>336.2</ele>
      </trkpt>
      <trkpt lat="24.30975" lon="120.82354">
        <ele>336.1</ele>
      </trkpt>
      <trkpt lat="24.30967" lon="120.82365">
        <ele>335.9</ele>
      </trkpt>
      <trkpt lat="24.30963" lon="120.82371">
        <ele>335.9</ele>
      </trkpt>
      <trkpt lat="24.30959" lon="120.82376">
        <ele>335.8</ele>
      </trkpt>
      <trkpt lat="24.30946" lon="120.82401">
        <ele>335.9</ele>
      </trkpt>
      <trkpt lat="24.30896" lon="120.82482">
        <ele>336.4</ele>
      </trkpt>
      <trkpt lat="24.30869" lon="120.82526">
        <ele>337.6</ele>
      </trkpt>
      <trkpt lat="24.3084" lon="120.82575">
        <ele>338.9</ele>
      </trkpt>
      <trkpt lat="24.30801" lon="120.82645">
        <ele>341.3</ele>
      </trkpt>
      <trkpt lat="24.30798" lon="120.8265">
        <ele>341.4</ele>
      </trkpt>
      <trkpt lat="24.30777" lon="120.82693">
        <ele>342.6</ele>
      </trkpt>
      <trkpt lat="24.30775" lon="120.82697">
        <ele>342.6</ele>
      </trkpt>
      <trkpt lat="24.30773" lon="120.82703">
        <ele>342.7</ele>
      </trkpt>
      <trkpt lat="24.30754" lon="120.82738">
        <ele>343.0</ele>
      </trkpt>
      <trkpt lat="24.30754" lon="120.82738">
        <ele>343.0</ele>
      </trkpt>
      <trkpt lat="24.30745" lon="120.82756">
        <ele>343.3</ele>
      </trkpt>
      <trkpt lat="24.30718" lon="120.82804">
        <ele>345.1</ele>
      </trkpt>
      <trkpt lat="24.3069" lon="120.82854">
        <ele>347.0</ele>
      </trkpt>
      <trkpt lat="24.30676" lon="120.8288">
        <ele>348.2</ele>
      </trkpt>
      <trkpt lat="24.30671" lon="120.8289">
        <ele>348.7</ele>
      </trkpt>
      <trkpt lat="24.30667" lon="120.82898">
        <ele>349.1</ele>
      </trkpt>
      <trkpt lat="24.30664" lon="120.82907">
        <ele>349.6</ele>
      </trkpt>
      <trkpt lat="24.30663" lon="120.82922">
        <ele>350.4</ele>
      </trkpt>
      <trkpt lat="24.30663" lon="120.82925">
        <ele>350.6</ele>
      </trkpt>
      <trkpt lat="24.30663" lon="120.82929">
        <ele>350.9</ele>
      </trkpt>
      <trkpt lat="24.30664" lon="120.82931">
        <ele>351.1</ele>
      </trkpt>
      <trkpt lat="24.30664" lon="120.82935">
        <ele>351.3</ele>
      </trkpt>
      <trkpt lat="24.30666" lon="120.82942">
        <ele>351.8</ele>
      </trkpt>
      <trkpt lat="24.30668" lon="120.8295">
        <ele>352.4</ele>
      </trkpt>
      <trkpt lat="24.30671" lon="120.82959">
        <ele>353.0</ele>
      </trkpt>
      <trkpt lat="24.307" lon="120.8302">
        <ele>355.8</ele>
      </trkpt>
      <trkpt lat="24.307" lon="120.8302">
        <ele>355.8</ele>
      </trkpt>
      <trkpt lat="24.30724" lon="120.83066">
        <ele>355.2</ele>
      </trkpt>
      <trkpt lat="24.30743" lon="120.83102">
        <ele>354.6</ele>
      </trkpt>
      <trkpt lat="24.30751" lon="120.83121">
        <ele>354.1</ele>
      </trkpt>
      <trkpt lat="24.30757" lon="120.83137">
        <ele>353.5</ele>
      </trkpt>
      <trkpt lat="24.30765" lon="120.8316">
        <ele>352.8</ele>
      </trkpt>
      <trkpt lat="24.3077" lon="120.83187">
        <ele>352.6</ele>
      </trkpt>
      <trkpt lat="24.30774" lon="120.83206">
        <ele>352.6</ele>
      </trkpt>
      <trkpt lat="24.30781" lon="120.83226">
        <ele>352.4</ele>
      </trkpt>
      <trkpt lat="24.30785" lon="120.83239">
        <ele>352.3</ele>
      </trkpt>
      <trkpt lat="24.30788" lon="120.83256">
        <ele>352.3</ele>
      </trkpt>
      <trkpt lat="24.30789" lon="120.83263">
        <ele>352.3</ele>
      </trkpt>
      <trkpt lat="24.30793" lon="120.83282">
        <ele>352.5</ele>
      </trkpt>
      <trkpt lat="24.30793" lon="120.83285">
        <ele>352.6</ele>
      </trkpt>
      <trkpt lat="24.30795" lon="120.83301">
        <ele>352.9</ele>
      </trkpt>
      <trkpt lat="24.30799" lon="120.83315">
        <ele>353.2</ele>
      </trkpt>
      <trkpt lat="24.30802" lon="120.83327">
        <ele>353.5</ele>
      </trkpt>
      <trkpt lat="24.30803" lon="120.83333">
        <ele>353.6</ele>
      </trkpt>
      <trkpt lat="24.30803" lon="120.8334">
        <ele>353.5</ele>
      </trkpt>
      <trkpt lat="24.30803" lon="120.83354">
        <ele>353.2</ele>
      </trkpt>
      <trkpt lat="24.30801" lon="120.83379">
        <ele>352.7</ele>
      </trkpt>
      <trkpt lat="24.308" lon="120.83404">
        <ele>352.2</ele>
      </trkpt>
      <trkpt lat="24.30801" lon="120.83417">
        <ele>352.0</ele>
      </trkpt>
      <trkpt lat="24.30801" lon="120.83421">
        <ele>352.0</ele>
      </trkpt>
      <trkpt lat="24.30802" lon="120.83427">
        <ele>352.0</ele>
      </trkpt>
      <trkpt lat="24.30804" lon="120.83435">
        <ele>352.0</ele>
      </trkpt>
      <trkpt lat="24.30805" lon="120.83443">
        <ele>352.0</ele>
      </trkpt>
      <trkpt lat="24.30806" lon="120.83446">
        <ele>352.0</ele>
      </trkpt>
      <trkpt lat="24.3081" lon="120.83462">
        <ele>351.9</ele>
      </trkpt>
      <trkpt lat="24.30812" lon="120.8347">
        <ele>351.9</ele>
      </trkpt>
      <trkpt lat="24.30815" lon="120.83479">
        <ele>351.7</ele>
      </trkpt>
      <trkpt lat="24.30819" lon="120.83493">
        <ele>351.6</ele>
      </trkpt>
      <trkpt lat="24.30821" lon="120.835">
        <ele>351.4</ele>
      </trkpt>
      <trkpt lat="24.30822" lon="120.83506">
        <ele>351.3</ele>
      </trkpt>
      <trkpt lat="24.30824" lon="120.83512">
        <ele>351.2</ele>
      </trkpt>
      <trkpt lat="24.30824" lon="120.83518">
        <ele>351.1</ele>
      </trkpt>
      <trkpt lat="24.30824" lon="120.83524">
        <ele>351.0</ele>
      </trkpt>
      <trkpt lat="24.30824" lon="120.83529">
        <ele>350.9</ele>
      </trkpt>
      <trkpt lat="24.30823" lon="120.83545">
        <ele>350.7</ele>
      </trkpt>
      <trkpt lat="24.30821" lon="120.8357">
        <ele>350.4</ele>
      </trkpt>
      <trkpt lat="24.30821" lon="120.83577">
        <ele>350.2</ele>
      </trkpt>
      <trkpt lat="24.30821" lon="120.83577">
        <ele>350.2</ele>
      </trkpt>
      <trkpt lat="24.30813" lon="120.83578">
        <ele>350.3</ele>
      </trkpt>
      <trkpt lat="24.30788" lon="120.83582">
        <ele>350.6</ele>
      </trkpt>
      <trkpt lat="24.30771" lon="120.83585">
        <ele>350.7</ele>
      </trkpt>
      <trkpt lat="24.30746" lon="120.83588">
        <ele>351.3</ele>
      </trkpt>
      <trkpt lat="24.30736" lon="120.83589">
        <ele>352.0</ele>
      </trkpt>
      <trkpt lat="24.30734" lon="120.83589">
        <ele>352.1</ele>
      </trkpt>
      <trkpt lat="24.30724" lon="120.83595">
        <ele>352.8</ele>
      </trkpt>
      <trkpt lat="24.30715" lon="120.83601">
        <ele>353.3</ele>
      </trkpt>
      <trkpt lat="24.307" lon="120.83613">
        <ele>354.2</ele>
      </trkpt>
      <trkpt lat="24.30686" lon="120.83623">
        <ele>354.9</ele>
      </trkpt>
      <trkpt lat="24.30676" lon="120.83632">
        <ele>355.3</ele>
      </trkpt>
      <trkpt lat="24.30675" lon="120.83633">
        <ele>355.3</ele>
      </trkpt>
      <trkpt lat="24.30664" lon="120.83643">
        <ele>355.7</ele>
      </trkpt>
      <trkpt lat="24.30644" lon="120.83657">
        <ele>356.5</ele>
      </trkpt>
      <trkpt lat="24.30631" lon="120.83667">
        <ele>357.2</ele>
      </trkpt>
      <trkpt lat="24.30604" lon="120.83697">
        <ele>360.0</ele>
      </trkpt>
      <trkpt lat="24.3059" lon="120.83716">
        <ele>361.5</ele>
      </trkpt>
      <trkpt lat="24.30583" lon="120.8373">
        <ele>362.3</ele>
      </trkpt>
      <trkpt lat="24.30574" lon="120.83745">
        <ele>363.4</ele>
      </trkpt>
      <trkpt lat="24.30566" lon="120.83761">
        <ele>364.9</ele>
      </trkpt>
      <trkpt lat="24.30556" lon="120.83781">
        <ele>366.5</ele>
      </trkpt>
      <trkpt lat="24.30546" lon="120.83801">
        <ele>366.9</ele>
      </trkpt>
      <trkpt lat="24.30541" lon="120.83811">
        <ele>367.2</ele>
      </trkpt>
      <trkpt lat="24.30539" lon="120.83817">
        <ele>367.3</ele>
      </trkpt>
      <trkpt lat="24.30537" lon="120.83821">
        <ele>367.4</ele>
      </trkpt>
      <trkpt lat="24.30534" lon="120.83826">
        <ele>367.5</ele>
      </trkpt>
      <trkpt lat="24.30532" lon="120.8383">
        <ele>367.6</ele>
      </trkpt>
      <trkpt lat="24.30526" lon="120.83838">
        <ele>367.9</ele>
      </trkpt>
      <trkpt lat="24.30506" lon="120.83846">
        <ele>368.4</ele>
      </trkpt>
      <trkpt lat="24.30489" lon="120.83857">
        <ele>369.6</ele>
      </trkpt>
      <trkpt lat="24.30474" lon="120.83869">
        <ele>370.6</ele>
      </trkpt>
      <trkpt lat="24.3046" lon="120.83886">
        <ele>371.4</ele>
      </trkpt>
      <trkpt lat="24.30448" lon="120.83901">
        <ele>371.2</ele>
      </trkpt>
      <trkpt lat="24.30437" lon="120.83917">
        <ele>370.4</ele>
      </trkpt>
      <trkpt lat="24.30429" lon="120.83928">
        <ele>370.3</ele>
      </trkpt>
      <trkpt lat="24.30421" lon="120.83943">
        <ele>370.3</ele>
      </trkpt>
      <trkpt lat="24.30414" lon="120.83955">
        <ele>370.6</ele>
      </trkpt>
      <trkpt lat="24.30412" lon="120.83958">
        <ele>370.9</ele>
      </trkpt>
      <trkpt lat="24.30411" lon="120.8396">
        <ele>371.1</ele>
      </trkpt>
      <trkpt lat="24.30408" lon="120.83969">
        <ele>372.0</ele>
      </trkpt>
      <trkpt lat="24.30406" lon="120.83977">
        <ele>372.8</ele>
      </trkpt>
      <trkpt lat="24.30405" lon="120.83986">
        <ele>373.8</ele>
      </trkpt>
      <trkpt lat="24.30404" lon="120.83993">
        <ele>374.5</ele>
      </trkpt>
      <trkpt lat="24.30404" lon="120.83997">
        <ele>374.9</ele>
      </trkpt>
      <trkpt lat="24.30405" lon="120.84003">
        <ele>375.3</ele>
      </trkpt>
      <trkpt lat="24.30408" lon="120.84015">
        <ele>375.5</ele>
      </trkpt>
      <trkpt lat="24.3041" lon="120.84025">
        <ele>375.6</ele>
      </trkpt>
      <trkpt lat="24.30413" lon="120.84034">
        <ele>375.6</ele>
      </trkpt>
      <trkpt lat="24.30416" lon="120.84044">
        <ele>375.5</ele>
      </trkpt>
      <trkpt lat="24.3042" lon="120.84053">
        <ele>376.5</ele>
      </trkpt>
      <trkpt lat="24.30422" lon="120.84058">
        <ele>377.2</ele>
      </trkpt>
      <trkpt lat="24.30426" lon="120.84067">
        <ele>378.4</ele>
      </trkpt>
      <trkpt lat="24.30428" lon="120.8407">
        <ele>379.0</ele>
      </trkpt>
      <trkpt lat="24.30432" lon="120.84076">
        <ele>380.3</ele>
      </trkpt>
      <trkpt lat="24.30441" lon="120.84087">
        <ele>382.7</ele>
      </trkpt>
      <trkpt lat="24.30445" lon="120.84092">
        <ele>383.4</ele>
      </trkpt>
      <trkpt lat="24.30452" lon="120.841">
        <ele>384.4</ele>
      </trkpt>
      <trkpt lat="24.30457" lon="120.84106">
        <ele>385.0</ele>
      </trkpt>
      <trkpt lat="24.30473" lon="120.84122">
        <ele>386.3</ele>
      </trkpt>
      <trkpt lat="24.30487" lon="120.84136">
        <ele>386.4</ele>
      </trkpt>
      <trkpt lat="24.3049" lon="120.84142">
        <ele>385.6</ele>
      </trkpt>
      <trkpt lat="24.30492" lon="120.84147">
        <ele>384.8</ele>
      </trkpt>
      <trkpt lat="24.30493" lon="120.84154">
        <ele>383.2</ele>
      </trkpt>
      <trkpt lat="24.30494" lon="120.84159">
        <ele>382.1</ele>
      </trkpt>
      <trkpt lat="24.30494" lon="120.84167">
        <ele>380.2</ele>
      </trkpt>
      <trkpt lat="24.30493" lon="120.84178">
        <ele>380.1</ele>
      </trkpt>
      <trkpt lat="24.30493" lon="120.84187">
        <ele>380.1</ele>
      </trkpt>
      <trkpt lat="24.30493" lon="120.84188">
        <ele>380.1</ele>
      </trkpt>
      <trkpt lat="24.30493" lon="120.84196">
        <ele>380.2</ele>
      </trkpt>
      <trkpt lat="24.30493" lon="120.84202">
        <ele>380.2</ele>
      </trkpt>
      <trkpt lat="24.30493" lon="120.84208">
        <ele>380.2</ele>
      </trkpt>
      <trkpt lat="24.30493" lon="120.84212">
        <ele>380.2</ele>
      </trkpt>
      <trkpt lat="24.30491" lon="120.84219">
        <ele>380.0</ele>
      </trkpt>
      <trkpt lat="24.30489" lon="120.84235">
        <ele>379.9</ele>
      </trkpt>
      <trkpt lat="24.30487" lon="120.84248">
        <ele>379.7</ele>
      </trkpt>
      <trkpt lat="24.30484" lon="120.84256">
        <ele>379.9</ele>
      </trkpt>
      <trkpt lat="24.30482" lon="120.84264">
        <ele>380.3</ele>
      </trkpt>
      <trkpt lat="24.30481" lon="120.84265">
        <ele>380.3</ele>
      </trkpt>
      <trkpt lat="24.30479" lon="120.84269">
        <ele>380.4</ele>
      </trkpt>
      <trkpt lat="24.30471" lon="120.8428">
        <ele>380.1</ele>
      </trkpt>
      <trkpt lat="24.30466" lon="120.84288">
        <ele>379.9</ele>
      </trkpt>
      <trkpt lat="24.30459" lon="120.84297">
        <ele>379.4</ele>
      </trkpt>
      <trkpt lat="24.30451" lon="120.84305">
        <ele>378.5</ele>
      </trkpt>
      <trkpt lat="24.3044" lon="120.84311">
        <ele>376.9</ele>
      </trkpt>
      <trkpt lat="24.30431" lon="120.84316">
        <ele>375.5</ele>
      </trkpt>
      <trkpt lat="24.30428" lon="120.84317">
        <ele>375.0</ele>
      </trkpt>
      <trkpt lat="24.30424" lon="120.8432">
        <ele>374.3</ele>
      </trkpt>
      <trkpt lat="24.30416" lon="120.84328">
        <ele>373.0</ele>
      </trkpt>
      <trkpt lat="24.30415" lon="120.8433">
        <ele>373.1</ele>
      </trkpt>
      <trkpt lat="24.30413" lon="120.84333">
        <ele>373.1</ele>
      </trkpt>
      <trkpt lat="24.30412" lon="120.84335">
        <ele>373.0</ele>
      </trkpt>
      <trkpt lat="24.3041" lon="120.84342">
        <ele>372.6</ele>
      </trkpt>
      <trkpt lat="24.30409" lon="120.84346">
        <ele>372.4</ele>
      </trkpt>
      <trkpt lat="24.30409" lon="120.84348">
        <ele>372.3</ele>
      </trkpt>
      <trkpt lat="24.30409" lon="120.84352">
        <ele>372.0</ele>
      </trkpt>
      <trkpt lat="24.30409" lon="120.84356">
        <ele>371.7</ele>
      </trkpt>
      <trkpt lat="24.30411" lon="120.8436">
        <ele>371.3</ele>
      </trkpt>
      <trkpt lat="24.30413" lon="120.84367">
        <ele>370.6</ele>
      </trkpt>
      <trkpt lat="24.30414" lon="120.84368">
        <ele>370.4</ele>
      </trkpt>
      <trkpt lat="24.30418" lon="120.84374">
        <ele>369.8</ele>
      </trkpt>
      <trkpt lat="24.30424" lon="120.84382">
        <ele>369.9</ele>
      </trkpt>
      <trkpt lat="24.30432" lon="120.8439">
        <ele>370.1</ele>
      </trkpt>
      <trkpt lat="24.30438" lon="120.84396">
        <ele>370.1</ele>
      </trkpt>
      <trkpt lat="24.30441" lon="120.84399">
        <ele>370.1</ele>
      </trkpt>
      <trkpt lat="24.30451" lon="120.84407">
        <ele>370.1</ele>
      </trkpt>
      <trkpt lat="24.30452" lon="120.84408">
        <ele>370.1</ele>
      </trkpt>
      <trkpt lat="24.30463" lon="120.84416">
        <ele>370.0</ele>
      </trkpt>
      <trkpt lat="24.30467" lon="120.84418">
        <ele>370.2</ele>
      </trkpt>
      <trkpt lat="24.30475" lon="120.84422">
        <ele>370.8</ele>
      </trkpt>
      <trkpt lat="24.30483" lon="120.84426">
        <ele>371.1</ele>
      </trkpt>
      <trkpt lat="24.30483" lon="120.84427">
        <ele>371.1</ele>
      </trkpt>
      <trkpt lat="24.30496" lon="120.84431">
        <ele>371.5</ele>
      </trkpt>
      <trkpt lat="24.30503" lon="120.84433">
        <ele>371.4</ele>
      </trkpt>
      <trkpt lat="24.30509" lon="120.84434">
        <ele>371.1</ele>
      </trkpt>
      <trkpt lat="24.30519" lon="120.84434">
        <ele>370.9</ele>
      </trkpt>
      <trkpt lat="24.3053" lon="120.84432">
        <ele>370.8</ele>
      </trkpt>
      <trkpt lat="24.30542" lon="120.84431">
        <ele>370.6</ele>
      </trkpt>
      <trkpt lat="24.30551" lon="120.84432">
        <ele>370.3</ele>
      </trkpt>
      <trkpt lat="24.30556" lon="120.84434">
        <ele>370.0</ele>
      </trkpt>
      <trkpt lat="24.30559" lon="120.84437">
        <ele>369.6</ele>
      </trkpt>
      <trkpt lat="24.30562" lon="120.84439">
        <ele>369.4</ele>
      </trkpt>
      <trkpt lat="24.30564" lon="120.84439">
        <ele>369.3</ele>
      </trkpt>
      <trkpt lat="24.30568" lon="120.84442">
        <ele>368.9</ele>
      </trkpt>
      <trkpt lat="24.30571" lon="120.84444">
        <ele>368.7</ele>
      </trkpt>
      <trkpt lat="24.30575" lon="120.84448">
        <ele>368.2</ele>
      </trkpt>
      <trkpt lat="24.30578" lon="120.84452">
        <ele>367.7</ele>
      </trkpt>
      <trkpt lat="24.30588" lon="120.84471">
        <ele>366.2</ele>
      </trkpt>
      <trkpt lat="24.30612" lon="120.8452">
        <ele>365.1</ele>
      </trkpt>
      <trkpt lat="24.30614" lon="120.84522">
        <ele>365.2</ele>
      </trkpt>
      <trkpt lat="24.30616" lon="120.84525">
        <ele>365.3</ele>
      </trkpt>
      <trkpt lat="24.30618" lon="120.84526">
        <ele>365.4</ele>
      </trkpt>
      <trkpt lat="24.30621" lon="120.8453">
        <ele>365.6</ele>
      </trkpt>
      <trkpt lat="24.30628" lon="120.84535">
        <ele>365.8</ele>
      </trkpt>
      <trkpt lat="24.30632" lon="120.84538">
        <ele>365.9</ele>
      </trkpt>
      <trkpt lat="24.30637" lon="120.84541">
        <ele>366.0</ele>
      </trkpt>
      <trkpt lat="24.30645" lon="120.84546">
        <ele>366.0</ele>
      </trkpt>
      <trkpt lat="24.30665" lon="120.84557">
        <ele>365.9</ele>
      </trkpt>
      <trkpt lat="24.30683" lon="120.84566">
        <ele>367.5</ele>
      </trkpt>
      <trkpt lat="24.30694" lon="120.84572">
        <ele>368.5</ele>
      </trkpt>
      <trkpt lat="24.30708" lon="120.84583">
        <ele>369.5</ele>
      </trkpt>
      <trkpt lat="24.30712" lon="120.84586">
        <ele>369.8</ele>
      </trkpt>
      <trkpt lat="24.30715" lon="120.8459">
        <ele>370.0</ele>
      </trkpt>
      <trkpt lat="24.30718" lon="120.84593">
        <ele>370.2</ele>
      </trkpt>
      <trkpt lat="24.30722" lon="120.84597">
        <ele>370.4</ele>
      </trkpt>
      <trkpt lat="24.30725" lon="120.846">
        <ele>370.5</ele>
      </trkpt>
      <trkpt lat="24.30727" lon="120.84602">
        <ele>370.6</ele>
      </trkpt>
      <trkpt lat="24.3073" lon="120.84607">
        <ele>370.6</ele>
      </trkpt>
      <trkpt lat="24.30732" lon="120.8461">
        <ele>370.6</ele>
      </trkpt>
      <trkpt lat="24.30735" lon="120.84615">
        <ele>370.6</ele>
      </trkpt>
      <trkpt lat="24.30736" lon="120.84618">
        <ele>370.5</ele>
      </trkpt>
      <trkpt lat="24.30738" lon="120.84621">
        <ele>370.4</ele>
      </trkpt>
      <trkpt lat="24.30739" lon="120.84628">
        <ele>370.1</ele>
      </trkpt>
      <trkpt lat="24.3074" lon="120.84634">
        <ele>369.8</ele>
      </trkpt>
      <trkpt lat="24.30739" lon="120.84642">
        <ele>369.2</ele>
      </trkpt>
      <trkpt lat="24.30737" lon="120.84654">
        <ele>368.4</ele>
      </trkpt>
      <trkpt lat="24.30737" lon="120.84657">
        <ele>368.3</ele>
      </trkpt>
      <trkpt lat="24.30734" lon="120.8467">
        <ele>367.5</ele>
      </trkpt>
      <trkpt lat="24.30733" lon="120.84673">
        <ele>367.4</ele>
      </trkpt>
      <trkpt lat="24.30732" lon="120.84676">
        <ele>367.4</ele>
      </trkpt>
      <trkpt lat="24.30731" lon="120.84683">
        <ele>367.2</ele>
      </trkpt>
      <trkpt lat="24.30729" lon="120.84692">
        <ele>367.0</ele>
      </trkpt>
      <trkpt lat="24.30728" lon="120.84698">
        <ele>366.8</ele>
      </trkpt>
      <trkpt lat="24.30725" lon="120.84714">
        <ele>366.5</ele>
      </trkpt>
      <trkpt lat="24.30722" lon="120.84725">
        <ele>366.4</ele>
      </trkpt>
      <trkpt lat="24.30719" lon="120.84736">
        <ele>366.3</ele>
      </trkpt>
      <trkpt lat="24.30717" lon="120.84746">
        <ele>366.2</ele>
      </trkpt>
      <trkpt lat="24.30715" lon="120.84751">
        <ele>366.2</ele>
      </trkpt>
      <trkpt lat="24.30713" lon="120.84755">
        <ele>366.1</ele>
      </trkpt>
      <trkpt lat="24.30711" lon="120.84759">
        <ele>366.0</ele>
      </trkpt>
      <trkpt lat="24.30707" lon="120.84765">
        <ele>365.8</ele>
      </trkpt>
      <trkpt lat="24.30701" lon="120.84782">
        <ele>365.2</ele>
      </trkpt>
      <trkpt lat="24.307" lon="120.84787">
        <ele>364.9</ele>
      </trkpt>
      <trkpt lat="24.30698" lon="120.84796">
        <ele>364.5</ele>
      </trkpt>
      <trkpt lat="24.30697" lon="120.84804">
        <ele>364.1</ele>
      </trkpt>
      <trkpt lat="24.30697" lon="120.84805">
        <ele>364.1</ele>
      </trkpt>
      <trkpt lat="24.30699" lon="120.84815">
        <ele>363.5</ele>
      </trkpt>
      <trkpt lat="24.30701" lon="120.84821">
        <ele>363.2</ele>
      </trkpt>
      <trkpt lat="24.30702" lon="120.84824">
        <ele>363.0</ele>
      </trkpt>
      <trkpt lat="24.30703" lon="120.84828">
        <ele>362.8</ele>
      </trkpt>
      <trkpt lat="24.30714" lon="120.84852">
        <ele>362.3</ele>
      </trkpt>
      <trkpt lat="24.30721" lon="120.84869">
        <ele>362.2</ele>
      </trkpt>
      <trkpt lat="24.30718" lon="120.84871">
        <ele>362.2</ele>
      </trkpt>
      <trkpt lat="24.30746" lon="120.84922">
        <ele>361.9</ele>
      </trkpt>
      <trkpt lat="24.30792" lon="120.8497">
        <ele>362.1</ele>
      </trkpt>
      <trkpt lat="24.30816" lon="120.8499">
        <ele>362.5</ele>
      </trkpt>
      <trkpt lat="24.30841" lon="120.85006">
        <ele>363.0</ele>
      </trkpt>
      <trkpt lat="24.30852" lon="120.85023">
        <ele>362.5</ele>
      </trkpt>
      <trkpt lat="24.30875" lon="120.85115">
        <ele>361.9</ele>
      </trkpt>
      <trkpt lat="24.30878" lon="120.8513">
        <ele>361.8</ele>
      </trkpt>
      <trkpt lat="24.3088" lon="120.85142">
        <ele>361.7</ele>
      </trkpt>
      <trkpt lat="24.30883" lon="120.85175">
        <ele>361.6</ele>
      </trkpt>
      <trkpt lat="24.30887" lon="120.85215">
        <ele>363.9</ele>
      </trkpt>
      <trkpt lat="24.30885" lon="120.85231">
        <ele>364.7</ele>
      </trkpt>
      <trkpt lat="24.30868" lon="120.85256">
        <ele>365.0</ele>
      </trkpt>
      <trkpt lat="24.30863" lon="120.85276">
        <ele>366.1</ele>
      </trkpt>
      <trkpt lat="24.30879" lon="120.85325">
        <ele>371.8</ele>
      </trkpt>
      <trkpt lat="24.30875" lon="120.85402">
        <ele>377.4</ele>
      </trkpt>
      <trkpt lat="24.30868" lon="120.85429">
        <ele>376.6</ele>
      </trkpt>
      <trkpt lat="24.30871" lon="120.8544">
        <ele>376.9</ele>
      </trkpt>
      <trkpt lat="24.30898" lon="120.85496">
        <ele>377.7</ele>
      </trkpt>
      <trkpt lat="24.30925" lon="120.85552">
        <ele>374.6</ele>
      </trkpt>
      <trkpt lat="24.30944" lon="120.85584">
        <ele>372.6</ele>
      </trkpt>
      <trkpt lat="24.30956" lon="120.85596">
        <ele>371.6</ele>
      </trkpt>
      <trkpt lat="24.30974" lon="120.85614">
        <ele>370.3</ele>
      </trkpt>
      <trkpt lat="24.30985" lon="120.85628">
        <ele>369.3</ele>
      </trkpt>
      <trkpt lat="24.31" lon="120.85655">
        <ele>367.7</ele>
      </trkpt>
      <trkpt lat="24.31007" lon="120.85662">
        <ele>367.8</ele>
      </trkpt>
      <trkpt lat="24.31028" lon="120.85676">
        <ele>369.2</ele>
      </trkpt>
      <trkpt lat="24.31039" lon="120.85699">
        <ele>371.3</ele>
      </trkpt>
      <trkpt lat="24.31057" lon="120.85724">
        <ele>373.9</ele>
      </trkpt>
      <trkpt lat="24.31122" lon="120.85783">
        <ele>383.7</ele>
      </trkpt>
      <trkpt lat="24.31177" lon="120.85824">
        <ele>384.5</ele>
      </trkpt>
      <trkpt lat="24.31195" lon="120.85849">
        <ele>386.7</ele>
      </trkpt>
      <trkpt lat="24.3122" lon="120.85889">
        <ele>388.2</ele>
      </trkpt>
      <trkpt lat="24.31235" lon="120.85901">
        <ele>385.9</ele>
      </trkpt>
      <trkpt lat="24.31316" lon="120.85935">
        <ele>383.0</ele>
      </trkpt>
      <trkpt lat="24.31341" lon="120.85943">
        <ele>384.0</ele>
      </trkpt>
      <trkpt lat="24.31349" lon="120.85953">
        <ele>383.8</ele>
      </trkpt>
      <trkpt lat="24.31355" lon="120.85968">
        <ele>383.6</ele>
      </trkpt>
      <trkpt lat="24.31367" lon="120.85996">
        <ele>383.2</ele>
      </trkpt>
      <trkpt lat="24.31392" lon="120.86056">
        <ele>382.5</ele>
      </trkpt>
      <trkpt lat="24.31423" lon="120.86095">
        <ele>381.1</ele>
      </trkpt>
      <trkpt lat="24.31455" lon="120.86134">
        <ele>389.1</ele>
      </trkpt>
      <trkpt lat="24.31487" lon="120.86212">
        <ele>391.4</ele>
      </trkpt>
      <trkpt lat="24.31499" lon="120.86251">
        <ele>386.2</ele>
      </trkpt>
      <trkpt lat="24.31501" lon="120.86268">
        <ele>386.8</ele>
      </trkpt>
      <trkpt lat="24.315" lon="120.8628">
        <ele>386.7</ele>
      </trkpt>
      <trkpt lat="24.31494" lon="120.86294">
        <ele>387.3</ele>
      </trkpt>
      <trkpt lat="24.31479" lon="120.8631">
        <ele>387.7</ele>
      </trkpt>
      <trkpt lat="24.31473" lon="120.86316">
        <ele>387.6</ele>
      </trkpt>
      <trkpt lat="24.3146" lon="120.86324">
        <ele>387.1</ele>
      </trkpt>
      <trkpt lat="24.31451" lon="120.86328">
        <ele>386.6</ele>
      </trkpt>
      <trkpt lat="24.31438" lon="120.86328">
        <ele>386.3</ele>
      </trkpt>
      <trkpt lat="24.31419" lon="120.86325">
        <ele>386.2</ele>
      </trkpt>
      <trkpt lat="24.31405" lon="120.86319">
        <ele>390.4</ele>
      </trkpt>
      <trkpt lat="24.31394" lon="120.86315">
        <ele>394.1</ele>
      </trkpt>
      <trkpt lat="24.31384" lon="120.86317">
        <ele>396.7</ele>
      </trkpt>
      <trkpt lat="24.31369" lon="120.86321">
        <ele>400.4</ele>
      </trkpt>
      <trkpt lat="24.31358" lon="120.86332">
        <ele>402.1</ele>
      </trkpt>
      <trkpt lat="24.31353" lon="120.86348">
        <ele>403.1</ele>
      </trkpt>
      <trkpt lat="24.31352" lon="120.86369">
        <ele>403.1</ele>
      </trkpt>
      <trkpt lat="24.31364" lon="120.86429">
        <ele>401.4</ele>
      </trkpt>
      <trkpt lat="24.31401" lon="120.86513">
        <ele>396.6</ele>
      </trkpt>
      <trkpt lat="24.31403" lon="120.86532">
        <ele>396.6</ele>
      </trkpt>
      <trkpt lat="24.31405" lon="120.8658">
        <ele>397.2</ele>
      </trkpt>
      <trkpt lat="24.31405" lon="120.86583">
        <ele>397.3</ele>
      </trkpt>
      <trkpt lat="24.31413" lon="120.86613">
        <ele>397.3</ele>
      </trkpt>
      <trkpt lat="24.31419" lon="120.86635">
        <ele>398.4</ele>
      </trkpt>
      <trkpt lat="24.31431" lon="120.86651">
        <ele>401.5</ele>
      </trkpt>
      <trkpt lat="24.31436" lon="120.86661">
        <ele>403.3</ele>
      </trkpt>
      <trkpt lat="24.31436" lon="120.86661">
        <ele>403.3</ele>
      </trkpt>
      <trkpt lat="24.31449" lon="120.86684">
        <ele>404.1</ele>
      </trkpt>
      <trkpt lat="24.31464" lon="120.86706">
        <ele>403.7</ele>
      </trkpt>
      <trkpt lat="24.31498" lon="120.8675">
        <ele>402.8</ele>
      </trkpt>
      <trkpt lat="24.31536" lon="120.86814">
        <ele>411.5</ele>
      </trkpt>
      <trkpt lat="24.31547" lon="120.86836">
        <ele>414.0</ele>
      </trkpt>
      <trkpt lat="24.31553" lon="120.86853">
        <ele>416.5</ele>
      </trkpt>
      <trkpt lat="24.31558" lon="120.86888">
        <ele>419.0</ele>
      </trkpt>
      <trkpt lat="24.31559" lon="120.86909">
        <ele>419.8</ele>
      </trkpt>
      <trkpt lat="24.31557" lon="120.86925">
        <ele>420.4</ele>
      </trkpt>
      <trkpt lat="24.31553" lon="120.86946">
        <ele>422.0</ele>
      </trkpt>
      <trkpt lat="24.31546" lon="120.86962">
        <ele>421.8</ele>
      </trkpt>
      <trkpt lat="24.31525" lon="120.87">
        <ele>420.4</ele>
      </trkpt>
      <trkpt lat="24.31515" lon="120.87013">
        <ele>421.3</ele>
      </trkpt>
      <trkpt lat="24.3149" lon="120.87022">
        <ele>417.6</ele>
      </trkpt>
      <trkpt lat="24.31451" lon="120.87031">
        <ele>413.5</ele>
      </trkpt>
      <trkpt lat="24.31419" lon="120.87048">
        <ele>412.8</ele>
      </trkpt>
      <trkpt lat="24.31397" lon="120.87061">
        <ele>413.9</ele>
      </trkpt>
      <trkpt lat="24.31388" lon="120.87068">
        <ele>414.6</ele>
      </trkpt>
      <trkpt lat="24.31387" lon="120.87075">
        <ele>416.2</ele>
      </trkpt>
      <trkpt lat="24.31388" lon="120.87083">
        <ele>418.4</ele>
      </trkpt>
      <trkpt lat="24.31402" lon="120.87114">
        <ele>424.8</ele>
      </trkpt>
      <trkpt lat="24.31405" lon="120.87127">
        <ele>427.3</ele>
      </trkpt>
      <trkpt lat="24.3141" lon="120.8715">
        <ele>431.6</ele>
      </trkpt>
      <trkpt lat="24.31412" lon="120.87171">
        <ele>435.6</ele>
      </trkpt>
      <trkpt lat="24.31411" lon="120.87186">
        <ele>436.7</ele>
      </trkpt>
      <trkpt lat="24.31405" lon="120.87205">
        <ele>438.8</ele>
      </trkpt>
      <trkpt lat="24.3139" lon="120.87237">
        <ele>444.1</ele>
      </trkpt>
      <trkpt lat="24.31377" lon="120.87252">
        <ele>448.0</ele>
      </trkpt>
      <trkpt lat="24.31351" lon="120.87275">
        <ele>452.0</ele>
      </trkpt>
      <trkpt lat="24.31339" lon="120.87288">
        <ele>453.6</ele>
      </trkpt>
      <trkpt lat="24.31335" lon="120.87297">
        <ele>453.8</ele>
      </trkpt>
      <trkpt lat="24.31334" lon="120.87312">
        <ele>453.1</ele>
      </trkpt>
      <trkpt lat="24.31336" lon="120.87328">
        <ele>451.8</ele>
      </trkpt>
      <trkpt lat="24.31351" lon="120.87357">
        <ele>452.0</ele>
      </trkpt>
      <trkpt lat="24.31371" lon="120.87392">
        <ele>450.9</ele>
      </trkpt>
      <trkpt lat="24.31378" lon="120.87401">
        <ele>449.5</ele>
      </trkpt>
      <trkpt lat="24.3142" lon="120.87413">
        <ele>437.2</ele>
      </trkpt>
      <trkpt lat="24.31428" lon="120.87418">
        <ele>437.7</ele>
      </trkpt>
      <trkpt lat="24.31435" lon="120.8744">
        <ele>438.9</ele>
      </trkpt>
      <trkpt lat="24.31435" lon="120.87453">
        <ele>439.4</ele>
      </trkpt>
      <trkpt lat="24.31422" lon="120.8752">
        <ele>443.2</ele>
      </trkpt>
      <trkpt lat="24.31418" lon="120.8754">
        <ele>444.3</ele>
      </trkpt>
      <trkpt lat="24.314" lon="120.87621">
        <ele>449.0</ele>
      </trkpt>
      <trkpt lat="24.314" lon="120.87641">
        <ele>450.9</ele>
      </trkpt>
      <trkpt lat="24.31402" lon="120.8765">
        <ele>451.6</ele>
      </trkpt>
      <trkpt lat="24.31408" lon="120.87663">
        <ele>452.7</ele>
      </trkpt>
      <trkpt lat="24.31434" lon="120.87688">
        <ele>453.6</ele>
      </trkpt>
      <trkpt lat="24.31438" lon="120.87698">
        <ele>453.9</ele>
      </trkpt>
      <trkpt lat="24.31438" lon="120.87712">
        <ele>454.9</ele>
      </trkpt>
      <trkpt lat="24.31438" lon="120.87739">
        <ele>456.9</ele>
      </trkpt>
      <trkpt lat="24.31444" lon="120.87764">
        <ele>454.3</ele>
      </trkpt>
      <trkpt lat="24.3145" lon="120.8778">
        <ele>450.7</ele>
      </trkpt>
      <trkpt lat="24.31463" lon="120.87794">
        <ele>446.3</ele>
      </trkpt>
      <trkpt lat="24.31475" lon="120.87804">
        <ele>442.8</ele>
      </trkpt>
      <trkpt lat="24.3149" lon="120.87817">
        <ele>438.6</ele>
      </trkpt>
      <trkpt lat="24.315" lon="120.87836">
        <ele>440.6</ele>
      </trkpt>
      <trkpt lat="24.31518" lon="120.87873">
        <ele>444.5</ele>
      </trkpt>
      <trkpt lat="24.31554" lon="120.87945">
        <ele>450.9</ele>
      </trkpt>
      <trkpt lat="24.31568" lon="120.87975">
        <ele>453.5</ele>
      </trkpt>
      <trkpt lat="24.31575" lon="120.87989">
        <ele>454.7</ele>
      </trkpt>
      <trkpt lat="24.31598" lon="120.88011">
        <ele>457.4</ele>
      </trkpt>
      <trkpt lat="24.31616" lon="120.88019">
        <ele>457.5</ele>
      </trkpt>
      <trkpt lat="24.31638" lon="120.88027">
        <ele>456.7</ele>
      </trkpt>
      <trkpt lat="24.31645" lon="120.88032">
        <ele>456.5</ele>
      </trkpt>
      <trkpt lat="24.31665" lon="120.88056">
        <ele>456.3</ele>
      </trkpt>
      <trkpt lat="24.31674" lon="120.88061">
        <ele>456.6</ele>
      </trkpt>
      <trkpt lat="24.317" lon="120.88067">
        <ele>457.8</ele>
      </trkpt>
      <trkpt lat="24.31748" lon="120.88067">
        <ele>459.2</ele>
      </trkpt>
      <trkpt lat="24.31776" lon="120.88071">
        <ele>459.9</ele>
      </trkpt>
      <trkpt lat="24.31819" lon="120.88084">
        <ele>460.2</ele>
      </trkpt>
      <trkpt lat="24.31843" lon="120.88097">
        <ele>464.8</ele>
      </trkpt>
      <trkpt lat="24.31863" lon="120.88102">
        <ele>468.3</ele>
      </trkpt>
      <trkpt lat="24.3191" lon="120.88105">
        <ele>473.9</ele>
      </trkpt>
      <trkpt lat="24.31942" lon="120.88111">
        <ele>477.6</ele>
      </trkpt>
      <trkpt lat="24.31954" lon="120.88116">
        <ele>480.0</ele>
      </trkpt>
      <trkpt lat="24.31962" lon="120.88123">
        <ele>483.2</ele>
      </trkpt>
      <trkpt lat="24.3196" lon="120.88125">
        <ele>483.8</ele>
      </trkpt>
      <trkpt lat="24.3196" lon="120.88125">
        <ele>483.8</ele>
      </trkpt>
      <trkpt lat="24.31966" lon="120.88132">
        <ele>487.0</ele>
      </trkpt>
      <trkpt lat="24.31968" lon="120.88134">
        <ele>487.9</ele>
      </trkpt>
      <trkpt lat="24.31971" lon="120.88136">
        <ele>488.9</ele>
      </trkpt>
      <trkpt lat="24.31974" lon="120.88139">
        <ele>490.3</ele>
      </trkpt>
      <trkpt lat="24.31975" lon="120.88139">
        <ele>490.3</ele>
      </trkpt>
      <trkpt lat="24.3198" lon="120.88141">
        <ele>491.5</ele>
      </trkpt>
      <trkpt lat="24.31985" lon="120.88143">
        <ele>492.7</ele>
      </trkpt>
      <trkpt lat="24.31996" lon="120.88145">
        <ele>494.3</ele>
      </trkpt>
      <trkpt lat="24.32003" lon="120.88145">
        <ele>495.1</ele>
      </trkpt>
      <trkpt lat="24.3201" lon="120.88146">
        <ele>496.6</ele>
      </trkpt>
      <trkpt lat="24.32011" lon="120.88146">
        <ele>496.7</ele>
      </trkpt>
      <trkpt lat="24.32016" lon="120.88145">
        <ele>497.1</ele>
      </trkpt>
      <trkpt lat="24.32017" lon="120.88145">
        <ele>497.2</ele>
      </trkpt>
      <trkpt lat="24.32018" lon="120.88143">
        <ele>496.6</ele>
      </trkpt>
      <trkpt lat="24.32019" lon="120.88143">
        <ele>496.7</ele>
      </trkpt>
      <trkpt lat="24.3202" lon="120.88142">
        <ele>496.5</ele>
      </trkpt>
      <trkpt lat="24.32024" lon="120.8814">
        <ele>496.3</ele>
      </trkpt>
      <trkpt lat="24.3203" lon="120.88139">
        <ele>496.8</ele>
      </trkpt>
      <trkpt lat="24.32033" lon="120.88138">
        <ele>496.9</ele>
      </trkpt>
      <trkpt lat="24.32035" lon="120.88138">
        <ele>497.3</ele>
      </trkpt>
      <trkpt lat="24.32038" lon="120.88138">
        <ele>497.7</ele>
      </trkpt>
      <trkpt lat="24.32042" lon="120.88139">
        <ele>498.8</ele>
      </trkpt>
      <trkpt lat="24.32049" lon="120.88141">
        <ele>500.6</ele>
      </trkpt>
      <trkpt lat="24.32051" lon="120.88142">
        <ele>501.3</ele>
      </trkpt>
      <trkpt lat="24.32052" lon="120.88142">
        <ele>501.4</ele>
      </trkpt>
      <trkpt lat="24.32057" lon="120.88141">
        <ele>501.9</ele>
      </trkpt>
      <trkpt lat="24.32064" lon="120.8814">
        <ele>502.6</ele>
      </trkpt>
      <trkpt lat="24.32069" lon="120.88137">
        <ele>502.4</ele>
      </trkpt>
      <trkpt lat="24.32073" lon="120.88135">
        <ele>502.4</ele>
      </trkpt>
      <trkpt lat="24.32076" lon="120.88132">
        <ele>501.9</ele>
      </trkpt>
      <trkpt lat="24.32081" lon="120.88127">
        <ele>501.2</ele>
      </trkpt>
      <trkpt lat="24.32086" lon="120.88121">
        <ele>500.4</ele>
      </trkpt>
      <trkpt lat="24.32094" lon="120.88112">
        <ele>499.7</ele>
      </trkpt>
      <trkpt lat="24.32108" lon="120.88092">
        <ele>497.8</ele>
      </trkpt>
      <trkpt lat="24.32117" lon="120.8808">
        <ele>498.1</ele>
      </trkpt>
      <trkpt lat="24.32125" lon="120.88072">
        <ele>500.4</ele>
      </trkpt>
      <trkpt lat="24.3213" lon="120.88066">
        <ele>501.7</ele>
      </trkpt>
      <trkpt lat="24.32135" lon="120.88061">
        <ele>502.9</ele>
      </trkpt>
      <trkpt lat="24.32143" lon="120.88053">
        <ele>504.5</ele>
      </trkpt>
      <trkpt lat="24.32149" lon="120.88047">
        <ele>505.6</ele>
      </trkpt>
      <trkpt lat="24.32155" lon="120.88038">
        <ele>506.3</ele>
      </trkpt>
      <trkpt lat="24.32157" lon="120.88035">
        <ele>506.5</ele>
      </trkpt>
      <trkpt lat="24.32164" lon="120.88023">
        <ele>506.8</ele>
      </trkpt>
      <trkpt lat="24.32165" lon="120.88021">
        <ele>506.7</ele>
      </trkpt>
      <trkpt lat="24.3217" lon="120.88011">
        <ele>506.1</ele>
      </trkpt>
      <trkpt lat="24.32177" lon="120.87999">
        <ele>505.2</ele>
      </trkpt>
      <trkpt lat="24.32184" lon="120.87991">
        <ele>504.8</ele>
      </trkpt>
      <trkpt lat="24.32191" lon="120.87985">
        <ele>504.3</ele>
      </trkpt>
      <trkpt lat="24.32195" lon="120.87983">
        <ele>504.2</ele>
      </trkpt>
      <trkpt lat="24.322" lon="120.87981">
        <ele>504.0</ele>
      </trkpt>
      <trkpt lat="24.32207" lon="120.87978">
        <ele>503.6</ele>
      </trkpt>
      <trkpt lat="24.32218" lon="120.87977">
        <ele>503.4</ele>
      </trkpt>
      <trkpt lat="24.32227" lon="120.87975">
        <ele>503.1</ele>
      </trkpt>
      <trkpt lat="24.32235" lon="120.87972">
        <ele>502.5</ele>
      </trkpt>
      <trkpt lat="24.32246" lon="120.87965">
        <ele>501.2</ele>
      </trkpt>
      <trkpt lat="24.32258" lon="120.87958">
        <ele>499.8</ele>
      </trkpt>
      <trkpt lat="24.32269" lon="120.8795">
        <ele>498.3</ele>
      </trkpt>
      <trkpt lat="24.32281" lon="120.87942">
        <ele>496.6</ele>
      </trkpt>
      <trkpt lat="24.32297" lon="120.8793">
        <ele>493.9</ele>
      </trkpt>
      <trkpt lat="24.3231" lon="120.8792">
        <ele>491.5</ele>
      </trkpt>
      <trkpt lat="24.32322" lon="120.87915">
        <ele>490.7</ele>
      </trkpt>
      <trkpt lat="24.32329" lon="120.87913">
        <ele>490.7</ele>
      </trkpt>
      <trkpt lat="24.32329" lon="120.87912">
        <ele>490.9</ele>
      </trkpt>
      <trkpt lat="24.32337" lon="120.87911">
        <ele>490.9</ele>
      </trkpt>
      <trkpt lat="24.32353" lon="120.87912">
        <ele>491.0</ele>
      </trkpt>
      <trkpt lat="24.32367" lon="120.87914">
        <ele>490.8</ele>
      </trkpt>
      <trkpt lat="24.32382" lon="120.87917">
        <ele>490.6</ele>
      </trkpt>
      <trkpt lat="24.32391" lon="120.87917">
        <ele>490.7</ele>
      </trkpt>
      <trkpt lat="24.32416" lon="120.87921">
        <ele>491.0</ele>
      </trkpt>
      <trkpt lat="24.32426" lon="120.87924">
        <ele>490.4</ele>
      </trkpt>
      <trkpt lat="24.32458" lon="120.87935">
        <ele>487.5</ele>
      </trkpt>
      <trkpt lat="24.32466" lon="120.87936">
        <ele>486.8</ele>
      </trkpt>
      <trkpt lat="24.32475" lon="120.87937">
        <ele>486.0</ele>
      </trkpt>
      <trkpt lat="24.32489" lon="120.87935">
        <ele>484.9</ele>
      </trkpt>
      <trkpt lat="24.32535" lon="120.87923">
        <ele>487.4</ele>
      </trkpt>
      <trkpt lat="24.32541" lon="120.87921">
        <ele>487.9</ele>
      </trkpt>
      <trkpt lat="24.32545" lon="120.87919">
        <ele>488.4</ele>
      </trkpt>
      <trkpt lat="24.32548" lon="120.87916">
        <ele>488.9</ele>
      </trkpt>
      <trkpt lat="24.32554" lon="120.87909">
        <ele>489.5</ele>
      </trkpt>
      <trkpt lat="24.32557" lon="120.87904">
        <ele>489.8</ele>
      </trkpt>
      <trkpt lat="24.32583" lon="120.87866">
        <ele>492.8</ele>
      </trkpt>
      <trkpt lat="24.32593" lon="120.87854">
        <ele>492.3</ele>
      </trkpt>
      <trkpt lat="24.326" lon="120.87844">
        <ele>491.6</ele>
      </trkpt>
      <trkpt lat="24.32607" lon="120.87837">
        <ele>490.7</ele>
      </trkpt>
      <trkpt lat="24.32612" lon="120.87835">
        <ele>489.9</ele>
      </trkpt>
      <trkpt lat="24.32619" lon="120.8783">
        <ele>489.2</ele>
      </trkpt>
      <trkpt lat="24.32631" lon="120.87825">
        <ele>487.7</ele>
      </trkpt>
      <trkpt lat="24.32648" lon="120.87819">
        <ele>485.2</ele>
      </trkpt>
      <trkpt lat="24.32661" lon="120.87818">
        <ele>483.0</ele>
      </trkpt>
      <trkpt lat="24.32673" lon="120.87817">
        <ele>480.9</ele>
      </trkpt>
      <trkpt lat="24.32687" lon="120.8782">
        <ele>478.6</ele>
      </trkpt>
      <trkpt lat="24.32692" lon="120.87821">
        <ele>477.7</ele>
      </trkpt>
      <trkpt lat="24.32702" lon="120.87824">
        <ele>476.1</ele>
      </trkpt>
      <trkpt lat="24.32709" lon="120.87826">
        <ele>474.9</ele>
      </trkpt>
      <trkpt lat="24.32716" lon="120.87828">
        <ele>473.7</ele>
      </trkpt>
      <trkpt lat="24.32722" lon="120.8783">
        <ele>472.7</ele>
      </trkpt>
      <trkpt lat="24.32727" lon="120.87831">
        <ele>471.9</ele>
      </trkpt>
      <trkpt lat="24.32745" lon="120.87833">
        <ele>468.8</ele>
      </trkpt>
      <trkpt lat="24.3275" lon="120.87833">
        <ele>468.0</ele>
      </trkpt>
      <trkpt lat="24.32763" lon="120.87833">
        <ele>467.4</ele>
      </trkpt>
      <trkpt lat="24.32765" lon="120.87833">
        <ele>467.3</ele>
      </trkpt>
      <trkpt lat="24.32777" lon="120.87833">
        <ele>466.7</ele>
      </trkpt>
      <trkpt lat="24.3278" lon="120.87832">
        <ele>466.4</ele>
      </trkpt>
      <trkpt lat="24.32786" lon="120.8783">
        <ele>465.9</ele>
      </trkpt>
      <trkpt lat="24.32797" lon="120.87825">
        <ele>464.4</ele>
      </trkpt>
      <trkpt lat="24.32798" lon="120.87825">
        <ele>464.4</ele>
      </trkpt>
      <trkpt lat="24.32813" lon="120.87817">
        <ele>461.6</ele>
      </trkpt>
      <trkpt lat="24.32827" lon="120.87809">
        <ele>458.1</ele>
      </trkpt>
      <trkpt lat="24.32841" lon="120.87796">
        <ele>452.9</ele>
      </trkpt>
      <trkpt lat="24.32849" lon="120.87788">
        <ele>450.2</ele>
      </trkpt>
      <trkpt lat="24.32856" lon="120.87781">
        <ele>448.0</ele>
      </trkpt>
      <trkpt lat="24.32866" lon="120.87771">
        <ele>445.1</ele>
      </trkpt>
      <trkpt lat="24.32869" lon="120.87767">
        <ele>444.1</ele>
      </trkpt>
      <trkpt lat="24.32883" lon="120.87749">
        <ele>440.3</ele>
      </trkpt>
      <trkpt lat="24.32886" lon="120.87746">
        <ele>440.1</ele>
      </trkpt>
      <trkpt lat="24.32901" lon="120.87731">
        <ele>438.9</ele>
      </trkpt>
      <trkpt lat="24.32916" lon="120.87718">
        <ele>437.7</ele>
      </trkpt>
      <trkpt lat="24.32922" lon="120.87715">
        <ele>437.5</ele>
      </trkpt>
      <trkpt lat="24.32926" lon="120.87712">
        <ele>437.4</ele>
      </trkpt>
      <trkpt lat="24.32932" lon="120.87711">
        <ele>437.4</ele>
      </trkpt>
      <trkpt lat="24.32938" lon="120.87711">
        <ele>437.4</ele>
      </trkpt>
      <trkpt lat="24.32943" lon="120.8771">
        <ele>437.4</ele>
      </trkpt>
      <trkpt lat="24.3295" lon="120.87709">
        <ele>437.4</ele>
      </trkpt>
      <trkpt lat="24.32962" lon="120.87707">
        <ele>437.0</ele>
      </trkpt>
      <trkpt lat="24.3297" lon="120.87704">
        <ele>436.7</ele>
      </trkpt>
      <trkpt lat="24.32976" lon="120.877">
        <ele>436.5</ele>
      </trkpt>
      <trkpt lat="24.32994" lon="120.87685">
        <ele>435.8</ele>
      </trkpt>
      <trkpt lat="24.33001" lon="120.87679">
        <ele>435.5</ele>
      </trkpt>
      <trkpt lat="24.33007" lon="120.87674">
        <ele>435.2</ele>
      </trkpt>
      <trkpt lat="24.33015" lon="120.8767">
        <ele>435.0</ele>
      </trkpt>
      <trkpt lat="24.33022" lon="120.87667">
        <ele>434.8</ele>
      </trkpt>
      <trkpt lat="24.33035" lon="120.87661">
        <ele>434.4</ele>
      </trkpt>
      <trkpt lat="24.33045" lon="120.87657">
        <ele>434.2</ele>
      </trkpt>
      <trkpt lat="24.33052" lon="120.87654">
        <ele>434.1</ele>
      </trkpt>
      <trkpt lat="24.33058" lon="120.87652">
        <ele>434.0</ele>
      </trkpt>
      <trkpt lat="24.33071" lon="120.87647">
        <ele>433.8</ele>
      </trkpt>
      <trkpt lat="24.33079" lon="120.87643">
        <ele>433.7</ele>
      </trkpt>
      <trkpt lat="24.33085" lon="120.87639">
        <ele>433.6</ele>
      </trkpt>
      <trkpt lat="24.3309" lon="120.87636">
        <ele>433.3</ele>
      </trkpt>
      <trkpt lat="24.33102" lon="120.87631">
        <ele>432.8</ele>
      </trkpt>
      <trkpt lat="24.33113" lon="120.87629">
        <ele>432.3</ele>
      </trkpt>
      <trkpt lat="24.33136" lon="120.87624">
        <ele>431.3</ele>
      </trkpt>
      <trkpt lat="24.33155" lon="120.8762">
        <ele>430.5</ele>
      </trkpt>
      <trkpt lat="24.33167" lon="120.87618">
        <ele>430.0</ele>
      </trkpt>
      <trkpt lat="24.33173" lon="120.87617">
        <ele>429.6</ele>
      </trkpt>
      <trkpt lat="24.33182" lon="120.87615">
        <ele>429.1</ele>
      </trkpt>
      <trkpt lat="24.33196" lon="120.87612">
        <ele>428.1</ele>
      </trkpt>
      <trkpt lat="24.33205" lon="120.8761">
        <ele>427.5</ele>
      </trkpt>
      <trkpt lat="24.33213" lon="120.87609">
        <ele>427.0</ele>
      </trkpt>
      <trkpt lat="24.33222" lon="120.87609">
        <ele>426.4</ele>
      </trkpt>
      <trkpt lat="24.33232" lon="120.87609">
        <ele>425.7</ele>
      </trkpt>
      <trkpt lat="24.33243" lon="120.87608">
        <ele>424.9</ele>
      </trkpt>
      <trkpt lat="24.3325" lon="120.87607">
        <ele>424.4</ele>
      </trkpt>
      <trkpt lat="24.3326" lon="120.87605">
        <ele>423.6</ele>
      </trkpt>
      <trkpt lat="24.33267" lon="120.87602">
        <ele>423.0</ele>
      </trkpt>
      <trkpt lat="24.33275" lon="120.87599">
        <ele>422.2</ele>
      </trkpt>
      <trkpt lat="24.3328" lon="120.87596">
        <ele>421.6</ele>
      </trkpt>
      <trkpt lat="24.33285" lon="120.87593">
        <ele>420.9</ele>
      </trkpt>
      <trkpt lat="24.33291" lon="120.87587">
        <ele>419.9</ele>
      </trkpt>
      <trkpt lat="24.33296" lon="120.87581">
        <ele>419.4</ele>
      </trkpt>
      <trkpt lat="24.33302" lon="120.87572">
        <ele>419.7</ele>
      </trkpt>
      <trkpt lat="24.33304" lon="120.8757">
        <ele>419.6</ele>
      </trkpt>
      <trkpt lat="24.33309" lon="120.87563">
        <ele>419.8</ele>
      </trkpt>
      <trkpt lat="24.33315" lon="120.87553">
        <ele>420.0</ele>
      </trkpt>
      <trkpt lat="24.33325" lon="120.87538">
        <ele>420.2</ele>
      </trkpt>
      <trkpt lat="24.33337" lon="120.87522">
        <ele>420.3</ele>
      </trkpt>
      <trkpt lat="24.33346" lon="120.87511">
        <ele>421.3</ele>
      </trkpt>
      <trkpt lat="24.33353" lon="120.87504">
        <ele>422.1</ele>
      </trkpt>
      <trkpt lat="24.33359" lon="120.87498">
        <ele>422.7</ele>
      </trkpt>
      <trkpt lat="24.33361" lon="120.87495">
        <ele>423.0</ele>
      </trkpt>
      <trkpt lat="24.33367" lon="120.87489">
        <ele>423.7</ele>
      </trkpt>
      <trkpt lat="24.33374" lon="120.87482">
        <ele>424.4</ele>
      </trkpt>
      <trkpt lat="24.33378" lon="120.87479">
        <ele>424.8</ele>
      </trkpt>
      <trkpt lat="24.3338" lon="120.87477">
        <ele>425.0</ele>
      </trkpt>
      <trkpt lat="24.33384" lon="120.87476">
        <ele>425.4</ele>
      </trkpt>
      <trkpt lat="24.33389" lon="120.87475">
        <ele>425.4</ele>
      </trkpt>
      <trkpt lat="24.33396" lon="120.87473">
        <ele>425.4</ele>
      </trkpt>
      <trkpt lat="24.33401" lon="120.87472">
        <ele>425.4</ele>
      </trkpt>
      <trkpt lat="24.33404" lon="120.87472">
        <ele>425.3</ele>
      </trkpt>
      <trkpt lat="24.33407" lon="120.87472">
        <ele>425.1</ele>
      </trkpt>
      <trkpt lat="24.33409" lon="120.87473">
        <ele>424.9</ele>
      </trkpt>
      <trkpt lat="24.33411" lon="120.87473">
        <ele>424.8</ele>
      </trkpt>
      <trkpt lat="24.33414" lon="120.87475">
        <ele>424.3</ele>
      </trkpt>
      <trkpt lat="24.33418" lon="120.87478">
        <ele>423.6</ele>
      </trkpt>
      <trkpt lat="24.33421" lon="120.87481">
        <ele>423.0</ele>
      </trkpt>
      <trkpt lat="24.33428" lon="120.87488">
        <ele>421.7</ele>
      </trkpt>
      <trkpt lat="24.33435" lon="120.87494">
        <ele>420.6</ele>
      </trkpt>
      <trkpt lat="24.33444" lon="120.875">
        <ele>419.7</ele>
      </trkpt>
      <trkpt lat="24.33447" lon="120.87503">
        <ele>419.5</ele>
      </trkpt>
      <trkpt lat="24.33451" lon="120.87504">
        <ele>419.3</ele>
      </trkpt>
      <trkpt lat="24.33456" lon="120.87505">
        <ele>419.2</ele>
      </trkpt>
      <trkpt lat="24.33464" lon="120.87505">
        <ele>419.1</ele>
      </trkpt>
      <trkpt lat="24.33476" lon="120.87504">
        <ele>419.0</ele>
      </trkpt>
      <trkpt lat="24.33481" lon="120.87503">
        <ele>419.0</ele>
      </trkpt>
      <trkpt lat="24.3349" lon="120.87502">
        <ele>419.0</ele>
      </trkpt>
      <trkpt lat="24.33497" lon="120.87501">
        <ele>419.0</ele>
      </trkpt>
      <trkpt lat="24.33505" lon="120.875">
        <ele>418.8</ele>
      </trkpt>
      <trkpt lat="24.33518" lon="120.87498">
        <ele>418.2</ele>
      </trkpt>
      <trkpt lat="24.33529" lon="120.87496">
        <ele>417.8</ele>
      </trkpt>
      <trkpt lat="24.33538" lon="120.87495">
        <ele>417.4</ele>
      </trkpt>
      <trkpt lat="24.3355" lon="120.87495">
        <ele>416.8</ele>
      </trkpt>
      <trkpt lat="24.33569" lon="120.87495">
        <ele>415.8</ele>
      </trkpt>
      <trkpt lat="24.33591" lon="120.87496">
        <ele>414.7</ele>
      </trkpt>
      <trkpt lat="24.33597" lon="120.87496">
        <ele>414.4</ele>
      </trkpt>
      <trkpt lat="24.33605" lon="120.87496">
        <ele>414.0</ele>
      </trkpt>
      <trkpt lat="24.3361" lon="120.87496">
        <ele>413.8</ele>
      </trkpt>
      <trkpt lat="24.33615" lon="120.87495">
        <ele>413.6</ele>
      </trkpt>
      <trkpt lat="24.33619" lon="120.87494">
        <ele>413.4</ele>
      </trkpt>
      <trkpt lat="24.33623" lon="120.87492">
        <ele>413.2</ele>
      </trkpt>
      <trkpt lat="24.33633" lon="120.87486">
        <ele>412.9</ele>
      </trkpt>
      <trkpt lat="24.33653" lon="120.87471">
        <ele>412.1</ele>
      </trkpt>
      <trkpt lat="24.33672" lon="120.87456">
        <ele>411.5</ele>
      </trkpt>
      <trkpt lat="24.33692" lon="120.87442">
        <ele>411.4</ele>
      </trkpt>
      <trkpt lat="24.337" lon="120.87436">
        <ele>411.4</ele>
      </trkpt>
      <trkpt lat="24.33707" lon="120.87433">
        <ele>411.3</ele>
      </trkpt>
      <trkpt lat="24.33715" lon="120.8743">
        <ele>411.3</ele>
      </trkpt>
      <trkpt lat="24.33721" lon="120.87428">
        <ele>411.2</ele>
      </trkpt>
      <trkpt lat="24.33725" lon="120.87427">
        <ele>411.2</ele>
      </trkpt>
      <trkpt lat="24.33736" lon="120.87426">
        <ele>411.1</ele>
      </trkpt>
      <trkpt lat="24.33751" lon="120.87425">
        <ele>410.8</ele>
      </trkpt>
      <trkpt lat="24.33759" lon="120.87426">
        <ele>410.3</ele>
      </trkpt>
      <trkpt lat="24.33761" lon="120.87426">
        <ele>410.1</ele>
      </trkpt>
      <trkpt lat="24.3377" lon="120.87425">
        <ele>409.5</ele>
      </trkpt>
      <trkpt lat="24.33776" lon="120.87425">
        <ele>409.0</ele>
      </trkpt>
      <trkpt lat="24.33782" lon="120.87424">
        <ele>408.6</ele>
      </trkpt>
      <trkpt lat="24.33785" lon="120.87423">
        <ele>408.3</ele>
      </trkpt>
      <trkpt lat="24.33788" lon="120.87421">
        <ele>408.0</ele>
      </trkpt>
      <trkpt lat="24.3379" lon="120.87418">
        <ele>407.7</ele>
      </trkpt>
      <trkpt lat="24.338" lon="120.87404">
        <ele>409.7</ele>
      </trkpt>
      <trkpt lat="24.33812" lon="120.87384">
        <ele>413.1</ele>
      </trkpt>
      <trkpt lat="24.33819" lon="120.87372">
        <ele>414.9</ele>
      </trkpt>
      <trkpt lat="24.33824" lon="120.87367">
        <ele>415.3</ele>
      </trkpt>
      <trkpt lat="24.33834" lon="120.8736">
        <ele>415.5</ele>
      </trkpt>
      <trkpt lat="24.33842" lon="120.87356">
        <ele>415.0</ele>
      </trkpt>
      <trkpt lat="24.33852" lon="120.87353">
        <ele>413.9</ele>
      </trkpt>
      <trkpt lat="24.33859" lon="120.87351">
        <ele>413.0</ele>
      </trkpt>
      <trkpt lat="24.33866" lon="120.8735">
        <ele>412.0</ele>
      </trkpt>
      <trkpt lat="24.33873" lon="120.8735">
        <ele>410.7</ele>
      </trkpt>
      <trkpt lat="24.33878" lon="120.8735">
        <ele>409.9</ele>
      </trkpt>
      <trkpt lat="24.33884" lon="120.87352">
        <ele>408.6</ele>
      </trkpt>
      <trkpt lat="24.33893" lon="120.87357">
        <ele>406.6</ele>
      </trkpt>
      <trkpt lat="24.33899" lon="120.87361">
        <ele>405.4</ele>
      </trkpt>
      <trkpt lat="24.33908" lon="120.87366">
        <ele>403.7</ele>
      </trkpt>
      <trkpt lat="24.3392" lon="120.87371">
        <ele>402.2</ele>
      </trkpt>
      <trkpt lat="24.33928" lon="120.87373">
        <ele>402.0</ele>
      </trkpt>
      <trkpt lat="24.33937" lon="120.87372">
        <ele>402.0</ele>
      </trkpt>
      <trkpt lat="24.33954" lon="120.87369">
        <ele>401.8</ele>
      </trkpt>
      <trkpt lat="24.33966" lon="120.87364">
        <ele>401.7</ele>
      </trkpt>
      <trkpt lat="24.33982" lon="120.87354">
        <ele>401.2</ele>
      </trkpt>
      <trkpt lat="24.34021" lon="120.87322">
        <ele>403.5</ele>
      </trkpt>
      <trkpt lat="24.34025" lon="120.87319">
        <ele>404.4</ele>
      </trkpt>
      <trkpt lat="24.3403" lon="120.87317">
        <ele>405.1</ele>
      </trkpt>
      <trkpt lat="24.34036" lon="120.87316">
        <ele>405.6</ele>
      </trkpt>
      <trkpt lat="24.34043" lon="120.87315">
        <ele>406.2</ele>
      </trkpt>
      <trkpt lat="24.3405" lon="120.87316">
        <ele>406.2</ele>
      </trkpt>
      <trkpt lat="24.34058" lon="120.87318">
        <ele>406.0</ele>
      </trkpt>
      <trkpt lat="24.34075" lon="120.87322">
        <ele>405.7</ele>
      </trkpt>
      <trkpt lat="24.34084" lon="120.87325">
        <ele>405.2</ele>
      </trkpt>
      <trkpt lat="24.34099" lon="120.87329">
        <ele>404.3</ele>
      </trkpt>
      <trkpt lat="24.34109" lon="120.87333">
        <ele>403.4</ele>
      </trkpt>
      <trkpt lat="24.34116" lon="120.87336">
        <ele>403.1</ele>
      </trkpt>
      <trkpt lat="24.34124" lon="120.87341">
        <ele>402.4</ele>
      </trkpt>
      <trkpt lat="24.34129" lon="120.87345">
        <ele>401.7</ele>
      </trkpt>
      <trkpt lat="24.3413" lon="120.87345">
        <ele>401.6</ele>
      </trkpt>
      <trkpt lat="24.34133" lon="120.87347">
        <ele>401.2</ele>
      </trkpt>
      <trkpt lat="24.34138" lon="120.87347">
        <ele>401.1</ele>
      </trkpt>
      <trkpt lat="24.34142" lon="120.87348">
        <ele>400.8</ele>
      </trkpt>
      <trkpt lat="24.34148" lon="120.87347">
        <ele>400.9</ele>
      </trkpt>
      <trkpt lat="24.34152" lon="120.87347">
        <ele>400.8</ele>
      </trkpt>
      <trkpt lat="24.34162" lon="120.87344">
        <ele>401.3</ele>
      </trkpt>
      <trkpt lat="24.34172" lon="120.87341">
        <ele>400.8</ele>
      </trkpt>
      <trkpt lat="24.34189" lon="120.87338">
        <ele>397.8</ele>
      </trkpt>
      <trkpt lat="24.34201" lon="120.87335">
        <ele>395.8</ele>
      </trkpt>
      <trkpt lat="24.34216" lon="120.87329">
        <ele>393.9</ele>
      </trkpt>
      <trkpt lat="24.34218" lon="120.87329">
        <ele>393.4</ele>
      </trkpt>
      <trkpt lat="24.3423" lon="120.87323">
        <ele>392.3</ele>
      </trkpt>
      <trkpt lat="24.34234" lon="120.87321">
        <ele>392.0</ele>
      </trkpt>
      <trkpt lat="24.34259" lon="120.87308">
        <ele>389.3</ele>
      </trkpt>
      <trkpt lat="24.34267" lon="120.87305">
        <ele>387.6</ele>
      </trkpt>
      <trkpt lat="24.34277" lon="120.873">
        <ele>385.8</ele>
      </trkpt>
      <trkpt lat="24.34297" lon="120.87292">
        <ele>381.2</ele>
      </trkpt>
      <trkpt lat="24.34303" lon="120.8729">
        <ele>379.7</ele>
      </trkpt>
      <trkpt lat="24.34311" lon="120.87288">
        <ele>377.4</ele>
      </trkpt>
      <trkpt lat="24.34317" lon="120.87286">
        <ele>375.8</ele>
      </trkpt>
      <trkpt lat="24.34323" lon="120.87284">
        <ele>374.2</ele>
      </trkpt>
      <trkpt lat="24.34328" lon="120.87281">
        <ele>373.0</ele>
      </trkpt>
      <trkpt lat="24.34337" lon="120.87274">
        <ele>371.6</ele>
      </trkpt>
      <trkpt lat="24.34344" lon="120.87268">
        <ele>371.1</ele>
      </trkpt>
      <trkpt lat="24.34348" lon="120.87265">
        <ele>370.6</ele>
      </trkpt>
      <trkpt lat="24.34354" lon="120.87259">
        <ele>370.1</ele>
      </trkpt>
      <trkpt lat="24.34362" lon="120.87254">
        <ele>368.8</ele>
      </trkpt>
      <trkpt lat="24.34365" lon="120.8725">
        <ele>368.4</ele>
      </trkpt>
      <trkpt lat="24.34367" lon="120.87246">
        <ele>367.6</ele>
      </trkpt>
      <trkpt lat="24.34369" lon="120.87241">
        <ele>366.8</ele>
      </trkpt>
      <trkpt lat="24.34369" lon="120.87236">
        <ele>366.5</ele>
      </trkpt>
      <trkpt lat="24.34369" lon="120.87235">
        <ele>366.4</ele>
      </trkpt>
      <trkpt lat="24.34369" lon="120.87231">
        <ele>366.1</ele>
      </trkpt>
      <trkpt lat="24.34366" lon="120.87219">
        <ele>365.9</ele>
      </trkpt>
      <trkpt lat="24.34358" lon="120.87189">
        <ele>365.3</ele>
      </trkpt>
      <trkpt lat="24.34353" lon="120.87174">
        <ele>365.1</ele>
      </trkpt>
      <trkpt lat="24.34349" lon="120.87163">
        <ele>364.7</ele>
      </trkpt>
      <trkpt lat="24.34344" lon="120.87153">
        <ele>364.4</ele>
      </trkpt>
      <trkpt lat="24.34337" lon="120.87144">
        <ele>364.4</ele>
      </trkpt>
      <trkpt lat="24.34331" lon="120.87136">
        <ele>365.0</ele>
      </trkpt>
      <trkpt lat="24.34325" lon="120.87127">
        <ele>366.4</ele>
      </trkpt>
      <trkpt lat="24.34324" lon="120.8712">
        <ele>365.9</ele>
      </trkpt>
      <trkpt lat="24.34324" lon="120.87114">
        <ele>365.2</ele>
      </trkpt>
      <trkpt lat="24.34324" lon="120.87109">
        <ele>364.5</ele>
      </trkpt>
      <trkpt lat="24.34326" lon="120.87098">
        <ele>362.2</ele>
      </trkpt>
      <trkpt lat="24.3433" lon="120.87086">
        <ele>358.9</ele>
      </trkpt>
      <trkpt lat="24.34334" lon="120.87079">
        <ele>357.1</ele>
      </trkpt>
      <trkpt lat="24.34344" lon="120.87064">
        <ele>356.3</ele>
      </trkpt>
      <trkpt lat="24.3435" lon="120.87054">
        <ele>355.6</ele>
      </trkpt>
      <trkpt lat="24.3435" lon="120.87054">
        <ele>355.6</ele>
      </trkpt>
      <trkpt lat="24.34362" lon="120.87035">
        <ele>353.9</ele>
      </trkpt>
      <trkpt lat="24.3437" lon="120.87025">
        <ele>352.5</ele>
      </trkpt>
      <trkpt lat="24.34375" lon="120.8702">
        <ele>351.5</ele>
      </trkpt>
      <trkpt lat="24.34378" lon="120.87018">
        <ele>350.9</ele>
      </trkpt>
      <trkpt lat="24.3438" lon="120.87017">
        <ele>350.5</ele>
      </trkpt>
      <trkpt lat="24.34383" lon="120.87017">
        <ele>349.8</ele>
      </trkpt>
      <trkpt lat="24.34386" lon="120.87017">
        <ele>349.2</ele>
      </trkpt>
      <trkpt lat="24.34389" lon="120.87019">
        <ele>348.6</ele>
      </trkpt>
      <trkpt lat="24.34394" lon="120.87022">
        <ele>347.6</ele>
      </trkpt>
      <trkpt lat="24.34401" lon="120.87028">
        <ele>346.4</ele>
      </trkpt>
      <trkpt lat="24.34405" lon="120.87031">
        <ele>345.7</ele>
      </trkpt>
      <trkpt lat="24.3442" lon="120.87043">
        <ele>343.7</ele>
      </trkpt>
      <trkpt lat="24.34436" lon="120.87055">
        <ele>342.8</ele>
      </trkpt>
      <trkpt lat="24.34444" lon="120.8706">
        <ele>342.7</ele>
      </trkpt>
      <trkpt lat="24.34445" lon="120.87061">
        <ele>342.6</ele>
      </trkpt>
      <trkpt lat="24.34457" lon="120.87067">
        <ele>342.5</ele>
      </trkpt>
      <trkpt lat="24.34459" lon="120.87067">
        <ele>342.5</ele>
      </trkpt>
      <trkpt lat="24.34468" lon="120.87072">
        <ele>342.4</ele>
      </trkpt>
      <trkpt lat="24.34474" lon="120.87075">
        <ele>342.3</ele>
      </trkpt>
      <trkpt lat="24.3448" lon="120.87078">
        <ele>342.3</ele>
      </trkpt>
      <trkpt lat="24.34513" lon="120.87095">
        <ele>341.9</ele>
      </trkpt>
      <trkpt lat="24.3455" lon="120.87112">
        <ele>341.6</ele>
      </trkpt>
      <trkpt lat="24.34556" lon="120.87114">
        <ele>341.9</ele>
      </trkpt>
      <trkpt lat="24.34559" lon="120.87115">
        <ele>342.0</ele>
      </trkpt>
      <trkpt lat="24.34566" lon="120.87117">
        <ele>342.3</ele>
      </trkpt>
      <trkpt lat="24.34573" lon="120.87117">
        <ele>342.2</ele>
      </trkpt>
      <trkpt lat="24.34579" lon="120.87118">
        <ele>342.3</ele>
      </trkpt>
      <trkpt lat="24.34591" lon="120.87119">
        <ele>342.0</ele>
      </trkpt>
      <trkpt lat="24.34612" lon="120.87122">
        <ele>341.7</ele>
      </trkpt>
      <trkpt lat="24.34624" lon="120.87125">
        <ele>341.6</ele>
      </trkpt>
      <trkpt lat="24.34627" lon="120.87126">
        <ele>341.6</ele>
      </trkpt>
      <trkpt lat="24.3463" lon="120.87126">
        <ele>341.4</ele>
      </trkpt>
      <trkpt lat="24.34634" lon="120.87129">
        <ele>341.6</ele>
      </trkpt>
      <trkpt lat="24.34638" lon="120.87133">
        <ele>341.9</ele>
      </trkpt>
      <trkpt lat="24.34642" lon="120.87136">
        <ele>342.1</ele>
      </trkpt>
      <trkpt lat="24.34644" lon="120.87139">
        <ele>342.3</ele>
      </trkpt>
      <trkpt lat="24.34652" lon="120.87143">
        <ele>342.1</ele>
      </trkpt>
      <trkpt lat="24.34657" lon="120.87146">
        <ele>342.0</ele>
      </trkpt>
      <trkpt lat="24.34658" lon="120.87147">
        <ele>342.0</ele>
      </trkpt>
      <trkpt lat="24.34664" lon="120.87149">
        <ele>341.6</ele>
      </trkpt>
      <trkpt lat="24.34673" lon="120.87151">
        <ele>341.3</ele>
      </trkpt>
      <trkpt lat="24.3468" lon="120.87151">
        <ele>341.0</ele>
      </trkpt>
      <trkpt lat="24.34699" lon="120.87151">
        <ele>340.3</ele>
      </trkpt>
      <trkpt lat="24.3471" lon="120.8715">
        <ele>339.8</ele>
      </trkpt>
      <trkpt lat="24.34721" lon="120.87149">
        <ele>339.3</ele>
      </trkpt>
      <trkpt lat="24.34746" lon="120.87145">
        <ele>338.1</ele>
      </trkpt>
      <trkpt lat="24.34752" lon="120.87145">
        <ele>338.0</ele>
      </trkpt>
      <trkpt lat="24.34762" lon="120.87144">
        <ele>338.3</ele>
      </trkpt>
      <trkpt lat="24.34764" lon="120.87144">
        <ele>338.3</ele>
      </trkpt>
      <trkpt lat="24.34773" lon="120.87144">
        <ele>338.7</ele>
      </trkpt>
      <trkpt lat="24.34787" lon="120.87144">
        <ele>339.2</ele>
      </trkpt>
      <trkpt lat="24.348" lon="120.87144">
        <ele>339.7</ele>
      </trkpt>
      <trkpt lat="24.34808" lon="120.87144">
        <ele>340.0</ele>
      </trkpt>
      <trkpt lat="24.34854" lon="120.87146">
        <ele>343.0</ele>
      </trkpt>
      <trkpt lat="24.34869" lon="120.87146">
        <ele>344.2</ele>
      </trkpt>
      <trkpt lat="24.34887" lon="120.87146">
        <ele>345.6</ele>
      </trkpt>
      <trkpt lat="24.34905" lon="120.87146">
        <ele>347.1</ele>
      </trkpt>
      <trkpt lat="24.34922" lon="120.87146">
        <ele>348.3</ele>
      </trkpt>
      <trkpt lat="24.34943" lon="120.87145">
        <ele>349.2</ele>
      </trkpt>
      <trkpt lat="24.34963" lon="120.87144">
        <ele>350.0</ele>
      </trkpt>
      <trkpt lat="24.34977" lon="120.87143">
        <ele>350.4</ele>
      </trkpt>
      <trkpt lat="24.34987" lon="120.87143">
        <ele>350.9</ele>
      </trkpt>
      <trkpt lat="24.34995" lon="120.87142">
        <ele>351.1</ele>
      </trkpt>
      <trkpt lat="24.35001" lon="120.87142">
        <ele>351.4</ele>
      </trkpt>
      <trkpt lat="24.35013" lon="120.8714">
        <ele>352.1</ele>
      </trkpt>
      <trkpt lat="24.35033" lon="120.87136">
        <ele>353.0</ele>
      </trkpt>
      <trkpt lat="24.35062" lon="120.87128">
        <ele>353.6</ele>
      </trkpt>
      <trkpt lat="24.35065" lon="120.87127">
        <ele>353.6</ele>
      </trkpt>
      <trkpt lat="24.35076" lon="120.87125">
        <ele>354.2</ele>
      </trkpt>
      <trkpt lat="24.35083" lon="120.87124">
        <ele>354.7</ele>
      </trkpt>
      <trkpt lat="24.35084" lon="120.87124">
        <ele>354.8</ele>
      </trkpt>
      <trkpt lat="24.35093" lon="120.87123">
        <ele>355.4</ele>
      </trkpt>
      <trkpt lat="24.35101" lon="120.87122">
        <ele>356.0</ele>
      </trkpt>
      <trkpt lat="24.35119" lon="120.87119">
        <ele>357.2</ele>
      </trkpt>
      <trkpt lat="24.35134" lon="120.87117">
        <ele>358.4</ele>
      </trkpt>
      <trkpt lat="24.35151" lon="120.87114">
        <ele>359.7</ele>
      </trkpt>
      <trkpt lat="24.35152" lon="120.87114">
        <ele>359.9</ele>
      </trkpt>
      <trkpt lat="24.3516" lon="120.87112">
        <ele>360.4</ele>
      </trkpt>
      <trkpt lat="24.35169" lon="120.87111">
        <ele>361.1</ele>
      </trkpt>
      <trkpt lat="24.35176" lon="120.8711">
        <ele>361.3</ele>
      </trkpt>
      <trkpt lat="24.35186" lon="120.87109">
        <ele>361.7</ele>
      </trkpt>
      <trkpt lat="24.35194" lon="120.87108">
        <ele>361.9</ele>
      </trkpt>
      <trkpt lat="24.35197" lon="120.87108">
        <ele>362.1</ele>
      </trkpt>
      <trkpt lat="24.35203" lon="120.87109">
        <ele>362.7</ele>
      </trkpt>
      <trkpt lat="24.35209" lon="120.87111">
        <ele>363.5</ele>
      </trkpt>
      <trkpt lat="24.35216" lon="120.87114">
        <ele>364.7</ele>
      </trkpt>
      <trkpt lat="24.35225" lon="120.87116">
        <ele>365.8</ele>
      </trkpt>
      <trkpt lat="24.3523" lon="120.87117">
        <ele>366.4</ele>
      </trkpt>
      <trkpt lat="24.35236" lon="120.87117">
        <ele>366.8</ele>
      </trkpt>
      <trkpt lat="24.35253" lon="120.87116">
        <ele>367.6</ele>
      </trkpt>
      <trkpt lat="24.35257" lon="120.87115">
        <ele>367.7</ele>
      </trkpt>
      <trkpt lat="24.35261" lon="120.87115">
        <ele>368.0</ele>
      </trkpt>
      <trkpt lat="24.35268" lon="120.87115">
        <ele>368.6</ele>
      </trkpt>
      <trkpt lat="24.35278" lon="120.87116">
        <ele>369.6</ele>
      </trkpt>
      <trkpt lat="24.35288" lon="120.87117">
        <ele>370.7</ele>
      </trkpt>
      <trkpt lat="24.353" lon="120.8712">
        <ele>372.5</ele>
      </trkpt>
      <trkpt lat="24.35312" lon="120.87123">
        <ele>374.3</ele>
      </trkpt>
      <trkpt lat="24.35319" lon="120.87124">
        <ele>375.1</ele>
      </trkpt>
      <trkpt lat="24.35351" lon="120.87126">
        <ele>378.1</ele>
      </trkpt>
      <trkpt lat="24.35396" lon="120.87127">
        <ele>381.6</ele>
      </trkpt>
      <trkpt lat="24.35409" lon="120.87127">
        <ele>382.5</ele>
      </trkpt>
      <trkpt lat="24.35441" lon="120.87127">
        <ele>384.0</ele>
      </trkpt>
      <trkpt lat="24.35457" lon="120.87129">
        <ele>385.1</ele>
      </trkpt>
      <trkpt lat="24.3547" lon="120.8713">
        <ele>385.8</ele>
      </trkpt>
      <trkpt lat="24.35486" lon="120.87133">
        <ele>387.2</ele>
      </trkpt>
      <trkpt lat="24.35518" lon="120.87135">
        <ele>389.9</ele>
      </trkpt>
      <trkpt lat="24.35529" lon="120.87135">
        <ele>390.9</ele>
      </trkpt>
      <trkpt lat="24.35537" lon="120.87133">
        <ele>391.6</ele>
      </trkpt>
      <trkpt lat="24.35538" lon="120.87133">
        <ele>391.7</ele>
      </trkpt>
      <trkpt lat="24.35555" lon="120.8713">
        <ele>393.2</ele>
      </trkpt>
      <trkpt lat="24.35559" lon="120.8713">
        <ele>393.6</ele>
      </trkpt>
      <trkpt lat="24.3556" lon="120.8713">
        <ele>393.7</ele>
      </trkpt>
      <trkpt lat="24.3556" lon="120.8713">
        <ele>393.7</ele>
      </trkpt>
      <trkpt lat="24.3557" lon="120.87129">
        <ele>394.7</ele>
      </trkpt>
      <trkpt lat="24.35573" lon="120.87129">
        <ele>395.0</ele>
      </trkpt>
      <trkpt lat="24.35591" lon="120.87129">
        <ele>397.1</ele>
      </trkpt>
      <trkpt lat="24.35594" lon="120.87129">
        <ele>397.4</ele>
      </trkpt>
      <trkpt lat="24.35606" lon="120.8713">
        <ele>398.8</ele>
      </trkpt>
      <trkpt lat="24.35609" lon="120.8713">
        <ele>399.2</ele>
      </trkpt>
      <trkpt lat="24.35616" lon="120.87131">
        <ele>400.1</ele>
      </trkpt>
      <trkpt lat="24.35627" lon="120.87133">
        <ele>401.5</ele>
      </trkpt>
      <trkpt lat="24.35635" lon="120.87134">
        <ele>402.4</ele>
      </trkpt>
      <trkpt lat="24.35646" lon="120.87137">
        <ele>403.8</ele>
      </trkpt>
      <trkpt lat="24.35659" lon="120.87139">
        <ele>405.3</ele>
      </trkpt>
      <trkpt lat="24.35672" lon="120.8714">
        <ele>406.5</ele>
      </trkpt>
      <trkpt lat="24.35682" lon="120.8714">
        <ele>407.4</ele>
      </trkpt>
      <trkpt lat="24.35702" lon="120.87139">
        <ele>409.0</ele>
      </trkpt>
      <trkpt lat="24.35722" lon="120.87138">
        <ele>410.6</ele>
      </trkpt>
      <trkpt lat="24.35726" lon="120.87137">
        <ele>410.8</ele>
      </trkpt>
      <trkpt lat="24.35737" lon="120.8713">
        <ele>411.0</ele>
      </trkpt>
      <trkpt lat="24.35746" lon="120.87123">
        <ele>411.0</ele>
      </trkpt>
      <trkpt lat="24.35751" lon="120.87119">
        <ele>411.0</ele>
      </trkpt>
      <trkpt lat="24.35765" lon="120.87107">
        <ele>411.2</ele>
      </trkpt>
      <trkpt lat="24.35767" lon="120.87105">
        <ele>411.1</ele>
      </trkpt>
      <trkpt lat="24.35771" lon="120.87102">
        <ele>411.2</ele>
      </trkpt>
      <trkpt lat="24.35776" lon="120.87099">
        <ele>411.3</ele>
      </trkpt>
      <trkpt lat="24.3578" lon="120.87098">
        <ele>411.5</ele>
      </trkpt>
      <trkpt lat="24.35789" lon="120.87095">
        <ele>412.0</ele>
      </trkpt>
      <trkpt lat="24.35798" lon="120.87092">
        <ele>412.4</ele>
      </trkpt>
      <trkpt lat="24.35809" lon="120.87085">
        <ele>412.2</ele>
      </trkpt>
      <trkpt lat="24.35816" lon="120.87079">
        <ele>412.7</ele>
      </trkpt>
      <trkpt lat="24.35825" lon="120.87068">
        <ele>413.7</ele>
      </trkpt>
      <trkpt lat="24.35832" lon="120.87059">
        <ele>414.5</ele>
      </trkpt>
      <trkpt lat="24.35836" lon="120.87052">
        <ele>415.2</ele>
      </trkpt>
      <trkpt lat="24.35836" lon="120.87051">
        <ele>415.3</ele>
      </trkpt>
      <trkpt lat="24.3584" lon="120.87038">
        <ele>416.3</ele>
      </trkpt>
      <trkpt lat="24.35841" lon="120.87033">
        <ele>416.6</ele>
      </trkpt>
      <trkpt lat="24.35843" lon="120.87027">
        <ele>417.1</ele>
      </trkpt>
      <trkpt lat="24.35847" lon="120.87008">
        <ele>418.1</ele>
      </trkpt>
      <trkpt lat="24.35849" lon="120.86998">
        <ele>419.1</ele>
      </trkpt>
      <trkpt lat="24.35854" lon="120.86986">
        <ele>422.9</ele>
      </trkpt>
      <trkpt lat="24.35864" lon="120.86963">
        <ele>429.5</ele>
      </trkpt>
      <trkpt lat="24.35869" lon="120.86953">
        <ele>432.1</ele>
      </trkpt>
      <trkpt lat="24.35875" lon="120.86939">
        <ele>435.4</ele>
      </trkpt>
      <trkpt lat="24.35877" lon="120.86936">
        <ele>436.1</ele>
      </trkpt>
      <trkpt lat="24.35885" lon="120.86918">
        <ele>439.8</ele>
      </trkpt>
      <trkpt lat="24.35886" lon="120.86916">
        <ele>440.2</ele>
      </trkpt>
      <trkpt lat="24.3589" lon="120.86907">
        <ele>443.1</ele>
      </trkpt>
      <trkpt lat="24.35894" lon="120.86902">
        <ele>444.8</ele>
      </trkpt>
      <trkpt lat="24.35896" lon="120.869">
        <ele>445.6</ele>
      </trkpt>
      <trkpt lat="24.35902" lon="120.86894">
        <ele>447.7</ele>
      </trkpt>
      <trkpt lat="24.35907" lon="120.86891">
        <ele>448.9</ele>
      </trkpt>
      <trkpt lat="24.35909" lon="120.8689">
        <ele>449.3</ele>
      </trkpt>
      <trkpt lat="24.3591" lon="120.86889">
        <ele>449.7</ele>
      </trkpt>
      <trkpt lat="24.3592" lon="120.86888">
        <ele>451.0</ele>
      </trkpt>
      <trkpt lat="24.35928" lon="120.86888">
        <ele>452.5</ele>
      </trkpt>
      <trkpt lat="24.35935" lon="120.86889">
        <ele>453.6</ele>
      </trkpt>
      <trkpt lat="24.35941" lon="120.86892">
        <ele>453.7</ele>
      </trkpt>
      <trkpt lat="24.35947" lon="120.86897">
        <ele>453.3</ele>
      </trkpt>
      <trkpt lat="24.35962" lon="120.86915">
        <ele>450.9</ele>
      </trkpt>
      <trkpt lat="24.35973" lon="120.86927">
        <ele>452.3</ele>
      </trkpt>
      <trkpt lat="24.35981" lon="120.86936">
        <ele>453.8</ele>
      </trkpt>
      <trkpt lat="24.35982" lon="120.86937">
        <ele>454.0</ele>
      </trkpt>
      <trkpt lat="24.35993" lon="120.86945">
        <ele>456.5</ele>
      </trkpt>
      <trkpt lat="24.35996" lon="120.86947">
        <ele>457.2</ele>
      </trkpt>
      <trkpt lat="24.36001" lon="120.86949">
        <ele>458.2</ele>
      </trkpt>
      <trkpt lat="24.36008" lon="120.86951">
        <ele>457.9</ele>
      </trkpt>
      <trkpt lat="24.36013" lon="120.86952">
        <ele>457.8</ele>
      </trkpt>
      <trkpt lat="24.36014" lon="120.86952">
        <ele>457.8</ele>
      </trkpt>
      <trkpt lat="24.36019" lon="120.86951">
        <ele>457.6</ele>
      </trkpt>
      <trkpt lat="24.36025" lon="120.86949">
        <ele>457.4</ele>
      </trkpt>
      <trkpt lat="24.36028" lon="120.86948">
        <ele>457.2</ele>
      </trkpt>
      <trkpt lat="24.3603" lon="120.86945">
        <ele>457.0</ele>
      </trkpt>
      <trkpt lat="24.36031" lon="120.86945">
        <ele>457.0</ele>
      </trkpt>
      <trkpt lat="24.36038" lon="120.86935">
        <ele>456.1</ele>
      </trkpt>
      <trkpt lat="24.36038" lon="120.86935">
        <ele>456.1</ele>
      </trkpt>
      <trkpt lat="24.36033" lon="120.86934">
        <ele>456.3</ele>
      </trkpt>
      <trkpt lat="24.36028" lon="120.86934">
        <ele>456.7</ele>
      </trkpt>
      <trkpt lat="24.3602" lon="120.86934">
        <ele>457.2</ele>
      </trkpt>
      <trkpt lat="24.36017" lon="120.86933">
        <ele>457.4</ele>
      </trkpt>
      <trkpt lat="24.36015" lon="120.86932">
        <ele>457.5</ele>
      </trkpt>
      <trkpt lat="24.36011" lon="120.8693">
        <ele>457.8</ele>
      </trkpt>
      <trkpt lat="24.36008" lon="120.86928">
        <ele>458.1</ele>
      </trkpt>
      <trkpt lat="24.36006" lon="120.86924">
        <ele>458.3</ele>
      </trkpt>
      <trkpt lat="24.36005" lon="120.86922">
        <ele>458.4</ele>
      </trkpt>
      <trkpt lat="24.36005" lon="120.8692">
        <ele>458.4</ele>
      </trkpt>
      <trkpt lat="24.36005" lon="120.86916">
        <ele>458.6</ele>
      </trkpt>
      <trkpt lat="24.36006" lon="120.86911">
        <ele>459.8</ele>
      </trkpt>
      <trkpt lat="24.36008" lon="120.86906">
        <ele>460.8</ele>
      </trkpt>
      <trkpt lat="24.36008" lon="120.86905">
        <ele>461.1</ele>
      </trkpt>
      <trkpt lat="24.36009" lon="120.86902">
        <ele>461.7</ele>
      </trkpt>
      <trkpt lat="24.36009" lon="120.86897">
        <ele>463.0</ele>
      </trkpt>
      <trkpt lat="24.36009" lon="120.86893">
        <ele>464.0</ele>
      </trkpt>
      <trkpt lat="24.36007" lon="120.86889">
        <ele>465.3</ele>
      </trkpt>
      <trkpt lat="24.36006" lon="120.86886">
        <ele>466.2</ele>
      </trkpt>
      <trkpt lat="24.36004" lon="120.86883">
        <ele>467.3</ele>
      </trkpt>
      <trkpt lat="24.35998" lon="120.86876">
        <ele>469.4</ele>
      </trkpt>
      <trkpt lat="24.35983" lon="120.86856">
        <ele>472.3</ele>
      </trkpt>
      <trkpt lat="24.35973" lon="120.86845">
        <ele>474.0</ele>
      </trkpt>
      <trkpt lat="24.3597" lon="120.86842">
        <ele>474.5</ele>
      </trkpt>
      <trkpt lat="24.3597" lon="120.86841">
        <ele>474.8</ele>
      </trkpt>
      <trkpt lat="24.35964" lon="120.86838">
        <ele>474.8</ele>
      </trkpt>
      <trkpt lat="24.35954" lon="120.86835">
        <ele>474.4</ele>
      </trkpt>
      <trkpt lat="24.35938" lon="120.86831">
        <ele>472.6</ele>
      </trkpt>
      <trkpt lat="24.35936" lon="120.86831">
        <ele>472.3</ele>
      </trkpt>
      <trkpt lat="24.35925" lon="120.86828">
        <ele>470.6</ele>
      </trkpt>
      <trkpt lat="24.35918" lon="120.86826">
        <ele>469.5</ele>
      </trkpt>
      <trkpt lat="24.35913" lon="120.86825">
        <ele>468.8</ele>
      </trkpt>
      <trkpt lat="24.35904" lon="120.86821">
        <ele>467.6</ele>
      </trkpt>
      <trkpt lat="24.35889" lon="120.86814">
        <ele>465.5</ele>
      </trkpt>
      <trkpt lat="24.35886" lon="120.86812">
        <ele>465.1</ele>
      </trkpt>
      <trkpt lat="24.35877" lon="120.86808">
        <ele>464.0</ele>
      </trkpt>
      <trkpt lat="24.35869" lon="120.86804">
        <ele>463.0</ele>
      </trkpt>
      <trkpt lat="24.3586" lon="120.868">
        <ele>462.0</ele>
      </trkpt>
      <trkpt lat="24.35848" lon="120.86797">
        <ele>460.9</ele>
      </trkpt>
      <trkpt lat="24.35835" lon="120.86795">
        <ele>459.8</ele>
      </trkpt>
      <trkpt lat="24.35833" lon="120.86795">
        <ele>459.6</ele>
      </trkpt>
      <trkpt lat="24.35817" lon="120.86795">
        <ele>458.4</ele>
      </trkpt>
      <trkpt lat="24.35816" lon="120.86795">
        <ele>458.4</ele>
      </trkpt>
      <trkpt lat="24.35807" lon="120.86796">
        <ele>457.7</ele>
      </trkpt>
      <trkpt lat="24.35804" lon="120.86796">
        <ele>457.5</ele>
      </trkpt>
      <trkpt lat="24.358" lon="120.86796">
        <ele>457.2</ele>
      </trkpt>
      <trkpt lat="24.35799" lon="120.86796">
        <ele>457.1</ele>
      </trkpt>
      <trkpt lat="24.35796" lon="120.86795">
        <ele>456.9</ele>
      </trkpt>
      <trkpt lat="24.35792" lon="120.86795">
        <ele>456.6</ele>
      </trkpt>
      <trkpt lat="24.35789" lon="120.86793">
        <ele>456.5</ele>
      </trkpt>
      <trkpt lat="24.35786" lon="120.86792">
        <ele>456.4</ele>
      </trkpt>
      <trkpt lat="24.35783" lon="120.86791">
        <ele>456.2</ele>
      </trkpt>
      <trkpt lat="24.35782" lon="120.8679">
        <ele>456.2</ele>
      </trkpt>
      <trkpt lat="24.35781" lon="120.86789">
        <ele>456.2</ele>
      </trkpt>
      <trkpt lat="24.3578" lon="120.86787">
        <ele>456.3</ele>
      </trkpt>
      <trkpt lat="24.35779" lon="120.86786">
        <ele>456.3</ele>
      </trkpt>
      <trkpt lat="24.35779" lon="120.86782">
        <ele>456.5</ele>
      </trkpt>
      <trkpt lat="24.35778" lon="120.86779">
        <ele>456.7</ele>
      </trkpt>
      <trkpt lat="24.35779" lon="120.86777">
        <ele>456.9</ele>
      </trkpt>
      <trkpt lat="24.3578" lon="120.86773">
        <ele>457.2</ele>
      </trkpt>
      <trkpt lat="24.35781" lon="120.86772">
        <ele>457.3</ele>
      </trkpt>
      <trkpt lat="24.35784" lon="120.86768">
        <ele>457.6</ele>
      </trkpt>
      <trkpt lat="24.35788" lon="120.86763">
        <ele>457.9</ele>
      </trkpt>
      <trkpt lat="24.35793" lon="120.8676">
        <ele>458.1</ele>
      </trkpt>
      <trkpt lat="24.35819" lon="120.86746">
        <ele>457.5</ele>
      </trkpt>
      <trkpt lat="24.35836" lon="120.86734">
        <ele>455.3</ele>
      </trkpt>
      <trkpt lat="24.35846" lon="120.86725">
        <ele>454.2</ele>
      </trkpt>
      <trkpt lat="24.35852" lon="120.86717">
        <ele>453.1</ele>
      </trkpt>
      <trkpt lat="24.35854" lon="120.86716">
        <ele>453.1</ele>
      </trkpt>
      <trkpt lat="24.35859" lon="120.86712">
        <ele>452.7</ele>
      </trkpt>
      <trkpt lat="24.35864" lon="120.86708">
        <ele>452.3</ele>
      </trkpt>
      <trkpt lat="24.35866" lon="120.86706">
        <ele>452.1</ele>
      </trkpt>
      <trkpt lat="24.35871" lon="120.86702">
        <ele>451.7</ele>
      </trkpt>
      <trkpt lat="24.35874" lon="120.867">
        <ele>451.5</ele>
      </trkpt>
      <trkpt lat="24.35876" lon="120.86698">
        <ele>451.3</ele>
      </trkpt>
      <trkpt lat="24.35876" lon="120.86696">
        <ele>451.0</ele>
      </trkpt>
      <trkpt lat="24.35877" lon="120.86694">
        <ele>450.7</ele>
      </trkpt>
      <trkpt lat="24.35878" lon="120.86692">
        <ele>450.5</ele>
      </trkpt>
      <trkpt lat="24.35879" lon="120.86688">
        <ele>449.8</ele>
      </trkpt>
      <trkpt lat="24.35879" lon="120.86686">
        <ele>449.5</ele>
      </trkpt>
      <trkpt lat="24.3588" lon="120.86677">
        <ele>448.1</ele>
      </trkpt>
      <trkpt lat="24.3588" lon="120.86675">
        <ele>447.7</ele>
      </trkpt>
      <trkpt lat="24.35881" lon="120.86669">
        <ele>446.8</ele>
      </trkpt>
      <trkpt lat="24.35882" lon="120.86659">
        <ele>445.9</ele>
      </trkpt>
      <trkpt lat="24.35883" lon="120.86656">
        <ele>445.7</ele>
      </trkpt>
      <trkpt lat="24.35884" lon="120.86653">
        <ele>445.5</ele>
      </trkpt>
      <trkpt lat="24.35885" lon="120.8665">
        <ele>445.3</ele>
      </trkpt>
      <trkpt lat="24.3589" lon="120.86641">
        <ele>444.9</ele>
      </trkpt>
      <trkpt lat="24.35891" lon="120.86638">
        <ele>444.7</ele>
      </trkpt>
      <trkpt lat="24.35894" lon="120.86634">
        <ele>444.6</ele>
      </trkpt>
      <trkpt lat="24.35896" lon="120.86627">
        <ele>444.2</ele>
      </trkpt>
      <trkpt lat="24.35898" lon="120.86623">
        <ele>444.0</ele>
      </trkpt>
      <trkpt lat="24.35899" lon="120.86621">
        <ele>443.9</ele>
      </trkpt>
      <trkpt lat="24.35902" lon="120.86617">
        <ele>443.8</ele>
      </trkpt>
      <trkpt lat="24.35908" lon="120.86612">
        <ele>443.8</ele>
      </trkpt>
      <trkpt lat="24.35912" lon="120.86607">
        <ele>443.7</ele>
      </trkpt>
      <trkpt lat="24.35913" lon="120.86606">
        <ele>443.6</ele>
      </trkpt>
      <trkpt lat="24.35918" lon="120.86597">
        <ele>442.9</ele>
      </trkpt>
      <trkpt lat="24.35926" lon="120.86583">
        <ele>439.9</ele>
      </trkpt>
      <trkpt lat="24.35935" lon="120.86566">
        <ele>438.2</ele>
      </trkpt>
      <trkpt lat="24.3594" lon="120.86556">
        <ele>437.0</ele>
      </trkpt>
      <trkpt lat="24.3595" lon="120.86531">
        <ele>434.0</ele>
      </trkpt>
      <trkpt lat="24.35956" lon="120.86509">
        <ele>431.6</ele>
      </trkpt>
      <trkpt lat="24.3596" lon="120.86496">
        <ele>429.7</ele>
      </trkpt>
      <trkpt lat="24.35963" lon="120.86482">
        <ele>428.3</ele>
      </trkpt>
      <trkpt lat="24.35966" lon="120.86471">
        <ele>427.0</ele>
      </trkpt>
      <trkpt lat="24.35974" lon="120.86444">
        <ele>424.3</ele>
      </trkpt>
      <trkpt lat="24.35977" lon="120.86437">
        <ele>423.4</ele>
      </trkpt>
      <trkpt lat="24.35984" lon="120.86418">
        <ele>421.8</ele>
      </trkpt>
      <trkpt lat="24.35987" lon="120.86412">
        <ele>420.4</ele>
      </trkpt>
      <trkpt lat="24.35988" lon="120.86408">
        <ele>419.6</ele>
      </trkpt>
      <trkpt lat="24.35989" lon="120.86405">
        <ele>418.9</ele>
      </trkpt>
      <trkpt lat="24.35989" lon="120.86403">
        <ele>418.6</ele>
      </trkpt>
      <trkpt lat="24.35988" lon="120.86401">
        <ele>418.6</ele>
      </trkpt>
      <trkpt lat="24.35987" lon="120.86399">
        <ele>418.5</ele>
      </trkpt>
      <trkpt lat="24.35986" lon="120.86397">
        <ele>418.4</ele>
      </trkpt>
      <trkpt lat="24.35984" lon="120.86395">
        <ele>418.5</ele>
      </trkpt>
      <trkpt lat="24.3598" lon="120.86391">
        <ele>418.7</ele>
      </trkpt>
      <trkpt lat="24.35975" lon="120.86387">
        <ele>419.1</ele>
      </trkpt>
      <trkpt lat="24.35968" lon="120.86384">
        <ele>420.0</ele>
      </trkpt>
      <trkpt lat="24.35962" lon="120.86381">
        <ele>420.7</ele>
      </trkpt>
      <trkpt lat="24.35961" lon="120.8638">
        <ele>420.7</ele>
      </trkpt>
      <trkpt lat="24.35957" lon="120.86378">
        <ele>421.1</ele>
      </trkpt>
      <trkpt lat="24.35946" lon="120.86368">
        <ele>421.1</ele>
      </trkpt>
      <trkpt lat="24.35945" lon="120.86367">
        <ele>421.1</ele>
      </trkpt>
      <trkpt lat="24.35937" lon="120.8636">
        <ele>421.0</ele>
      </trkpt>
      <trkpt lat="24.35934" lon="120.86357">
        <ele>420.9</ele>
      </trkpt>
      <trkpt lat="24.35933" lon="120.86356">
        <ele>420.8</ele>
      </trkpt>
      <trkpt lat="24.35931" lon="120.86356">
        <ele>421.1</ele>
      </trkpt>
      <trkpt lat="24.35927" lon="120.86356">
        <ele>421.8</ele>
      </trkpt>
      <trkpt lat="24.35917" lon="120.86356">
        <ele>423.4</ele>
      </trkpt>
      <trkpt lat="24.359" lon="120.86356">
        <ele>425.4</ele>
      </trkpt>
      <trkpt lat="24.35896" lon="120.86357">
        <ele>426.1</ele>
      </trkpt>
      <trkpt lat="24.35892" lon="120.86357">
        <ele>426.6</ele>
      </trkpt>
      <trkpt lat="24.35888" lon="120.86357">
        <ele>427.0</ele>
      </trkpt>
      <trkpt lat="24.35884" lon="120.86357">
        <ele>427.5</ele>
      </trkpt>
      <trkpt lat="24.35881" lon="120.86355">
        <ele>427.4</ele>
      </trkpt>
      <trkpt lat="24.35879" lon="120.86354">
        <ele>427.5</ele>
      </trkpt>
      <trkpt lat="24.35874" lon="120.86352">
        <ele>427.7</ele>
      </trkpt>
      <trkpt lat="24.35868" lon="120.86347">
        <ele>427.5</ele>
      </trkpt>
      <trkpt lat="24.35861" lon="120.86339">
        <ele>427.0</ele>
      </trkpt>
      <trkpt lat="24.35853" lon="120.8633">
        <ele>426.5</ele>
      </trkpt>
      <trkpt lat="24.35841" lon="120.86317">
        <ele>425.8</ele>
      </trkpt>
      <trkpt lat="24.35839" lon="120.86315">
        <ele>425.7</ele>
      </trkpt>
      <trkpt lat="24.35835" lon="120.86313">
        <ele>425.9</ele>
      </trkpt>
      <trkpt lat="24.35829" lon="120.8631">
        <ele>425.3</ele>
      </trkpt>
      <trkpt lat="24.35822" lon="120.86307">
        <ele>424.5</ele>
      </trkpt>
      <trkpt lat="24.35815" lon="120.86305">
        <ele>423.8</ele>
      </trkpt>
      <trkpt lat="24.35807" lon="120.86302">
        <ele>423.0</ele>
      </trkpt>
      <trkpt lat="24.35805" lon="120.86301">
        <ele>422.8</ele>
      </trkpt>
      <trkpt lat="24.35802" lon="120.863">
        <ele>422.5</ele>
      </trkpt>
      <trkpt lat="24.35796" lon="120.86296">
        <ele>421.8</ele>
      </trkpt>
      <trkpt lat="24.35776" lon="120.86279">
        <ele>419.0</ele>
      </trkpt>
      <trkpt lat="24.35766" lon="120.86271">
        <ele>418.0</ele>
      </trkpt>
      <trkpt lat="24.35761" lon="120.86267">
        <ele>417.6</ele>
      </trkpt>
      <trkpt lat="24.35759" lon="120.86266">
        <ele>417.5</ele>
      </trkpt>
      <trkpt lat="24.35751" lon="120.86258">
        <ele>416.8</ele>
      </trkpt>
      <trkpt lat="24.35736" lon="120.86242">
        <ele>414.3</ele>
      </trkpt>
      <trkpt lat="24.35716" lon="120.86219">
        <ele>413.0</ele>
      </trkpt>
      <trkpt lat="24.35714" lon="120.86215">
        <ele>413.0</ele>
      </trkpt>
      <trkpt lat="24.3571" lon="120.86209">
        <ele>413.1</ele>
      </trkpt>
      <trkpt lat="24.35706" lon="120.862">
        <ele>413.5</ele>
      </trkpt>
      <trkpt lat="24.35702" lon="120.86189">
        <ele>414.2</ele>
      </trkpt>
      <trkpt lat="24.357" lon="120.86182">
        <ele>414.7</ele>
      </trkpt>
      <trkpt lat="24.35699" lon="120.8618">
        <ele>414.9</ele>
      </trkpt>
      <trkpt lat="24.35698" lon="120.86176">
        <ele>415.2</ele>
      </trkpt>
      <trkpt lat="24.35696" lon="120.86172">
        <ele>415.8</ele>
      </trkpt>
      <trkpt lat="24.35692" lon="120.86169">
        <ele>416.7</ele>
      </trkpt>
      <trkpt lat="24.35688" lon="120.86167">
        <ele>417.6</ele>
      </trkpt>
      <trkpt lat="24.35681" lon="120.86164">
        <ele>418.7</ele>
      </trkpt>
      <trkpt lat="24.35675" lon="120.86164">
        <ele>419.9</ele>
      </trkpt>
      <trkpt lat="24.3567" lon="120.86164">
        <ele>420.9</ele>
      </trkpt>
      <trkpt lat="24.35661" lon="120.86165">
        <ele>422.0</ele>
      </trkpt>
      <trkpt lat="24.35646" lon="120.86165">
        <ele>422.5</ele>
      </trkpt>
      <trkpt lat="24.35639" lon="120.86164">
        <ele>422.7</ele>
      </trkpt>
      <trkpt lat="24.35635" lon="120.86164">
        <ele>422.8</ele>
      </trkpt>
      <trkpt lat="24.35632" lon="120.86163">
        <ele>422.8</ele>
      </trkpt>
      <trkpt lat="24.35628" lon="120.86161">
        <ele>422.7</ele>
      </trkpt>
      <trkpt lat="24.35625" lon="120.86158">
        <ele>422.5</ele>
      </trkpt>
      <trkpt lat="24.35617" lon="120.86151">
        <ele>422.0</ele>
      </trkpt>
      <trkpt lat="24.35606" lon="120.86138">
        <ele>421.1</ele>
      </trkpt>
      <trkpt lat="24.35604" lon="120.86136">
        <ele>420.9</ele>
      </trkpt>
      <trkpt lat="24.35598" lon="120.8613">
        <ele>420.6</ele>
      </trkpt>
      <trkpt lat="24.35595" lon="120.86128">
        <ele>420.6</ele>
      </trkpt>
      <trkpt lat="24.35592" lon="120.86126">
        <ele>420.6</ele>
      </trkpt>
      <trkpt lat="24.35592" lon="120.86125">
        <ele>420.5</ele>
      </trkpt>
      <trkpt lat="24.35589" lon="120.86124">
        <ele>420.6</ele>
      </trkpt>
      <trkpt lat="24.35586" lon="120.86123">
        <ele>420.6</ele>
      </trkpt>
      <trkpt lat="24.35582" lon="120.86122">
        <ele>420.7</ele>
      </trkpt>
      <trkpt lat="24.35576" lon="120.86121">
        <ele>420.7</ele>
      </trkpt>
      <trkpt lat="24.35575" lon="120.86121">
        <ele>420.8</ele>
      </trkpt>
      <trkpt lat="24.35569" lon="120.86122">
        <ele>420.9</ele>
      </trkpt>
      <trkpt lat="24.35564" lon="120.86121">
        <ele>420.9</ele>
      </trkpt>
      <trkpt lat="24.35561" lon="120.86121">
        <ele>421.0</ele>
      </trkpt>
      <trkpt lat="24.35556" lon="120.86119">
        <ele>421.0</ele>
      </trkpt>
      <trkpt lat="24.35552" lon="120.86116">
        <ele>421.1</ele>
      </trkpt>
      <trkpt lat="24.35548" lon="120.86114">
        <ele>421.2</ele>
      </trkpt>
      <trkpt lat="24.35545" lon="120.8611">
        <ele>421.4</ele>
      </trkpt>
      <trkpt lat="24.35543" lon="120.86108">
        <ele>421.5</ele>
      </trkpt>
      <trkpt lat="24.35542" lon="120.86104">
        <ele>421.6</ele>
      </trkpt>
      <trkpt lat="24.3554" lon="120.86092">
        <ele>422.0</ele>
      </trkpt>
      <trkpt lat="24.35537" lon="120.86066">
        <ele>423.6</ele>
      </trkpt>
      <trkpt lat="24.35537" lon="120.86064">
        <ele>423.7</ele>
      </trkpt>
      <trkpt lat="24.35537" lon="120.86061">
        <ele>423.9</ele>
      </trkpt>
      <trkpt lat="24.35536" lon="120.86058">
        <ele>424.3</ele>
      </trkpt>
      <trkpt lat="24.35533" lon="120.86047">
        <ele>425.8</ele>
      </trkpt>
      <trkpt lat="24.35527" lon="120.86029">
        <ele>429.1</ele>
      </trkpt>
      <trkpt lat="24.35524" lon="120.86017">
        <ele>431.5</ele>
      </trkpt>
      <trkpt lat="24.35523" lon="120.86009">
        <ele>432.7</ele>
      </trkpt>
      <trkpt lat="24.35523" lon="120.86">
        <ele>433.8</ele>
      </trkpt>
      <trkpt lat="24.35524" lon="120.8599">
        <ele>433.2</ele>
      </trkpt>
      <trkpt lat="24.35525" lon="120.85987">
        <ele>432.8</ele>
      </trkpt>
      <trkpt lat="24.35528" lon="120.8598">
        <ele>431.5</ele>
      </trkpt>
      <trkpt lat="24.35539" lon="120.85965">
        <ele>427.3</ele>
      </trkpt>
      <trkpt lat="24.35545" lon="120.85958">
        <ele>425.3</ele>
      </trkpt>
      <trkpt lat="24.35548" lon="120.85954">
        <ele>424.4</ele>
      </trkpt>
      <trkpt lat="24.35554" lon="120.85946">
        <ele>422.7</ele>
      </trkpt>
      <trkpt lat="24.35555" lon="120.85944">
        <ele>422.4</ele>
      </trkpt>
      <trkpt lat="24.35556" lon="120.85943">
        <ele>422.1</ele>
      </trkpt>
      <trkpt lat="24.35556" lon="120.85942">
        <ele>422.2</ele>
      </trkpt>
      <trkpt lat="24.35556" lon="120.85938">
        <ele>422.4</ele>
      </trkpt>
      <trkpt lat="24.35556" lon="120.85931">
        <ele>422.8</ele>
      </trkpt>
      <trkpt lat="24.35555" lon="120.85928">
        <ele>423.2</ele>
      </trkpt>
      <trkpt lat="24.35555" lon="120.85926">
        <ele>423.3</ele>
      </trkpt>
      <trkpt lat="24.35554" lon="120.8592">
        <ele>423.9</ele>
      </trkpt>
      <trkpt lat="24.35544" lon="120.85896">
        <ele>428.1</ele>
      </trkpt>
      <trkpt lat="24.35536" lon="120.85882">
        <ele>430.3</ele>
      </trkpt>
      <trkpt lat="24.35532" lon="120.8587">
        <ele>431.2</ele>
      </trkpt>
      <trkpt lat="24.3553" lon="120.85863">
        <ele>431.5</ele>
      </trkpt>
      <trkpt lat="24.35525" lon="120.85854">
        <ele>432.0</ele>
      </trkpt>
      <trkpt lat="24.3552" lon="120.85848">
        <ele>432.3</ele>
      </trkpt>
      <trkpt lat="24.35517" lon="120.85844">
        <ele>432.3</ele>
      </trkpt>
      <trkpt lat="24.35515" lon="120.85839">
        <ele>432.2</ele>
      </trkpt>
      <trkpt lat="24.35514" lon="120.85835">
        <ele>432.1</ele>
      </trkpt>
      <trkpt lat="24.35514" lon="120.85831">
        <ele>431.9</ele>
      </trkpt>
      <trkpt lat="24.35514" lon="120.85828">
        <ele>431.9</ele>
      </trkpt>
      <trkpt lat="24.35514" lon="120.85826">
        <ele>431.8</ele>
      </trkpt>
      <trkpt lat="24.35515" lon="120.85824">
        <ele>431.8</ele>
      </trkpt>
      <trkpt lat="24.35518" lon="120.85819">
        <ele>431.7</ele>
      </trkpt>
      <trkpt lat="24.35541" lon="120.85787">
        <ele>432.8</ele>
      </trkpt>
      <trkpt lat="24.35562" lon="120.85758">
        <ele>435.8</ele>
      </trkpt>
      <trkpt lat="24.35566" lon="120.85752">
        <ele>436.6</ele>
      </trkpt>
      <trkpt lat="24.35576" lon="120.85738">
        <ele>437.0</ele>
      </trkpt>
      <trkpt lat="24.3558" lon="120.85734">
        <ele>437.0</ele>
      </trkpt>
      <trkpt lat="24.35585" lon="120.85732">
        <ele>437.1</ele>
      </trkpt>
      <trkpt lat="24.35587" lon="120.85731">
        <ele>437.1</ele>
      </trkpt>
      <trkpt lat="24.35595" lon="120.85728">
        <ele>437.2</ele>
      </trkpt>
      <trkpt lat="24.35604" lon="120.85725">
        <ele>437.3</ele>
      </trkpt>
      <trkpt lat="24.35618" lon="120.8572">
        <ele>437.6</ele>
      </trkpt>
      <trkpt lat="24.35639" lon="120.85715">
        <ele>438.3</ele>
      </trkpt>
      <trkpt lat="24.3565" lon="120.85711">
        <ele>438.7</ele>
      </trkpt>
      <trkpt lat="24.35665" lon="120.85706">
        <ele>439.3</ele>
      </trkpt>
      <trkpt lat="24.35671" lon="120.85702">
        <ele>439.2</ele>
      </trkpt>
      <trkpt lat="24.35678" lon="120.85695">
        <ele>439.0</ele>
      </trkpt>
      <trkpt lat="24.35684" lon="120.85687">
        <ele>438.9</ele>
      </trkpt>
      <trkpt lat="24.35691" lon="120.85679">
        <ele>438.9</ele>
      </trkpt>
      <trkpt lat="24.35696" lon="120.85671">
        <ele>438.9</ele>
      </trkpt>
      <trkpt lat="24.357" lon="120.8566">
        <ele>440.1</ele>
      </trkpt>
      <trkpt lat="24.35701" lon="120.85652">
        <ele>441.4</ele>
      </trkpt>
      <trkpt lat="24.35702" lon="120.85648">
        <ele>442.1</ele>
      </trkpt>
      <trkpt lat="24.35705" lon="120.85633">
        <ele>444.6</ele>
      </trkpt>
      <trkpt lat="24.3573" lon="120.85559">
        <ele>452.8</ele>
      </trkpt>
      <trkpt lat="24.3573" lon="120.85557">
        <ele>452.8</ele>
      </trkpt>
      <trkpt lat="24.35743" lon="120.85524">
        <ele>452.0</ele>
      </trkpt>
      <trkpt lat="24.3575" lon="120.85507">
        <ele>451.3</ele>
      </trkpt>
      <trkpt lat="24.35751" lon="120.85504">
        <ele>451.3</ele>
      </trkpt>
      <trkpt lat="24.35753" lon="120.85498">
        <ele>451.3</ele>
      </trkpt>
      <trkpt lat="24.35754" lon="120.85491">
        <ele>451.3</ele>
      </trkpt>
      <trkpt lat="24.35753" lon="120.85485">
        <ele>451.0</ele>
      </trkpt>
      <trkpt lat="24.35753" lon="120.85481">
        <ele>450.9</ele>
      </trkpt>
      <trkpt lat="24.35752" lon="120.85466">
        <ele>450.4</ele>
      </trkpt>
      <trkpt lat="24.35752" lon="120.85465">
        <ele>450.3</ele>
      </trkpt>
      <trkpt lat="24.35747" lon="120.85446">
        <ele>449.5</ele>
      </trkpt>
      <trkpt lat="24.35751" lon="120.85427">
        <ele>449.3</ele>
      </trkpt>
      <trkpt lat="24.35751" lon="120.85423">
        <ele>449.2</ele>
      </trkpt>
      <trkpt lat="24.35752" lon="120.85419">
        <ele>449.1</ele>
      </trkpt>
      <trkpt lat="24.35758" lon="120.85409">
        <ele>447.7</ele>
      </trkpt>
      <trkpt lat="24.35761" lon="120.85404">
        <ele>446.8</ele>
      </trkpt>
      <trkpt lat="24.35768" lon="120.85394">
        <ele>445.2</ele>
      </trkpt>
      <trkpt lat="24.35794" lon="120.85367">
        <ele>441.6</ele>
      </trkpt>
      <trkpt lat="24.35801" lon="120.8536">
        <ele>440.8</ele>
      </trkpt>
      <trkpt lat="24.35803" lon="120.85357">
        <ele>440.5</ele>
      </trkpt>
      <trkpt lat="24.35805" lon="120.85354">
        <ele>440.1</ele>
      </trkpt>
      <trkpt lat="24.35809" lon="120.85348">
        <ele>439.4</ele>
      </trkpt>
      <trkpt lat="24.35811" lon="120.85343">
        <ele>438.8</ele>
      </trkpt>
      <trkpt lat="24.35818" lon="120.85303">
        <ele>434.9</ele>
      </trkpt>
      <trkpt lat="24.3582" lon="120.85293">
        <ele>434.0</ele>
      </trkpt>
      <trkpt lat="24.35822" lon="120.85283">
        <ele>433.1</ele>
      </trkpt>
      <trkpt lat="24.35822" lon="120.85279">
        <ele>432.7</ele>
      </trkpt>
      <trkpt lat="24.35821" lon="120.85266">
        <ele>431.3</ele>
      </trkpt>
      <trkpt lat="24.35821" lon="120.85264">
        <ele>431.1</ele>
      </trkpt>
      <trkpt lat="24.35819" lon="120.8525">
        <ele>429.7</ele>
      </trkpt>
      <trkpt lat="24.35818" lon="120.85244">
        <ele>429.7</ele>
      </trkpt>
      <trkpt lat="24.35817" lon="120.85232">
        <ele>429.9</ele>
      </trkpt>
      <trkpt lat="24.35818" lon="120.85221">
        <ele>430.1</ele>
      </trkpt>
      <trkpt lat="24.3582" lon="120.85216">
        <ele>430.2</ele>
      </trkpt>
      <trkpt lat="24.35822" lon="120.85212">
        <ele>430.3</ele>
      </trkpt>
      <trkpt lat="24.35826" lon="120.85208">
        <ele>430.4</ele>
      </trkpt>
      <trkpt lat="24.3583" lon="120.85204">
        <ele>430.5</ele>
      </trkpt>
      <trkpt lat="24.35836" lon="120.85197">
        <ele>430.0</ele>
      </trkpt>
      <trkpt lat="24.3584" lon="120.85194">
        <ele>429.1</ele>
      </trkpt>
      <trkpt lat="24.35844" lon="120.85191">
        <ele>428.2</ele>
      </trkpt>
      <trkpt lat="24.35855" lon="120.85184">
        <ele>425.7</ele>
      </trkpt>
      <trkpt lat="24.35865" lon="120.85177">
        <ele>423.2</ele>
      </trkpt>
      <trkpt lat="24.35874" lon="120.85165">
        <ele>420.6</ele>
      </trkpt>
      <trkpt lat="24.35878" lon="120.85158">
        <ele>418.9</ele>
      </trkpt>
      <trkpt lat="24.35881" lon="120.8515">
        <ele>417.4</ele>
      </trkpt>
      <trkpt lat="24.35882" lon="120.85145">
        <ele>416.7</ele>
      </trkpt>
      <trkpt lat="24.35882" lon="120.85139">
        <ele>416.1</ele>
      </trkpt>
      <trkpt lat="24.35881" lon="120.85137">
        <ele>416.1</ele>
      </trkpt>
      <trkpt lat="24.35881" lon="120.85122">
        <ele>414.7</ele>
      </trkpt>
      <trkpt lat="24.35881" lon="120.85117">
        <ele>414.2</ele>
      </trkpt>
      <trkpt lat="24.35881" lon="120.85101">
        <ele>412.7</ele>
      </trkpt>
      <trkpt lat="24.35881" lon="120.85099">
        <ele>412.5</ele>
      </trkpt>
      <trkpt lat="24.35881" lon="120.85097">
        <ele>412.3</ele>
      </trkpt>
      <trkpt lat="24.35882" lon="120.85077">
        <ele>410.2</ele>
      </trkpt>
      <trkpt lat="24.35882" lon="120.85075">
        <ele>410.1</ele>
      </trkpt>
      <trkpt lat="24.35884" lon="120.85062">
        <ele>408.6</ele>
      </trkpt>
      <trkpt lat="24.35887" lon="120.85049">
        <ele>407.2</ele>
      </trkpt>
      <trkpt lat="24.35892" lon="120.85028">
        <ele>405.3</ele>
      </trkpt>
      <trkpt lat="24.35895" lon="120.85013">
        <ele>404.3</ele>
      </trkpt>
      <trkpt lat="24.35896" lon="120.8501">
        <ele>404.1</ele>
      </trkpt>
      <trkpt lat="24.35897" lon="120.85001">
        <ele>403.6</ele>
      </trkpt>
      <trkpt lat="24.35898" lon="120.84993">
        <ele>402.7</ele>
      </trkpt>
      <trkpt lat="24.35898" lon="120.84991">
        <ele>402.4</ele>
      </trkpt>
      <trkpt lat="24.35898" lon="120.84983">
        <ele>401.4</ele>
      </trkpt>
      <trkpt lat="24.35898" lon="120.84981">
        <ele>401.2</ele>
      </trkpt>
      <trkpt lat="24.35899" lon="120.84978">
        <ele>400.8</ele>
      </trkpt>
      <trkpt lat="24.359" lon="120.84975">
        <ele>400.5</ele>
      </trkpt>
      <trkpt lat="24.35901" lon="120.84973">
        <ele>400.3</ele>
      </trkpt>
      <trkpt lat="24.35902" lon="120.84972">
        <ele>400.2</ele>
      </trkpt>
      <trkpt lat="24.35903" lon="120.84971">
        <ele>400.1</ele>
      </trkpt>
      <trkpt lat="24.35906" lon="120.84969">
        <ele>399.9</ele>
      </trkpt>
      <trkpt lat="24.35908" lon="120.84968">
        <ele>399.9</ele>
      </trkpt>
      <trkpt lat="24.3591" lon="120.84967">
        <ele>399.8</ele>
      </trkpt>
      <trkpt lat="24.35911" lon="120.84967">
        <ele>399.9</ele>
      </trkpt>
      <trkpt lat="24.35914" lon="120.84966">
        <ele>399.8</ele>
      </trkpt>
      <trkpt lat="24.35916" lon="120.84966">
        <ele>399.9</ele>
      </trkpt>
      <trkpt lat="24.35917" lon="120.84967">
        <ele>400.1</ele>
      </trkpt>
      <trkpt lat="24.35919" lon="120.84968">
        <ele>400.3</ele>
      </trkpt>
      <trkpt lat="24.3592" lon="120.84969">
        <ele>400.4</ele>
      </trkpt>
      <trkpt lat="24.35922" lon="120.84972">
        <ele>400.9</ele>
      </trkpt>
      <trkpt lat="24.35924" lon="120.84975">
        <ele>401.3</ele>
      </trkpt>
      <trkpt lat="24.35924" lon="120.84978">
        <ele>401.6</ele>
      </trkpt>
      <trkpt lat="24.35925" lon="120.84983">
        <ele>402.2</ele>
      </trkpt>
      <trkpt lat="24.35925" lon="120.84984">
        <ele>402.3</ele>
      </trkpt>
      <trkpt lat="24.35926" lon="120.84999">
        <ele>403.9</ele>
      </trkpt>
      <trkpt lat="24.35927" lon="120.85003">
        <ele>404.1</ele>
      </trkpt>
      <trkpt lat="24.35928" lon="120.85009">
        <ele>404.2</ele>
      </trkpt>
      <trkpt lat="24.35931" lon="120.85017">
        <ele>404.5</ele>
      </trkpt>
      <trkpt lat="24.35933" lon="120.85021">
        <ele>404.6</ele>
      </trkpt>
      <trkpt lat="24.35935" lon="120.85025">
        <ele>404.8</ele>
      </trkpt>
      <trkpt lat="24.35936" lon="120.85026">
        <ele>404.9</ele>
      </trkpt>
      <trkpt lat="24.35937" lon="120.85027">
        <ele>405.0</ele>
      </trkpt>
      <trkpt lat="24.35939" lon="120.85028">
        <ele>405.1</ele>
      </trkpt>
      <trkpt lat="24.35944" lon="120.85027">
        <ele>405.2</ele>
      </trkpt>
      <trkpt lat="24.35947" lon="120.85025">
        <ele>405.2</ele>
      </trkpt>
      <trkpt lat="24.3595" lon="120.85022">
        <ele>405.1</ele>
      </trkpt>
      <trkpt lat="24.35954" lon="120.85016">
        <ele>404.9</ele>
      </trkpt>
      <trkpt lat="24.35957" lon="120.85009">
        <ele>404.5</ele>
      </trkpt>
      <trkpt lat="24.3596" lon="120.85">
        <ele>404.0</ele>
      </trkpt>
      <trkpt lat="24.35962" lon="120.84992">
        <ele>403.6</ele>
      </trkpt>
      <trkpt lat="24.35965" lon="120.84983">
        <ele>403.1</ele>
      </trkpt>
      <trkpt lat="24.35967" lon="120.84976">
        <ele>402.9</ele>
      </trkpt>
      <trkpt lat="24.35968" lon="120.84974">
        <ele>402.8</ele>
      </trkpt>
      <trkpt lat="24.35969" lon="120.84972">
        <ele>402.8</ele>
      </trkpt>
      <trkpt lat="24.35971" lon="120.84971">
        <ele>402.8</ele>
      </trkpt>
      <trkpt lat="24.35972" lon="120.84971">
        <ele>402.8</ele>
      </trkpt>
      <trkpt lat="24.35985" lon="120.84966">
        <ele>403.3</ele>
      </trkpt>
      <trkpt lat="24.35996" lon="120.84953">
        <ele>403.7</ele>
      </trkpt>
      <trkpt lat="24.35996" lon="120.84953">
        <ele>403.7</ele>
      </trkpt>
      <trkpt lat="24.35987" lon="120.84931">
        <ele>402.7</ele>
      </trkpt>
      <trkpt lat="24.35982" lon="120.8491">
        <ele>401.8</ele>
      </trkpt>
      <trkpt lat="24.35979" lon="120.84897">
        <ele>401.5</ele>
      </trkpt>
      <trkpt lat="24.35977" lon="120.8489">
        <ele>401.2</ele>
      </trkpt>
      <trkpt lat="24.35977" lon="120.84886">
        <ele>401.2</ele>
      </trkpt>
      <trkpt lat="24.35978" lon="120.84883">
        <ele>401.4</ele>
      </trkpt>
      <trkpt lat="24.35978" lon="120.8488">
        <ele>401.4</ele>
      </trkpt>
      <trkpt lat="24.3598" lon="120.84877">
        <ele>401.6</ele>
      </trkpt>
      <trkpt lat="24.35982" lon="120.84874">
        <ele>401.8</ele>
      </trkpt>
      <trkpt lat="24.35984" lon="120.84872">
        <ele>402.1</ele>
      </trkpt>
      <trkpt lat="24.35986" lon="120.84871">
        <ele>402.3</ele>
      </trkpt>
      <trkpt lat="24.35992" lon="120.84867">
        <ele>403.0</ele>
      </trkpt>
      <trkpt lat="24.36003" lon="120.84864">
        <ele>403.9</ele>
      </trkpt>
      <trkpt lat="24.36011" lon="120.8486">
        <ele>403.7</ele>
      </trkpt>
      <trkpt lat="24.36013" lon="120.84859">
        <ele>403.6</ele>
      </trkpt>
      <trkpt lat="24.36026" lon="120.84853">
        <ele>403.0</ele>
      </trkpt>
      <trkpt lat="24.36028" lon="120.84852">
        <ele>402.9</ele>
      </trkpt>
      <trkpt lat="24.36037" lon="120.84846">
        <ele>402.3</ele>
      </trkpt>
      <trkpt lat="24.36055" lon="120.84831">
        <ele>400.9</ele>
      </trkpt>
      <trkpt lat="24.36062" lon="120.84816">
        <ele>401.4</ele>
      </trkpt>
      <trkpt lat="24.36065" lon="120.84809">
        <ele>401.5</ele>
      </trkpt>
      <trkpt lat="24.36066" lon="120.84803">
        <ele>401.8</ele>
      </trkpt>
      <trkpt lat="24.36067" lon="120.84802">
        <ele>401.7</ele>
      </trkpt>
      <trkpt lat="24.36067" lon="120.84797">
        <ele>402.0</ele>
      </trkpt>
      <trkpt lat="24.36068" lon="120.84787">
        <ele>402.3</ele>
      </trkpt>
      <trkpt lat="24.36068" lon="120.84783">
        <ele>402.5</ele>
      </trkpt>
      <trkpt lat="24.36068" lon="120.84781">
        <ele>402.6</ele>
      </trkpt>
      <trkpt lat="24.36068" lon="120.84777">
        <ele>402.8</ele>
      </trkpt>
      <trkpt lat="24.36068" lon="120.84772">
        <ele>403.1</ele>
      </trkpt>
      <trkpt lat="24.36067" lon="120.84765">
        <ele>403.7</ele>
      </trkpt>
      <trkpt lat="24.36067" lon="120.84764">
        <ele>403.7</ele>
      </trkpt>
      <trkpt lat="24.36067" lon="120.8476">
        <ele>404.0</ele>
      </trkpt>
      <trkpt lat="24.36067" lon="120.84749">
        <ele>404.7</ele>
      </trkpt>
      <trkpt lat="24.36067" lon="120.84744">
        <ele>405.5</ele>
      </trkpt>
      <trkpt lat="24.36065" lon="120.84729">
        <ele>408.4</ele>
      </trkpt>
      <trkpt lat="24.36062" lon="120.84705">
        <ele>412.9</ele>
      </trkpt>
      <trkpt lat="24.36062" lon="120.84703">
        <ele>413.2</ele>
      </trkpt>
      <trkpt lat="24.36062" lon="120.84698">
        <ele>414.0</ele>
      </trkpt>
      <trkpt lat="24.36063" lon="120.84693">
        <ele>414.5</ele>
      </trkpt>
      <trkpt lat="24.36064" lon="120.84688">
        <ele>415.2</ele>
      </trkpt>
      <trkpt lat="24.36065" lon="120.84685">
        <ele>415.5</ele>
      </trkpt>
      <trkpt lat="24.36065" lon="120.84683">
        <ele>415.8</ele>
      </trkpt>
      <trkpt lat="24.36067" lon="120.8468">
        <ele>416.0</ele>
      </trkpt>
      <trkpt lat="24.3607" lon="120.84677">
        <ele>416.0</ele>
      </trkpt>
      <trkpt lat="24.36094" lon="120.84656">
        <ele>413.6</ele>
      </trkpt>
      <trkpt lat="24.36102" lon="120.84653">
        <ele>412.1</ele>
      </trkpt>
      <trkpt lat="24.36122" lon="120.84649">
        <ele>408.2</ele>
      </trkpt>
      <trkpt lat="24.36125" lon="120.84649">
        <ele>407.7</ele>
      </trkpt>
      <trkpt lat="24.36135" lon="120.84647">
        <ele>405.9</ele>
      </trkpt>
      <trkpt lat="24.36152" lon="120.84644">
        <ele>403.0</ele>
      </trkpt>
      <trkpt lat="24.3616" lon="120.84644">
        <ele>401.5</ele>
      </trkpt>
      <trkpt lat="24.36166" lon="120.84644">
        <ele>400.4</ele>
      </trkpt>
      <trkpt lat="24.36172" lon="120.84644">
        <ele>399.3</ele>
      </trkpt>
      <trkpt lat="24.3618" lon="120.84645">
        <ele>397.8</ele>
      </trkpt>
      <trkpt lat="24.36183" lon="120.84645">
        <ele>397.2</ele>
      </trkpt>
      <trkpt lat="24.36186" lon="120.84644">
        <ele>396.9</ele>
      </trkpt>
      <trkpt lat="24.36188" lon="120.84642">
        <ele>397.0</ele>
      </trkpt>
      <trkpt lat="24.3619" lon="120.84641">
        <ele>396.9</ele>
      </trkpt>
      <trkpt lat="24.36192" lon="120.84638">
        <ele>397.3</ele>
      </trkpt>
      <trkpt lat="24.36194" lon="120.84636">
        <ele>397.4</ele>
      </trkpt>
      <trkpt lat="24.36197" lon="120.84632">
        <ele>398.0</ele>
      </trkpt>
      <trkpt lat="24.36202" lon="120.84623">
        <ele>399.7</ele>
      </trkpt>
      <trkpt lat="24.36206" lon="120.84618">
        <ele>400.7</ele>
      </trkpt>
      <trkpt lat="24.36211" lon="120.84612">
        <ele>402.1</ele>
      </trkpt>
      <trkpt lat="24.36215" lon="120.84608">
        <ele>403.1</ele>
      </trkpt>
      <trkpt lat="24.36218" lon="120.84605">
        <ele>403.9</ele>
      </trkpt>
      <trkpt lat="24.3622" lon="120.84602">
        <ele>404.8</ele>
      </trkpt>
      <trkpt lat="24.36224" lon="120.84596">
        <ele>406.7</ele>
      </trkpt>
      <trkpt lat="24.36224" lon="120.84594">
        <ele>407.4</ele>
      </trkpt>
      <trkpt lat="24.36225" lon="120.84593">
        <ele>407.8</ele>
      </trkpt>
      <trkpt lat="24.36225" lon="120.84592">
        <ele>408.1</ele>
      </trkpt>
      <trkpt lat="24.36224" lon="120.8459">
        <ele>408.8</ele>
      </trkpt>
      <trkpt lat="24.36224" lon="120.84588">
        <ele>409.5</ele>
      </trkpt>
      <trkpt lat="24.36223" lon="120.84587">
        <ele>409.8</ele>
      </trkpt>
      <trkpt lat="24.36221" lon="120.84584">
        <ele>410.7</ele>
      </trkpt>
      <trkpt lat="24.36219" lon="120.84581">
        <ele>411.2</ele>
      </trkpt>
      <trkpt lat="24.36217" lon="120.84579">
        <ele>411.4</ele>
      </trkpt>
      <trkpt lat="24.36216" lon="120.84578">
        <ele>411.4</ele>
      </trkpt>
      <trkpt lat="24.36214" lon="120.84574">
        <ele>411.8</ele>
      </trkpt>
      <trkpt lat="24.36213" lon="120.84568">
        <ele>412.5</ele>
      </trkpt>
      <trkpt lat="24.36211" lon="120.84561">
        <ele>413.1</ele>
      </trkpt>
      <trkpt lat="24.36211" lon="120.84555">
        <ele>413.8</ele>
      </trkpt>
      <trkpt lat="24.36212" lon="120.84542">
        <ele>415.4</ele>
      </trkpt>
      <trkpt lat="24.36213" lon="120.84521">
        <ele>418.1</ele>
      </trkpt>
      <trkpt lat="24.36213" lon="120.84467">
        <ele>417.4</ele>
      </trkpt>
      <trkpt lat="24.36214" lon="120.84462">
        <ele>417.1</ele>
      </trkpt>
      <trkpt lat="24.36214" lon="120.84461">
        <ele>417.0</ele>
      </trkpt>
      <trkpt lat="24.36214" lon="120.84456">
        <ele>416.5</ele>
      </trkpt>
      <trkpt lat="24.36216" lon="120.8445">
        <ele>416.3</ele>
      </trkpt>
      <trkpt lat="24.36216" lon="120.84449">
        <ele>416.2</ele>
      </trkpt>
      <trkpt lat="24.36217" lon="120.84447">
        <ele>416.1</ele>
      </trkpt>
      <trkpt lat="24.36218" lon="120.84445">
        <ele>416.1</ele>
      </trkpt>
      <trkpt lat="24.3622" lon="120.84444">
        <ele>416.3</ele>
      </trkpt>
      <trkpt lat="24.36221" lon="120.84442">
        <ele>416.2</ele>
      </trkpt>
      <trkpt lat="24.36223" lon="120.84441">
        <ele>416.4</ele>
      </trkpt>
      <trkpt lat="24.36225" lon="120.8444">
        <ele>416.6</ele>
      </trkpt>
      <trkpt lat="24.36227" lon="120.84439">
        <ele>416.8</ele>
      </trkpt>
      <trkpt lat="24.3623" lon="120.84438">
        <ele>417.1</ele>
      </trkpt>
      <trkpt lat="24.36236" lon="120.84437">
        <ele>417.9</ele>
      </trkpt>
      <trkpt lat="24.36237" lon="120.84437">
        <ele>418.0</ele>
      </trkpt>
      <trkpt lat="24.36241" lon="120.84437">
        <ele>418.6</ele>
      </trkpt>
      <trkpt lat="24.36254" lon="120.8444">
        <ele>420.8</ele>
      </trkpt>
      <trkpt lat="24.36258" lon="120.8444">
        <ele>421.2</ele>
      </trkpt>
      <trkpt lat="24.36261" lon="120.84441">
        <ele>421.7</ele>
      </trkpt>
      <trkpt lat="24.36264" lon="120.84441">
        <ele>422.0</ele>
      </trkpt>
      <trkpt lat="24.36268" lon="120.8444">
        <ele>422.3</ele>
      </trkpt>
      <trkpt lat="24.36271" lon="120.84438">
        <ele>422.4</ele>
      </trkpt>
      <trkpt lat="24.36274" lon="120.84435">
        <ele>422.5</ele>
      </trkpt>
      <trkpt lat="24.36277" lon="120.84432">
        <ele>422.6</ele>
      </trkpt>
      <trkpt lat="24.36278" lon="120.84429">
        <ele>422.5</ele>
      </trkpt>
      <trkpt lat="24.3628" lon="120.84426">
        <ele>422.5</ele>
      </trkpt>
      <trkpt lat="24.36281" lon="120.84424">
        <ele>422.4</ele>
      </trkpt>
      <trkpt lat="24.36281" lon="120.84421">
        <ele>422.2</ele>
      </trkpt>
      <trkpt lat="24.36281" lon="120.84418">
        <ele>421.9</ele>
      </trkpt>
      <trkpt lat="24.36281" lon="120.84415">
        <ele>421.9</ele>
      </trkpt>
      <trkpt lat="24.36281" lon="120.84412">
        <ele>422.1</ele>
      </trkpt>
      <trkpt lat="24.3628" lon="120.84408">
        <ele>422.2</ele>
      </trkpt>
      <trkpt lat="24.3628" lon="120.84406">
        <ele>422.3</ele>
      </trkpt>
      <trkpt lat="24.36279" lon="120.84403">
        <ele>422.3</ele>
      </trkpt>
      <trkpt lat="24.36278" lon="120.84398">
        <ele>422.5</ele>
      </trkpt>
      <trkpt lat="24.36276" lon="120.84394">
        <ele>422.5</ele>
      </trkpt>
      <trkpt lat="24.36276" lon="120.84387">
        <ele>423.0</ele>
      </trkpt>
      <trkpt lat="24.36276" lon="120.84383">
        <ele>423.2</ele>
      </trkpt>
      <trkpt lat="24.36276" lon="120.84381">
        <ele>423.4</ele>
      </trkpt>
      <trkpt lat="24.36277" lon="120.84374">
        <ele>423.9</ele>
      </trkpt>
      <trkpt lat="24.36279" lon="120.84369">
        <ele>424.2</ele>
      </trkpt>
      <trkpt lat="24.3628" lon="120.84364">
        <ele>424.5</ele>
      </trkpt>
      <trkpt lat="24.36282" lon="120.84358">
        <ele>424.9</ele>
      </trkpt>
      <trkpt lat="24.36285" lon="120.84352">
        <ele>425.1</ele>
      </trkpt>
      <trkpt lat="24.36285" lon="120.84352">
        <ele>425.1</ele>
      </trkpt>
      <trkpt lat="24.3627" lon="120.84343">
        <ele>426.0</ele>
      </trkpt>
      <trkpt lat="24.36268" lon="120.84343">
        <ele>426.1</ele>
      </trkpt>
      <trkpt lat="24.36253" lon="120.84333">
        <ele>427.8</ele>
      </trkpt>
      <trkpt lat="24.36238" lon="120.84324">
        <ele>428.4</ele>
      </trkpt>
      <trkpt lat="24.36237" lon="120.84323">
        <ele>428.5</ele>
      </trkpt>
      <trkpt lat="24.36225" lon="120.84315">
        <ele>429.4</ele>
      </trkpt>
      <trkpt lat="24.36222" lon="120.84312">
        <ele>429.7</ele>
      </trkpt>
      <trkpt lat="24.36222" lon="120.84312">
        <ele>429.7</ele>
      </trkpt>
      <trkpt lat="24.3622" lon="120.8431">
        <ele>430.0</ele>
      </trkpt>
      <trkpt lat="24.36215" lon="120.84308">
        <ele>430.4</ele>
      </trkpt>
      <trkpt lat="24.3621" lon="120.84307">
        <ele>430.8</ele>
      </trkpt>
      <trkpt lat="24.36203" lon="120.84306">
        <ele>431.2</ele>
      </trkpt>
      <trkpt lat="24.36196" lon="120.84306">
        <ele>431.6</ele>
      </trkpt>
      <trkpt lat="24.3619" lon="120.84305">
        <ele>432.1</ele>
      </trkpt>
      <trkpt lat="24.36188" lon="120.84304">
        <ele>432.4</ele>
      </trkpt>
      <trkpt lat="24.36187" lon="120.84304">
        <ele>432.4</ele>
      </trkpt>
      <trkpt lat="24.36185" lon="120.84302">
        <ele>432.9</ele>
      </trkpt>
      <trkpt lat="24.36181" lon="120.84298">
        <ele>433.8</ele>
      </trkpt>
      <trkpt lat="24.36175" lon="120.84292">
        <ele>435.2</ele>
      </trkpt>
      <trkpt lat="24.36174" lon="120.84291">
        <ele>435.5</ele>
      </trkpt>
      <trkpt lat="24.36171" lon="120.84286">
        <ele>436.7</ele>
      </trkpt>
      <trkpt lat="24.36166" lon="120.84282">
        <ele>437.8</ele>
      </trkpt>
      <trkpt lat="24.36162" lon="120.84276">
        <ele>438.3</ele>
      </trkpt>
      <trkpt lat="24.36158" lon="120.84272">
        <ele>438.4</ele>
      </trkpt>
      <trkpt lat="24.36155" lon="120.8427">
        <ele>438.3</ele>
      </trkpt>
      <trkpt lat="24.3615" lon="120.84267">
        <ele>438.0</ele>
      </trkpt>
      <trkpt lat="24.36147" lon="120.84266">
        <ele>437.7</ele>
      </trkpt>
      <trkpt lat="24.36103" lon="120.84262">
        <ele>431.2</ele>
      </trkpt>
      <trkpt lat="24.36092" lon="120.8426">
        <ele>429.8</ele>
      </trkpt>
      <trkpt lat="24.36074" lon="120.84257">
        <ele>428.2</ele>
      </trkpt>
      <trkpt lat="24.36057" lon="120.84252">
        <ele>428.0</ele>
      </trkpt>
      <trkpt lat="24.3604" lon="120.84247">
        <ele>427.2</ele>
      </trkpt>
      <trkpt lat="24.36032" lon="120.84244">
        <ele>426.6</ele>
      </trkpt>
      <trkpt lat="24.36017" lon="120.84238">
        <ele>425.7</ele>
      </trkpt>
      <trkpt lat="24.36007" lon="120.84232">
        <ele>425.2</ele>
      </trkpt>
      <trkpt lat="24.35997" lon="120.84221">
        <ele>424.5</ele>
      </trkpt>
      <trkpt lat="24.35994" lon="120.84217">
        <ele>424.1</ele>
      </trkpt>
      <trkpt lat="24.35978" lon="120.84188">
        <ele>422.8</ele>
      </trkpt>
      <trkpt lat="24.35976" lon="120.84185">
        <ele>422.7</ele>
      </trkpt>
      <trkpt lat="24.35974" lon="120.84182">
        <ele>422.7</ele>
      </trkpt>
      <trkpt lat="24.35971" lon="120.84179">
        <ele>422.6</ele>
      </trkpt>
      <trkpt lat="24.35965" lon="120.84173">
        <ele>422.5</ele>
      </trkpt>
      <trkpt lat="24.35961" lon="120.8417">
        <ele>422.4</ele>
      </trkpt>
      <trkpt lat="24.35957" lon="120.84168">
        <ele>422.3</ele>
      </trkpt>
      <trkpt lat="24.35953" lon="120.84164">
        <ele>421.8</ele>
      </trkpt>
      <trkpt lat="24.35948" lon="120.8416">
        <ele>421.1</ele>
      </trkpt>
      <trkpt lat="24.35944" lon="120.84156">
        <ele>420.5</ele>
      </trkpt>
      <trkpt lat="24.35944" lon="120.84155">
        <ele>420.3</ele>
      </trkpt>
      <trkpt lat="24.35942" lon="120.84151">
        <ele>419.8</ele>
      </trkpt>
      <trkpt lat="24.35938" lon="120.84145">
        <ele>419.1</ele>
      </trkpt>
      <trkpt lat="24.35935" lon="120.8414">
        <ele>418.6</ele>
      </trkpt>
      <trkpt lat="24.35931" lon="120.84137">
        <ele>418.3</ele>
      </trkpt>
      <trkpt lat="24.35928" lon="120.84134">
        <ele>418.0</ele>
      </trkpt>
      <trkpt lat="24.35902" lon="120.84122">
        <ele>417.4</ele>
      </trkpt>
      <trkpt lat="24.35801" lon="120.84089">
        <ele>416.6</ele>
      </trkpt>
      <trkpt lat="24.35778" lon="120.84082">
        <ele>416.8</ele>
      </trkpt>
      <trkpt lat="24.35765" lon="120.84077">
        <ele>416.1</ele>
      </trkpt>
      <trkpt lat="24.35748" lon="120.8407">
        <ele>415.3</ele>
      </trkpt>
      <trkpt lat="24.35731" lon="120.84064">
        <ele>414.7</ele>
      </trkpt>
      <trkpt lat="24.35713" lon="120.84058">
        <ele>414.1</ele>
      </trkpt>
      <trkpt lat="24.35696" lon="120.84051">
        <ele>413.4</ele>
      </trkpt>
      <trkpt lat="24.35676" lon="120.84045">
        <ele>412.8</ele>
      </trkpt>
      <trkpt lat="24.35668" lon="120.84043">
        <ele>412.7</ele>
      </trkpt>
      <trkpt lat="24.35658" lon="120.84042">
        <ele>411.5</ele>
      </trkpt>
      <trkpt lat="24.35644" lon="120.84041">
        <ele>409.7</ele>
      </trkpt>
      <trkpt lat="24.35591" lon="120.84036">
        <ele>403.9</ele>
      </trkpt>
      <trkpt lat="24.3559" lon="120.84036">
        <ele>403.8</ele>
      </trkpt>
      <trkpt lat="24.35575" lon="120.84034">
        <ele>401.1</ele>
      </trkpt>
      <trkpt lat="24.35575" lon="120.84034">
        <ele>401.1</ele>
      </trkpt>
      <trkpt lat="24.35573" lon="120.84033">
        <ele>400.7</ele>
      </trkpt>
      <trkpt lat="24.35572" lon="120.84033">
        <ele>400.4</ele>
      </trkpt>
      <trkpt lat="24.3556" lon="120.84025">
        <ele>399.4</ele>
      </trkpt>
      <trkpt lat="24.35557" lon="120.84022">
        <ele>399.7</ele>
      </trkpt>
      <trkpt lat="24.35553" lon="120.84017">
        <ele>400.5</ele>
      </trkpt>
      <trkpt lat="24.3555" lon="120.84014">
        <ele>401.1</ele>
      </trkpt>
      <trkpt lat="24.35548" lon="120.84009">
        <ele>402.6</ele>
      </trkpt>
      <trkpt lat="24.35547" lon="120.84006">
        <ele>403.5</ele>
      </trkpt>
      <trkpt lat="24.35545" lon="120.84003">
        <ele>404.5</ele>
      </trkpt>
      <trkpt lat="24.35543" lon="120.83999">
        <ele>405.5</ele>
      </trkpt>
      <trkpt lat="24.35542" lon="120.83994">
        <ele>405.2</ele>
      </trkpt>
      <trkpt lat="24.35539" lon="120.83986">
        <ele>404.8</ele>
      </trkpt>
      <trkpt lat="24.35536" lon="120.83981">
        <ele>404.6</ele>
      </trkpt>
      <trkpt lat="24.35535" lon="120.83978">
        <ele>404.5</ele>
      </trkpt>
      <trkpt lat="24.35532" lon="120.83974">
        <ele>404.4</ele>
      </trkpt>
      <trkpt lat="24.35529" lon="120.83973">
        <ele>404.5</ele>
      </trkpt>
      <trkpt lat="24.35527" lon="120.83972">
        <ele>404.6</ele>
      </trkpt>
      <trkpt lat="24.35524" lon="120.83971">
        <ele>404.7</ele>
      </trkpt>
      <trkpt lat="24.35519" lon="120.83971">
        <ele>404.9</ele>
      </trkpt>
      <trkpt lat="24.35512" lon="120.83969">
        <ele>405.3</ele>
      </trkpt>
      <trkpt lat="24.35508" lon="120.83968">
        <ele>405.5</ele>
      </trkpt>
      <trkpt lat="24.35502" lon="120.83966">
        <ele>405.9</ele>
      </trkpt>
      <trkpt lat="24.35497" lon="120.83965">
        <ele>405.8</ele>
      </trkpt>
      <trkpt lat="24.35492" lon="120.83963">
        <ele>405.6</ele>
      </trkpt>
      <trkpt lat="24.35488" lon="120.8396">
        <ele>405.6</ele>
      </trkpt>
      <trkpt lat="24.35484" lon="120.83955">
        <ele>405.9</ele>
      </trkpt>
      <trkpt lat="24.35482" lon="120.8395">
        <ele>406.5</ele>
      </trkpt>
      <trkpt lat="24.35479" lon="120.83946">
        <ele>406.9</ele>
      </trkpt>
      <trkpt lat="24.35476" lon="120.8394">
        <ele>407.8</ele>
      </trkpt>
      <trkpt lat="24.35474" lon="120.8393">
        <ele>409.4</ele>
      </trkpt>
      <trkpt lat="24.35472" lon="120.83919">
        <ele>411.3</ele>
      </trkpt>
      <trkpt lat="24.35471" lon="120.83913">
        <ele>411.8</ele>
      </trkpt>
      <trkpt lat="24.3547" lon="120.83901">
        <ele>412.1</ele>
      </trkpt>
      <trkpt lat="24.3547" lon="120.83893">
        <ele>412.2</ele>
      </trkpt>
      <trkpt lat="24.3547" lon="120.83879">
        <ele>412.3</ele>
      </trkpt>
      <trkpt lat="24.35471" lon="120.83874">
        <ele>412.3</ele>
      </trkpt>
      <trkpt lat="24.35472" lon="120.83871">
        <ele>412.2</ele>
      </trkpt>
      <trkpt lat="24.35474" lon="120.83866">
        <ele>412.1</ele>
      </trkpt>
      <trkpt lat="24.35477" lon="120.83862">
        <ele>411.9</ele>
      </trkpt>
      <trkpt lat="24.3548" lon="120.8386">
        <ele>411.6</ele>
      </trkpt>
      <trkpt lat="24.3549" lon="120.83853">
        <ele>410.7</ele>
      </trkpt>
      <trkpt lat="24.35498" lon="120.83849">
        <ele>410.0</ele>
      </trkpt>
      <trkpt lat="24.35499" lon="120.83849">
        <ele>409.9</ele>
      </trkpt>
      <trkpt lat="24.35504" lon="120.83845">
        <ele>408.6</ele>
      </trkpt>
      <trkpt lat="24.35507" lon="120.83842">
        <ele>407.6</ele>
      </trkpt>
      <trkpt lat="24.35509" lon="120.83839">
        <ele>407.0</ele>
      </trkpt>
      <trkpt lat="24.3551" lon="120.83836">
        <ele>406.6</ele>
      </trkpt>
      <trkpt lat="24.3551" lon="120.83834">
        <ele>406.6</ele>
      </trkpt>
      <trkpt lat="24.3551" lon="120.83828">
        <ele>406.2</ele>
      </trkpt>
      <trkpt lat="24.35508" lon="120.83822">
        <ele>406.4</ele>
      </trkpt>
      <trkpt lat="24.35506" lon="120.83817">
        <ele>406.7</ele>
      </trkpt>
      <trkpt lat="24.35506" lon="120.83814">
        <ele>406.5</ele>
      </trkpt>
      <trkpt lat="24.35503" lon="120.83808">
        <ele>407.1</ele>
      </trkpt>
      <trkpt lat="24.35499" lon="120.83805">
        <ele>408.0</ele>
      </trkpt>
      <trkpt lat="24.35496" lon="120.83805">
        <ele>408.2</ele>
      </trkpt>
      <trkpt lat="24.35493" lon="120.83804">
        <ele>408.2</ele>
      </trkpt>
      <trkpt lat="24.35459" lon="120.83797">
        <ele>409.0</ele>
      </trkpt>
      <trkpt lat="24.35419" lon="120.83789">
        <ele>408.9</ele>
      </trkpt>
      <trkpt lat="24.35356" lon="120.83781">
        <ele>405.8</ele>
      </trkpt>
      <trkpt lat="24.35338" lon="120.83779">
        <ele>405.0</ele>
      </trkpt>
      <trkpt lat="24.35318" lon="120.83775">
        <ele>404.5</ele>
      </trkpt>
      <trkpt lat="24.35258" lon="120.83764">
        <ele>404.0</ele>
      </trkpt>
      <trkpt lat="24.35248" lon="120.83761">
        <ele>403.8</ele>
      </trkpt>
      <trkpt lat="24.3523" lon="120.83757">
        <ele>403.9</ele>
      </trkpt>
      <trkpt lat="24.35228" lon="120.83756">
        <ele>403.9</ele>
      </trkpt>
      <trkpt lat="24.35221" lon="120.83753">
        <ele>404.0</ele>
      </trkpt>
      <trkpt lat="24.35216" lon="120.83752">
        <ele>404.2</ele>
      </trkpt>
      <trkpt lat="24.3521" lon="120.83749">
        <ele>404.3</ele>
      </trkpt>
      <trkpt lat="24.35206" lon="120.83746">
        <ele>404.1</ele>
      </trkpt>
      <trkpt lat="24.35201" lon="120.83743">
        <ele>404.1</ele>
      </trkpt>
      <trkpt lat="24.35196" lon="120.83738">
        <ele>403.9</ele>
      </trkpt>
      <trkpt lat="24.35191" lon="120.83734">
        <ele>403.8</ele>
      </trkpt>
      <trkpt lat="24.35186" lon="120.8373">
        <ele>403.8</ele>
      </trkpt>
      <trkpt lat="24.35178" lon="120.83723">
        <ele>403.7</ele>
      </trkpt>
      <trkpt lat="24.35175" lon="120.83718">
        <ele>403.5</ele>
      </trkpt>
      <trkpt lat="24.35172" lon="120.83713">
        <ele>403.4</ele>
      </trkpt>
      <trkpt lat="24.3517" lon="120.83708">
        <ele>403.1</ele>
      </trkpt>
      <trkpt lat="24.35168" lon="120.83702">
        <ele>402.8</ele>
      </trkpt>
      <trkpt lat="24.35167" lon="120.83695">
        <ele>402.3</ele>
      </trkpt>
      <trkpt lat="24.35168" lon="120.8369">
        <ele>401.8</ele>
      </trkpt>
      <trkpt lat="24.35169" lon="120.83681">
        <ele>400.9</ele>
      </trkpt>
      <trkpt lat="24.3517" lon="120.83676">
        <ele>400.3</ele>
      </trkpt>
      <trkpt lat="24.3517" lon="120.83669">
        <ele>399.7</ele>
      </trkpt>
      <trkpt lat="24.35171" lon="120.83661">
        <ele>398.4</ele>
      </trkpt>
      <trkpt lat="24.35171" lon="120.83659">
        <ele>398.0</ele>
      </trkpt>
      <trkpt lat="24.35171" lon="120.83656">
        <ele>397.5</ele>
      </trkpt>
      <trkpt lat="24.3517" lon="120.83653">
        <ele>397.1</ele>
      </trkpt>
      <trkpt lat="24.3517" lon="120.83652">
        <ele>396.9</ele>
      </trkpt>
      <trkpt lat="24.35169" lon="120.8365">
        <ele>396.7</ele>
      </trkpt>
      <trkpt lat="24.35168" lon="120.83649">
        <ele>396.6</ele>
      </trkpt>
      <trkpt lat="24.35167" lon="120.83648">
        <ele>396.6</ele>
      </trkpt>
      <trkpt lat="24.35165" lon="120.83647">
        <ele>396.5</ele>
      </trkpt>
      <trkpt lat="24.35113" lon="120.83628">
        <ele>393.7</ele>
      </trkpt>
      <trkpt lat="24.35109" lon="120.83626">
        <ele>393.4</ele>
      </trkpt>
      <trkpt lat="24.35095" lon="120.83622">
        <ele>392.8</ele>
      </trkpt>
      <trkpt lat="24.35061" lon="120.83612">
        <ele>389.5</ele>
      </trkpt>
      <trkpt lat="24.35044" lon="120.83608">
        <ele>387.7</ele>
      </trkpt>
      <trkpt lat="24.35001" lon="120.83592">
        <ele>383.0</ele>
      </trkpt>
      <trkpt lat="24.34999" lon="120.83591">
        <ele>382.7</ele>
      </trkpt>
      <trkpt lat="24.34997" lon="120.83591">
        <ele>382.4</ele>
      </trkpt>
      <trkpt lat="24.34994" lon="120.83591">
        <ele>382.0</ele>
      </trkpt>
      <trkpt lat="24.34992" lon="120.83592">
        <ele>381.8</ele>
      </trkpt>
      <trkpt lat="24.3499" lon="120.83592">
        <ele>381.5</ele>
      </trkpt>
      <trkpt lat="24.34989" lon="120.83592">
        <ele>381.4</ele>
      </trkpt>
      <trkpt lat="24.34974" lon="120.83596">
        <ele>379.3</ele>
      </trkpt>
      <trkpt lat="24.34972" lon="120.83596">
        <ele>379.0</ele>
      </trkpt>
      <trkpt lat="24.34971" lon="120.83595">
        <ele>378.9</ele>
      </trkpt>
      <trkpt lat="24.34969" lon="120.83594">
        <ele>378.6</ele>
      </trkpt>
      <trkpt lat="24.34967" lon="120.83593">
        <ele>378.3</ele>
      </trkpt>
      <trkpt lat="24.34965" lon="120.83592">
        <ele>378.0</ele>
      </trkpt>
      <trkpt lat="24.34962" lon="120.8359">
        <ele>377.7</ele>
      </trkpt>
      <trkpt lat="24.34957" lon="120.83585">
        <ele>377.3</ele>
      </trkpt>
      <trkpt lat="24.34956" lon="120.83584">
        <ele>377.2</ele>
      </trkpt>
      <trkpt lat="24.34956" lon="120.83583">
        <ele>377.3</ele>
      </trkpt>
      <trkpt lat="24.34955" lon="120.83582">
        <ele>377.2</ele>
      </trkpt>
      <trkpt lat="24.34955" lon="120.83581">
        <ele>377.3</ele>
      </trkpt>
      <trkpt lat="24.34954" lon="120.8358">
        <ele>377.2</ele>
      </trkpt>
      <trkpt lat="24.34954" lon="120.83579">
        <ele>377.3</ele>
      </trkpt>
      <trkpt lat="24.34954" lon="120.83578">
        <ele>377.3</ele>
      </trkpt>
      <trkpt lat="24.34953" lon="120.83572">
        <ele>377.6</ele>
      </trkpt>
      <trkpt lat="24.34953" lon="120.83568">
        <ele>377.9</ele>
      </trkpt>
      <trkpt lat="24.34951" lon="120.83554">
        <ele>378.7</ele>
      </trkpt>
      <trkpt lat="24.34951" lon="120.83553">
        <ele>378.7</ele>
      </trkpt>
      <trkpt lat="24.34949" lon="120.8354">
        <ele>379.6</ele>
      </trkpt>
      <trkpt lat="24.34948" lon="120.83534">
        <ele>380.1</ele>
      </trkpt>
      <trkpt lat="24.34948" lon="120.8353">
        <ele>380.4</ele>
      </trkpt>
      <trkpt lat="24.34947" lon="120.83521">
        <ele>381.1</ele>
      </trkpt>
      <trkpt lat="24.34947" lon="120.83512">
        <ele>381.8</ele>
      </trkpt>
      <trkpt lat="24.34948" lon="120.83502">
        <ele>382.5</ele>
      </trkpt>
      <trkpt lat="24.34948" lon="120.83491">
        <ele>382.7</ele>
      </trkpt>
      <trkpt lat="24.34949" lon="120.83479">
        <ele>382.7</ele>
      </trkpt>
      <trkpt lat="24.34951" lon="120.83465">
        <ele>382.7</ele>
      </trkpt>
      <trkpt lat="24.34953" lon="120.83451">
        <ele>382.8</ele>
      </trkpt>
      <trkpt lat="24.34956" lon="120.83436">
        <ele>382.8</ele>
      </trkpt>
      <trkpt lat="24.34959" lon="120.83417">
        <ele>383.0</ele>
      </trkpt>
      <trkpt lat="24.34959" lon="120.83414">
        <ele>382.6</ele>
      </trkpt>
      <trkpt lat="24.34959" lon="120.83408">
        <ele>381.8</ele>
      </trkpt>
      <trkpt lat="24.34958" lon="120.83405">
        <ele>381.5</ele>
      </trkpt>
      <trkpt lat="24.34956" lon="120.83401">
        <ele>381.0</ele>
      </trkpt>
      <trkpt lat="24.34953" lon="120.83398">
        <ele>380.7</ele>
      </trkpt>
      <trkpt lat="24.34951" lon="120.83396">
        <ele>380.4</ele>
      </trkpt>
      <trkpt lat="24.34948" lon="120.83393">
        <ele>380.1</ele>
      </trkpt>
      <trkpt lat="24.34944" lon="120.8339">
        <ele>379.7</ele>
      </trkpt>
      <trkpt lat="24.34906" lon="120.83372">
        <ele>376.7</ele>
      </trkpt>
      <trkpt lat="24.34873" lon="120.83356">
        <ele>374.3</ele>
      </trkpt>
      <trkpt lat="24.34847" lon="120.83341">
        <ele>373.7</ele>
      </trkpt>
      <trkpt lat="24.34842" lon="120.83336">
        <ele>373.7</ele>
      </trkpt>
      <trkpt lat="24.34839" lon="120.83333">
        <ele>373.7</ele>
      </trkpt>
      <trkpt lat="24.34827" lon="120.83318">
        <ele>372.4</ele>
      </trkpt>
      <trkpt lat="24.34823" lon="120.83312">
        <ele>371.7</ele>
      </trkpt>
      <trkpt lat="24.34802" lon="120.83284">
        <ele>369.7</ele>
      </trkpt>
      <trkpt lat="24.34789" lon="120.83259">
        <ele>369.6</ele>
      </trkpt>
      <trkpt lat="24.34773" lon="120.83233">
        <ele>369.9</ele>
      </trkpt>
      <trkpt lat="24.34745" lon="120.8318">
        <ele>370.2</ele>
      </trkpt>
      <trkpt lat="24.34712" lon="120.83119">
        <ele>371.4</ele>
      </trkpt>
      <trkpt lat="24.34711" lon="120.83117">
        <ele>371.5</ele>
      </trkpt>
      <trkpt lat="24.3467" lon="120.83031">
        <ele>374.1</ele>
      </trkpt>
      <trkpt lat="24.34663" lon="120.83017">
        <ele>374.0</ele>
      </trkpt>
      <trkpt lat="24.34662" lon="120.83014">
        <ele>373.9</ele>
      </trkpt>
      <trkpt lat="24.34662" lon="120.83012">
        <ele>373.9</ele>
      </trkpt>
      <trkpt lat="24.34662" lon="120.83008">
        <ele>373.9</ele>
      </trkpt>
      <trkpt lat="24.34663" lon="120.83004">
        <ele>373.9</ele>
      </trkpt>
      <trkpt lat="24.34665" lon="120.82999">
        <ele>373.7</ele>
      </trkpt>
      <trkpt lat="24.34667" lon="120.82995">
        <ele>373.1</ele>
      </trkpt>
      <trkpt lat="24.3467" lon="120.82989">
        <ele>371.8</ele>
      </trkpt>
      <trkpt lat="24.34686" lon="120.8296">
        <ele>365.6</ele>
      </trkpt>
      <trkpt lat="24.34704" lon="120.82925">
        <ele>359.0</ele>
      </trkpt>
      <trkpt lat="24.34713" lon="120.82908">
        <ele>355.9</ele>
      </trkpt>
      <trkpt lat="24.34714" lon="120.82906">
        <ele>355.5</ele>
      </trkpt>
      <trkpt lat="24.34717" lon="120.829">
        <ele>354.4</ele>
      </trkpt>
      <trkpt lat="24.34719" lon="120.82895">
        <ele>353.5</ele>
      </trkpt>
      <trkpt lat="24.3472" lon="120.82891">
        <ele>352.9</ele>
      </trkpt>
      <trkpt lat="24.34721" lon="120.8289">
        <ele>352.7</ele>
      </trkpt>
      <trkpt lat="24.34722" lon="120.82886">
        <ele>352.0</ele>
      </trkpt>
      <trkpt lat="24.34722" lon="120.82879">
        <ele>350.8</ele>
      </trkpt>
      <trkpt lat="24.34722" lon="120.82869">
        <ele>349.2</ele>
      </trkpt>
      <trkpt lat="24.34723" lon="120.82851">
        <ele>346.2</ele>
      </trkpt>
      <trkpt lat="24.34723" lon="120.82832">
        <ele>343.2</ele>
      </trkpt>
      <trkpt lat="24.34724" lon="120.82812">
        <ele>341.2</ele>
      </trkpt>
      <trkpt lat="24.34724" lon="120.82808">
        <ele>340.8</ele>
      </trkpt>
      <trkpt lat="24.34725" lon="120.82802">
        <ele>340.1</ele>
      </trkpt>
      <trkpt lat="24.34726" lon="120.82796">
        <ele>339.5</ele>
      </trkpt>
      <trkpt lat="24.34728" lon="120.8279">
        <ele>338.9</ele>
      </trkpt>
      <trkpt lat="24.34739" lon="120.8276">
        <ele>335.4</ele>
      </trkpt>
      <trkpt lat="24.34735" lon="120.82759">
        <ele>335.5</ele>
      </trkpt>
      <trkpt lat="24.34744" lon="120.82736">
        <ele>333.0</ele>
      </trkpt>
      <trkpt lat="24.34709" lon="120.82725">
        <ele>332.3</ele>
      </trkpt>
      <trkpt lat="24.34706" lon="120.82713">
        <ele>330.8</ele>
      </trkpt>
      <trkpt lat="24.34691" lon="120.82711">
        <ele>330.5</ele>
      </trkpt>
      <trkpt lat="24.34659" lon="120.82705">
        <ele>329.7</ele>
      </trkpt>
      <trkpt lat="24.34639" lon="120.82702">
        <ele>330.0</ele>
      </trkpt>
      <trkpt lat="24.34639" lon="120.82702">
        <ele>330.0</ele>
      </trkpt>
      <trkpt lat="24.34618" lon="120.82698">
        <ele>330.2</ele>
      </trkpt>
      <trkpt lat="24.34585" lon="120.82696">
        <ele>331.2</ele>
      </trkpt>
      <trkpt lat="24.34538" lon="120.82697">
        <ele>336.1</ele>
      </trkpt>
      <trkpt lat="24.34538" lon="120.82697">
        <ele>336.1</ele>
      </trkpt>
      <trkpt lat="24.34475" lon="120.82699">
        <ele>338.9</ele>
      </trkpt>
      <trkpt lat="24.34439" lon="120.82699">
        <ele>337.1</ele>
      </trkpt>
      <trkpt lat="24.344" lon="120.82696">
        <ele>335.7</ele>
      </trkpt>
      <trkpt lat="24.34374" lon="120.82693">
        <ele>334.8</ele>
      </trkpt>
      <trkpt lat="24.34374" lon="120.82696">
        <ele>334.7</ele>
      </trkpt>
      <trkpt lat="24.3436" lon="120.82696">
        <ele>334.2</ele>
      </trkpt>
      <trkpt lat="24.34359" lon="120.82696">
        <ele>334.2</ele>
      </trkpt>
      <trkpt lat="24.34355" lon="120.82696">
        <ele>334.1</ele>
      </trkpt>
      <trkpt lat="24.34337" lon="120.82696">
        <ele>333.5</ele>
      </trkpt>
      <trkpt lat="24.34319" lon="120.82695">
        <ele>332.9</ele>
      </trkpt>
      <trkpt lat="24.34312" lon="120.82695">
        <ele>332.7</ele>
      </trkpt>
      <trkpt lat="24.34301" lon="120.82695">
        <ele>332.4</ele>
      </trkpt>
      <trkpt lat="24.34283" lon="120.82694">
        <ele>331.9</ele>
      </trkpt>
      <trkpt lat="24.34265" lon="120.82693">
        <ele>331.3</ele>
      </trkpt>
      <trkpt lat="24.34254" lon="120.82693">
        <ele>331.0</ele>
      </trkpt>
      <trkpt lat="24.34248" lon="120.82691">
        <ele>330.8</ele>
      </trkpt>
      <trkpt lat="24.3423" lon="120.82687">
        <ele>330.3</ele>
      </trkpt>
      <trkpt lat="24.34223" lon="120.82686">
        <ele>330.1</ele>
      </trkpt>
      <trkpt lat="24.34212" lon="120.82684">
        <ele>329.8</ele>
      </trkpt>
      <trkpt lat="24.34195" lon="120.8268">
        <ele>329.3</ele>
      </trkpt>
      <trkpt lat="24.34177" lon="120.82676">
        <ele>328.7</ele>
      </trkpt>
      <trkpt lat="24.34159" lon="120.82672">
        <ele>328.2</ele>
      </trkpt>
      <trkpt lat="24.34142" lon="120.82667">
        <ele>327.7</ele>
      </trkpt>
      <trkpt lat="24.34111" lon="120.82658">
        <ele>326.8</ele>
      </trkpt>
      <trkpt lat="24.34094" lon="120.82655">
        <ele>330.4</ele>
      </trkpt>
      <trkpt lat="24.34083" lon="120.82651">
        <ele>332.4</ele>
      </trkpt>
      <trkpt lat="24.34075" lon="120.82648">
        <ele>332.1</ele>
      </trkpt>
      <trkpt lat="24.34067" lon="120.82644">
        <ele>331.7</ele>
      </trkpt>
      <trkpt lat="24.34057" lon="120.82638">
        <ele>331.0</ele>
      </trkpt>
      <trkpt lat="24.34035" lon="120.82621">
        <ele>328.8</ele>
      </trkpt>
      <trkpt lat="24.34026" lon="120.82613">
        <ele>327.6</ele>
      </trkpt>
      <trkpt lat="24.3402" lon="120.82607">
        <ele>326.7</ele>
      </trkpt>
      <trkpt lat="24.34015" lon="120.82601">
        <ele>325.8</ele>
      </trkpt>
      <trkpt lat="24.34004" lon="120.82585">
        <ele>323.2</ele>
      </trkpt>
      <trkpt lat="24.34002" lon="120.82581">
        <ele>322.7</ele>
      </trkpt>
      <trkpt lat="24.33999" lon="120.82576">
        <ele>322.3</ele>
      </trkpt>
      <trkpt lat="24.33951" lon="120.82496">
        <ele>323.5</ele>
      </trkpt>
      <trkpt lat="24.33913" lon="120.82435">
        <ele>330.3</ele>
      </trkpt>
      <trkpt lat="24.33911" lon="120.8243">
        <ele>330.7</ele>
      </trkpt>
      <trkpt lat="24.33896" lon="120.82397">
        <ele>336.9</ele>
      </trkpt>
      <trkpt lat="24.33893" lon="120.82387">
        <ele>339.0</ele>
      </trkpt>
      <trkpt lat="24.33892" lon="120.82379">
        <ele>340.2</ele>
      </trkpt>
      <trkpt lat="24.33891" lon="120.8237">
        <ele>341.7</ele>
      </trkpt>
      <trkpt lat="24.33891" lon="120.82364">
        <ele>342.4</ele>
      </trkpt>
      <trkpt lat="24.33892" lon="120.82358">
        <ele>342.9</ele>
      </trkpt>
      <trkpt lat="24.33893" lon="120.82354">
        <ele>343.1</ele>
      </trkpt>
      <trkpt lat="24.33894" lon="120.82351">
        <ele>343.1</ele>
      </trkpt>
      <trkpt lat="24.33898" lon="120.82341">
        <ele>343.1</ele>
      </trkpt>
      <trkpt lat="24.339" lon="120.82337">
        <ele>343.0</ele>
      </trkpt>
      <trkpt lat="24.3391" lon="120.82318">
        <ele>343.6</ele>
      </trkpt>
      <trkpt lat="24.33926" lon="120.82292">
        <ele>345.1</ele>
      </trkpt>
      <trkpt lat="24.33954" lon="120.82253">
        <ele>346.9</ele>
      </trkpt>
      <trkpt lat="24.33986" lon="120.8222">
        <ele>348.3</ele>
      </trkpt>
      <trkpt lat="24.34012" lon="120.82197">
        <ele>346.4</ele>
      </trkpt>
      <trkpt lat="24.3403" lon="120.82179">
        <ele>345.0</ele>
      </trkpt>
      <trkpt lat="24.34043" lon="120.82166">
        <ele>344.0</ele>
      </trkpt>
      <trkpt lat="24.34043" lon="120.82165">
        <ele>344.0</ele>
      </trkpt>
      <trkpt lat="24.34046" lon="120.82163">
        <ele>343.5</ele>
      </trkpt>
      <trkpt lat="24.34048" lon="120.82159">
        <ele>343.9</ele>
      </trkpt>
      <trkpt lat="24.34053" lon="120.8215">
        <ele>344.5</ele>
      </trkpt>
      <trkpt lat="24.34062" lon="120.8213">
        <ele>346.1</ele>
      </trkpt>
      <trkpt lat="24.34065" lon="120.82119">
        <ele>347.5</ele>
      </trkpt>
      <trkpt lat="24.34066" lon="120.82115">
        <ele>348.1</ele>
      </trkpt>
      <trkpt lat="24.34067" lon="120.8211">
        <ele>348.8</ele>
      </trkpt>
      <trkpt lat="24.34068" lon="120.82102">
        <ele>350.3</ele>
      </trkpt>
      <trkpt lat="24.34069" lon="120.82094">
        <ele>351.8</ele>
      </trkpt>
      <trkpt lat="24.34069" lon="120.82087">
        <ele>353.5</ele>
      </trkpt>
      <trkpt lat="24.34069" lon="120.82082">
        <ele>354.2</ele>
      </trkpt>
      <trkpt lat="24.34069" lon="120.82078">
        <ele>353.8</ele>
      </trkpt>
      <trkpt lat="24.34069" lon="120.82074">
        <ele>353.3</ele>
      </trkpt>
      <trkpt lat="24.34069" lon="120.82073">
        <ele>353.2</ele>
      </trkpt>
      <trkpt lat="24.34066" lon="120.82063">
        <ele>353.6</ele>
      </trkpt>
      <trkpt lat="24.34064" lon="120.82055">
        <ele>353.7</ele>
      </trkpt>
      <trkpt lat="24.34059" lon="120.82036">
        <ele>354.2</ele>
      </trkpt>
      <trkpt lat="24.34057" lon="120.8203">
        <ele>354.6</ele>
      </trkpt>
      <trkpt lat="24.34049" lon="120.82001">
        <ele>355.6</ele>
      </trkpt>
      <trkpt lat="24.34048" lon="120.81998">
        <ele>355.6</ele>
      </trkpt>
      <trkpt lat="24.34043" lon="120.8198">
        <ele>353.8</ele>
      </trkpt>
      <trkpt lat="24.34041" lon="120.81974">
        <ele>353.5</ele>
      </trkpt>
      <trkpt lat="24.34027" lon="120.81924">
        <ele>348.9</ele>
      </trkpt>
      <trkpt lat="24.34018" lon="120.81885">
        <ele>348.9</ele>
      </trkpt>
      <trkpt lat="24.34016" lon="120.81874">
        <ele>348.8</ele>
      </trkpt>
      <trkpt lat="24.34015" lon="120.81865">
        <ele>348.4</ele>
      </trkpt>
      <trkpt lat="24.34012" lon="120.81839">
        <ele>347.1</ele>
      </trkpt>
      <trkpt lat="24.3401" lon="120.81806">
        <ele>346.5</ele>
      </trkpt>
      <trkpt lat="24.34011" lon="120.81786">
        <ele>345.2</ele>
      </trkpt>
      <trkpt lat="24.34011" lon="120.81767">
        <ele>344.5</ele>
      </trkpt>
      <trkpt lat="24.34011" lon="120.81761">
        <ele>344.3</ele>
      </trkpt>
      <trkpt lat="24.34013" lon="120.81657">
        <ele>334.5</ele>
      </trkpt>
      <trkpt lat="24.34012" lon="120.81648">
        <ele>334.2</ele>
      </trkpt>
      <trkpt lat="24.34011" lon="120.81627">
        <ele>332.9</ele>
      </trkpt>
      <trkpt lat="24.34004" lon="120.81591">
        <ele>333.5</ele>
      </trkpt>
      <trkpt lat="24.33997" lon="120.81567">
        <ele>334.0</ele>
      </trkpt>
      <trkpt lat="24.33992" lon="120.81553">
        <ele>334.3</ele>
      </trkpt>
      <trkpt lat="24.3399" lon="120.81548">
        <ele>334.5</ele>
      </trkpt>
      <trkpt lat="24.33988" lon="120.81543">
        <ele>334.8</ele>
      </trkpt>
      <trkpt lat="24.33986" lon="120.81537">
        <ele>334.9</ele>
      </trkpt>
      <trkpt lat="24.33981" lon="120.81522">
        <ele>335.3</ele>
      </trkpt>
      <trkpt lat="24.33979" lon="120.81502">
        <ele>333.6</ele>
      </trkpt>
      <trkpt lat="24.33978" lon="120.81487">
        <ele>334.2</ele>
      </trkpt>
      <trkpt lat="24.33977" lon="120.81482">
        <ele>334.8</ele>
      </trkpt>
      <trkpt lat="24.33977" lon="120.81468">
        <ele>335.2</ele>
      </trkpt>
      <trkpt lat="24.33978" lon="120.81456">
        <ele>335.0</ele>
      </trkpt>
      <trkpt lat="24.3398" lon="120.81428">
        <ele>334.7</ele>
      </trkpt>
      <trkpt lat="24.33981" lon="120.81424">
        <ele>334.3</ele>
      </trkpt>
      <trkpt lat="24.33982" lon="120.81409">
        <ele>334.5</ele>
      </trkpt>
      <trkpt lat="24.33984" lon="120.81389">
        <ele>334.9</ele>
      </trkpt>
      <trkpt lat="24.33985" lon="120.81385">
        <ele>334.6</ele>
      </trkpt>
      <trkpt lat="24.33987" lon="120.81352">
        <ele>335.8</ele>
      </trkpt>
      <trkpt lat="24.33987" lon="120.81336">
        <ele>336.9</ele>
      </trkpt>
      <trkpt lat="24.33985" lon="120.81324">
        <ele>338.5</ele>
      </trkpt>
      <trkpt lat="24.33981" lon="120.81309">
        <ele>341.3</ele>
      </trkpt>
      <trkpt lat="24.33974" lon="120.81287">
        <ele>346.1</ele>
      </trkpt>
      <trkpt lat="24.33971" lon="120.81268">
        <ele>348.4</ele>
      </trkpt>
      <trkpt lat="24.33971" lon="120.81257">
        <ele>348.6</ele>
      </trkpt>
      <trkpt lat="24.33972" lon="120.81235">
        <ele>348.7</ele>
      </trkpt>
      <trkpt lat="24.33974" lon="120.81214">
        <ele>348.5</ele>
      </trkpt>
      <trkpt lat="24.33976" lon="120.81198">
        <ele>348.3</ele>
      </trkpt>
      <trkpt lat="24.33976" lon="120.81195">
        <ele>348.4</ele>
      </trkpt>
      <trkpt lat="24.33978" lon="120.81175">
        <ele>348.7</ele>
      </trkpt>
      <trkpt lat="24.3398" lon="120.81159">
        <ele>347.3</ele>
      </trkpt>
      <trkpt lat="24.3398" lon="120.81155">
        <ele>346.7</ele>
      </trkpt>
      <trkpt lat="24.3398" lon="120.8114">
        <ele>344.5</ele>
      </trkpt>
      <trkpt lat="24.33979" lon="120.81136">
        <ele>344.3</ele>
      </trkpt>
      <trkpt lat="24.33978" lon="120.81131">
        <ele>343.9</ele>
      </trkpt>
      <trkpt lat="24.33974" lon="120.81123">
        <ele>344.0</ele>
      </trkpt>
      <trkpt lat="24.33972" lon="120.81119">
        <ele>344.0</ele>
      </trkpt>
      <trkpt lat="24.33941" lon="120.81087">
        <ele>347.3</ele>
      </trkpt>
      <trkpt lat="24.33932" lon="120.81078">
        <ele>346.7</ele>
      </trkpt>
      <trkpt lat="24.3392" lon="120.81066">
        <ele>345.3</ele>
      </trkpt>
      <trkpt lat="24.33898" lon="120.81045">
        <ele>346.3</ele>
      </trkpt>
      <trkpt lat="24.33885" lon="120.81035">
        <ele>348.2</ele>
      </trkpt>
      <trkpt lat="24.33868" lon="120.81024">
        <ele>351.7</ele>
      </trkpt>
      <trkpt lat="24.33852" lon="120.81015">
        <ele>355.7</ele>
      </trkpt>
      <trkpt lat="24.33836" lon="120.81009">
        <ele>360.8</ele>
      </trkpt>
      <trkpt lat="24.33823" lon="120.81005">
        <ele>362.7</ele>
      </trkpt>
      <trkpt lat="24.33809" lon="120.81002">
        <ele>364.4</ele>
      </trkpt>
      <trkpt lat="24.33791" lon="120.80998">
        <ele>366.8</ele>
      </trkpt>
      <trkpt lat="24.33773" lon="120.80994">
        <ele>369.7</ele>
      </trkpt>
      <trkpt lat="24.33769" lon="120.80993">
        <ele>370.3</ele>
      </trkpt>
      <trkpt lat="24.33756" lon="120.8099">
        <ele>372.4</ele>
      </trkpt>
      <trkpt lat="24.33733" lon="120.80985">
        <ele>375.7</ele>
      </trkpt>
      <trkpt lat="24.33722" lon="120.80982">
        <ele>377.0</ele>
      </trkpt>
      <trkpt lat="24.33721" lon="120.80981">
        <ele>377.0</ele>
      </trkpt>
      <trkpt lat="24.33711" lon="120.80978">
        <ele>378.1</ele>
      </trkpt>
      <trkpt lat="24.33701" lon="120.80973">
        <ele>378.8</ele>
      </trkpt>
      <trkpt lat="24.33695" lon="120.8097">
        <ele>379.2</ele>
      </trkpt>
      <trkpt lat="24.33688" lon="120.80968">
        <ele>379.8</ele>
      </trkpt>
      <trkpt lat="24.33681" lon="120.80968">
        <ele>380.9</ele>
      </trkpt>
      <trkpt lat="24.33674" lon="120.80969">
        <ele>382.2</ele>
      </trkpt>
      <trkpt lat="24.33663" lon="120.80973">
        <ele>384.9</ele>
      </trkpt>
      <trkpt lat="24.33653" lon="120.80978">
        <ele>387.9</ele>
      </trkpt>
      <trkpt lat="24.33646" lon="120.80982">
        <ele>389.9</ele>
      </trkpt>
      <trkpt lat="24.33641" lon="120.80989">
        <ele>391.8</ele>
      </trkpt>
      <trkpt lat="24.33639" lon="120.80991">
        <ele>392.4</ele>
      </trkpt>
      <trkpt lat="24.33628" lon="120.81011">
        <ele>397.6</ele>
      </trkpt>
      <trkpt lat="24.3361" lon="120.81041">
        <ele>404.9</ele>
      </trkpt>
      <trkpt lat="24.33602" lon="120.81052">
        <ele>406.8</ele>
      </trkpt>
      <trkpt lat="24.336" lon="120.81054">
        <ele>407.1</ele>
      </trkpt>
      <trkpt lat="24.33599" lon="120.81055">
        <ele>407.2</ele>
      </trkpt>
      <trkpt lat="24.33597" lon="120.81056">
        <ele>407.3</ele>
      </trkpt>
      <trkpt lat="24.33594" lon="120.81057">
        <ele>407.4</ele>
      </trkpt>
      <trkpt lat="24.33591" lon="120.81058">
        <ele>407.5</ele>
      </trkpt>
      <trkpt lat="24.33588" lon="120.81058">
        <ele>407.4</ele>
      </trkpt>
      <trkpt lat="24.33586" lon="120.81058">
        <ele>407.3</ele>
      </trkpt>
      <trkpt lat="24.33584" lon="120.81057">
        <ele>407.2</ele>
      </trkpt>
      <trkpt lat="24.33582" lon="120.81055">
        <ele>407.2</ele>
      </trkpt>
      <trkpt lat="24.3358" lon="120.81054">
        <ele>407.5</ele>
      </trkpt>
      <trkpt lat="24.33577" lon="120.8105">
        <ele>407.8</ele>
      </trkpt>
      <trkpt lat="24.33573" lon="120.81043">
        <ele>408.1</ele>
      </trkpt>
      <trkpt lat="24.33571" lon="120.81038">
        <ele>408.3</ele>
      </trkpt>
      <trkpt lat="24.33571" lon="120.81034">
        <ele>408.0</ele>
      </trkpt>
      <trkpt lat="24.33571" lon="120.81031">
        <ele>407.9</ele>
      </trkpt>
      <trkpt lat="24.33573" lon="120.81025">
        <ele>406.9</ele>
      </trkpt>
      <trkpt lat="24.33576" lon="120.81015">
        <ele>405.1</ele>
      </trkpt>
      <trkpt lat="24.33579" lon="120.81007">
        <ele>403.4</ele>
      </trkpt>
      <trkpt lat="24.33581" lon="120.81002">
        <ele>402.1</ele>
      </trkpt>
      <trkpt lat="24.33589" lon="120.8098">
        <ele>400.4</ele>
      </trkpt>
      <trkpt lat="24.33591" lon="120.80973">
        <ele>400.0</ele>
      </trkpt>
      <trkpt lat="24.33591" lon="120.80973">
        <ele>400.0</ele>
      </trkpt>
      <trkpt lat="24.33591" lon="120.80971">
        <ele>400.0</ele>
      </trkpt>
      <trkpt lat="24.33592" lon="120.8097">
        <ele>399.8</ele>
      </trkpt>
      <trkpt lat="24.33593" lon="120.80962">
        <ele>399.6</ele>
      </trkpt>
      <trkpt lat="24.33594" lon="120.80954">
        <ele>399.3</ele>
      </trkpt>
      <trkpt lat="24.33594" lon="120.80948">
        <ele>399.2</ele>
      </trkpt>
      <trkpt lat="24.33594" lon="120.80942">
        <ele>399.2</ele>
      </trkpt>
      <trkpt lat="24.33587" lon="120.80881">
        <ele>398.6</ele>
      </trkpt>
      <trkpt lat="24.33584" lon="120.80871">
        <ele>398.9</ele>
      </trkpt>
      <trkpt lat="24.3358" lon="120.80862">
        <ele>399.8</ele>
      </trkpt>
      <trkpt lat="24.33571" lon="120.80847">
        <ele>401.8</ele>
      </trkpt>
      <trkpt lat="24.33561" lon="120.80834">
        <ele>404.1</ele>
      </trkpt>
      <trkpt lat="24.33556" lon="120.8083">
        <ele>405.6</ele>
      </trkpt>
      <trkpt lat="24.33547" lon="120.80823">
        <ele>408.2</ele>
      </trkpt>
      <trkpt lat="24.33538" lon="120.80818">
        <ele>410.7</ele>
      </trkpt>
      <trkpt lat="24.33521" lon="120.80811">
        <ele>415.5</ele>
      </trkpt>
      <trkpt lat="24.33497" lon="120.80799">
        <ele>420.8</ele>
      </trkpt>
      <trkpt lat="24.33487" lon="120.80792">
        <ele>421.8</ele>
      </trkpt>
      <trkpt lat="24.33483" lon="120.80789">
        <ele>422.1</ele>
      </trkpt>
      <trkpt lat="24.3348" lon="120.80786">
        <ele>422.3</ele>
      </trkpt>
      <trkpt lat="24.33477" lon="120.80783">
        <ele>422.5</ele>
      </trkpt>
      <trkpt lat="24.33474" lon="120.80778">
        <ele>422.3</ele>
      </trkpt>
      <trkpt lat="24.33471" lon="120.80772">
        <ele>422.0</ele>
      </trkpt>
      <trkpt lat="24.33471" lon="120.80742">
        <ele>419.4</ele>
      </trkpt>
      <trkpt lat="24.33473" lon="120.80716">
        <ele>421.6</ele>
      </trkpt>
      <trkpt lat="24.33473" lon="120.80708">
        <ele>422.5</ele>
      </trkpt>
      <trkpt lat="24.33472" lon="120.807">
        <ele>423.3</ele>
      </trkpt>
      <trkpt lat="24.33462" lon="120.80682">
        <ele>425.2</ele>
      </trkpt>
      <trkpt lat="24.33455" lon="120.80672">
        <ele>425.6</ele>
      </trkpt>
      <trkpt lat="24.33447" lon="120.80662">
        <ele>425.8</ele>
      </trkpt>
      <trkpt lat="24.33435" lon="120.80651">
        <ele>425.5</ele>
      </trkpt>
      <trkpt lat="24.33429" lon="120.80647">
        <ele>425.1</ele>
      </trkpt>
      <trkpt lat="24.33425" lon="120.80644">
        <ele>424.7</ele>
      </trkpt>
      <trkpt lat="24.33419" lon="120.80642">
        <ele>424.0</ele>
      </trkpt>
      <trkpt lat="24.33414" lon="120.8064">
        <ele>422.8</ele>
      </trkpt>
      <trkpt lat="24.33409" lon="120.80639">
        <ele>421.0</ele>
      </trkpt>
      <trkpt lat="24.33402" lon="120.80639">
        <ele>418.6</ele>
      </trkpt>
      <trkpt lat="24.33397" lon="120.80642">
        <ele>417.0</ele>
      </trkpt>
      <trkpt lat="24.33395" lon="120.80644">
        <ele>416.4</ele>
      </trkpt>
      <trkpt lat="24.33394" lon="120.80645">
        <ele>416.1</ele>
      </trkpt>
      <trkpt lat="24.33393" lon="120.80647">
        <ele>415.8</ele>
      </trkpt>
      <trkpt lat="24.33391" lon="120.80654">
        <ele>415.5</ele>
      </trkpt>
      <trkpt lat="24.33386" lon="120.80685">
        <ele>416.5</ele>
      </trkpt>
      <trkpt lat="24.33383" lon="120.80715">
        <ele>419.0</ele>
      </trkpt>
      <trkpt lat="24.3338" lon="120.8073">
        <ele>419.9</ele>
      </trkpt>
      <trkpt lat="24.33379" lon="120.80732">
        <ele>419.9</ele>
      </trkpt>
      <trkpt lat="24.33376" lon="120.80738">
        <ele>419.8</ele>
      </trkpt>
      <trkpt lat="24.33368" lon="120.80749">
        <ele>419.2</ele>
      </trkpt>
      <trkpt lat="24.3335" lon="120.80773">
        <ele>417.6</ele>
      </trkpt>
      <trkpt lat="24.33332" lon="120.80807">
        <ele>416.6</ele>
      </trkpt>
      <trkpt lat="24.33329" lon="120.80813">
        <ele>416.0</ele>
      </trkpt>
      <trkpt lat="24.33316" lon="120.80841">
        <ele>413.2</ele>
      </trkpt>
      <trkpt lat="24.33302" lon="120.80879">
        <ele>411.0</ele>
      </trkpt>
      <trkpt lat="24.33291" lon="120.80914">
        <ele>411.0</ele>
      </trkpt>
      <trkpt lat="24.33286" lon="120.80939">
        <ele>409.6</ele>
      </trkpt>
      <trkpt lat="24.33283" lon="120.80962">
        <ele>408.5</ele>
      </trkpt>
      <trkpt lat="24.33282" lon="120.80976">
        <ele>408.1</ele>
      </trkpt>
      <trkpt lat="24.33282" lon="120.81031">
        <ele>408.0</ele>
      </trkpt>
      <trkpt lat="24.3328" lon="120.81086">
        <ele>408.1</ele>
      </trkpt>
      <trkpt lat="24.33276" lon="120.81149">
        <ele>409.8</ele>
      </trkpt>
      <trkpt lat="24.33275" lon="120.81156">
        <ele>409.7</ele>
      </trkpt>
      <trkpt lat="24.33272" lon="120.81171">
        <ele>409.4</ele>
      </trkpt>
      <trkpt lat="24.33268" lon="120.81183">
        <ele>409.1</ele>
      </trkpt>
      <trkpt lat="24.33264" lon="120.8119">
        <ele>408.3</ele>
      </trkpt>
      <trkpt lat="24.33258" lon="120.81196">
        <ele>406.6</ele>
      </trkpt>
      <trkpt lat="24.33234" lon="120.81215">
        <ele>402.5</ele>
      </trkpt>
      <trkpt lat="24.33203" lon="120.81236">
        <ele>398.6</ele>
      </trkpt>
      <trkpt lat="24.33198" lon="120.81239">
        <ele>398.0</ele>
      </trkpt>
      <trkpt lat="24.33192" lon="120.81244">
        <ele>397.4</ele>
      </trkpt>
      <trkpt lat="24.33181" lon="120.81255">
        <ele>396.3</ele>
      </trkpt>
      <trkpt lat="24.33167" lon="120.81271">
        <ele>394.3</ele>
      </trkpt>
      <trkpt lat="24.33159" lon="120.81283">
        <ele>392.9</ele>
      </trkpt>
      <trkpt lat="24.33154" lon="120.81292">
        <ele>392.0</ele>
      </trkpt>
      <trkpt lat="24.33152" lon="120.81298">
        <ele>391.8</ele>
      </trkpt>
      <trkpt lat="24.33149" lon="120.81311">
        <ele>391.7</ele>
      </trkpt>
      <trkpt lat="24.33148" lon="120.81318">
        <ele>391.8</ele>
      </trkpt>
      <trkpt lat="24.33144" lon="120.81343">
        <ele>392.3</ele>
      </trkpt>
      <trkpt lat="24.33142" lon="120.8135">
        <ele>392.3</ele>
      </trkpt>
      <trkpt lat="24.33141" lon="120.81355">
        <ele>392.5</ele>
      </trkpt>
      <trkpt lat="24.33137" lon="120.81368">
        <ele>392.3</ele>
      </trkpt>
      <trkpt lat="24.33127" lon="120.81389">
        <ele>391.0</ele>
      </trkpt>
      <trkpt lat="24.33124" lon="120.81394">
        <ele>390.4</ele>
      </trkpt>
      <trkpt lat="24.33087" lon="120.81462">
        <ele>386.7</ele>
      </trkpt>
      <trkpt lat="24.33068" lon="120.81507">
        <ele>386.7</ele>
      </trkpt>
      <trkpt lat="24.33055" lon="120.8154">
        <ele>385.4</ele>
      </trkpt>
      <trkpt lat="24.33046" lon="120.81575">
        <ele>385.9</ele>
      </trkpt>
      <trkpt lat="24.33038" lon="120.81596">
        <ele>386.2</ele>
      </trkpt>
      <trkpt lat="24.33031" lon="120.8161">
        <ele>386.2</ele>
      </trkpt>
      <trkpt lat="24.33022" lon="120.81623">
        <ele>385.3</ele>
      </trkpt>
      <trkpt lat="24.32993" lon="120.81656">
        <ele>380.4</ele>
      </trkpt>
      <trkpt lat="24.32983" lon="120.81668">
        <ele>378.3</ele>
      </trkpt>
      <trkpt lat="24.3298" lon="120.81673">
        <ele>378.1</ele>
      </trkpt>
      <trkpt lat="24.32975" lon="120.8168">
        <ele>377.4</ele>
      </trkpt>
      <trkpt lat="24.32972" lon="120.81688">
        <ele>377.4</ele>
      </trkpt>
      <trkpt lat="24.32968" lon="120.81698">
        <ele>377.2</ele>
      </trkpt>
      <trkpt lat="24.32966" lon="120.81706">
        <ele>377.5</ele>
      </trkpt>
      <trkpt lat="24.32964" lon="120.8172">
        <ele>378.5</ele>
      </trkpt>
      <trkpt lat="24.32963" lon="120.81731">
        <ele>379.5</ele>
      </trkpt>
      <trkpt lat="24.32964" lon="120.81741">
        <ele>381.3</ele>
      </trkpt>
      <trkpt lat="24.32964" lon="120.81746">
        <ele>381.9</ele>
      </trkpt>
      <trkpt lat="24.32965" lon="120.8176">
        <ele>384.7</ele>
      </trkpt>
      <trkpt lat="24.32966" lon="120.81772">
        <ele>387.4</ele>
      </trkpt>
      <trkpt lat="24.32967" lon="120.81779">
        <ele>389.2</ele>
      </trkpt>
      <trkpt lat="24.32967" lon="120.81785">
        <ele>390.3</ele>
      </trkpt>
      <trkpt lat="24.32967" lon="120.81793">
        <ele>391.7</ele>
      </trkpt>
      <trkpt lat="24.32966" lon="120.818">
        <ele>392.4</ele>
      </trkpt>
      <trkpt lat="24.32965" lon="120.81804">
        <ele>392.6</ele>
      </trkpt>
      <trkpt lat="24.32965" lon="120.81807">
        <ele>393.1</ele>
      </trkpt>
      <trkpt lat="24.32959" lon="120.81821">
        <ele>392.2</ele>
      </trkpt>
      <trkpt lat="24.32958" lon="120.81823">
        <ele>392.0</ele>
      </trkpt>
      <trkpt lat="24.3295" lon="120.81837">
        <ele>389.6</ele>
      </trkpt>
      <trkpt lat="24.32939" lon="120.81852">
        <ele>385.2</ele>
      </trkpt>
      <trkpt lat="24.32934" lon="120.81858">
        <ele>383.2</ele>
      </trkpt>
      <trkpt lat="24.32927" lon="120.81864">
        <ele>380.1</ele>
      </trkpt>
      <trkpt lat="24.32923" lon="120.81867">
        <ele>378.3</ele>
      </trkpt>
      <trkpt lat="24.32908" lon="120.81878">
        <ele>373.5</ele>
      </trkpt>
      <trkpt lat="24.32905" lon="120.8188">
        <ele>372.8</ele>
      </trkpt>
      <trkpt lat="24.32884" lon="120.819">
        <ele>368.4</ele>
      </trkpt>
      <trkpt lat="24.32871" lon="120.81917">
        <ele>366.1</ele>
      </trkpt>
      <trkpt lat="24.32863" lon="120.81934">
        <ele>364.1</ele>
      </trkpt>
      <trkpt lat="24.32862" lon="120.81936">
        <ele>363.8</ele>
      </trkpt>
      <trkpt lat="24.32858" lon="120.81945">
        <ele>362.8</ele>
      </trkpt>
      <trkpt lat="24.32855" lon="120.81955">
        <ele>362.3</ele>
      </trkpt>
      <trkpt lat="24.32848" lon="120.81973">
        <ele>360.7</ele>
      </trkpt>
      <trkpt lat="24.32847" lon="120.81978">
        <ele>360.6</ele>
      </trkpt>
      <trkpt lat="24.32838" lon="120.82005">
        <ele>359.0</ele>
      </trkpt>
      <trkpt lat="24.3283" lon="120.82031">
        <ele>358.7</ele>
      </trkpt>
      <trkpt lat="24.32825" lon="120.82046">
        <ele>358.7</ele>
      </trkpt>
      <trkpt lat="24.32821" lon="120.82057">
        <ele>358.6</ele>
      </trkpt>
      <trkpt lat="24.32816" lon="120.82069">
        <ele>358.4</ele>
      </trkpt>
      <trkpt lat="24.32809" lon="120.82086">
        <ele>358.3</ele>
      </trkpt>
      <trkpt lat="24.32798" lon="120.82107">
        <ele>358.7</ele>
      </trkpt>
      <trkpt lat="24.32791" lon="120.82119">
        <ele>358.9</ele>
      </trkpt>
      <trkpt lat="24.3278" lon="120.82132">
        <ele>358.3</ele>
      </trkpt>
      <trkpt lat="24.32779" lon="120.82132">
        <ele>358.1</ele>
      </trkpt>
      <trkpt lat="24.32768" lon="120.82145">
        <ele>357.6</ele>
      </trkpt>
      <trkpt lat="24.32737" lon="120.82177">
        <ele>355.7</ele>
      </trkpt>
      <trkpt lat="24.32678" lon="120.82238">
        <ele>354.0</ele>
      </trkpt>
      <trkpt lat="24.32636" lon="120.82281">
        <ele>352.8</ele>
      </trkpt>
      <trkpt lat="24.32602" lon="120.82313">
        <ele>352.1</ele>
      </trkpt>
      <trkpt lat="24.32592" lon="120.8232">
        <ele>351.4</ele>
      </trkpt>
      <trkpt lat="24.32577" lon="120.8233">
        <ele>350.4</ele>
      </trkpt>
      <trkpt lat="24.32567" lon="120.82336">
        <ele>349.1</ele>
      </trkpt>
      <trkpt lat="24.32536" lon="120.82352">
        <ele>342.8</ele>
      </trkpt>
      <trkpt lat="24.3253" lon="120.82355">
        <ele>341.5</ele>
      </trkpt>
      <trkpt lat="24.32506" lon="120.82364">
        <ele>335.7</ele>
      </trkpt>
      <trkpt lat="24.32471" lon="120.82375">
        <ele>331.2</ele>
      </trkpt>
      <trkpt lat="24.32454" lon="120.82383">
        <ele>329.5</ele>
      </trkpt>
      <trkpt lat="24.3244" lon="120.82388">
        <ele>327.9</ele>
      </trkpt>
      <trkpt lat="24.32417" lon="120.82401">
        <ele>325.3</ele>
      </trkpt>
      <trkpt lat="24.32412" lon="120.82404">
        <ele>325.3</ele>
      </trkpt>
      <trkpt lat="24.3239" lon="120.8241">
        <ele>325.1</ele>
      </trkpt>
      <trkpt lat="24.32378" lon="120.82413">
        <ele>324.9</ele>
      </trkpt>
      <trkpt lat="24.32371" lon="120.82414">
        <ele>324.8</ele>
      </trkpt>
      <trkpt lat="24.32339" lon="120.82406">
        <ele>323.7</ele>
      </trkpt>
      <trkpt lat="24.32324" lon="120.82402">
        <ele>323.0</ele>
      </trkpt>
      <trkpt lat="24.32301" lon="120.82396">
        <ele>321.7</ele>
      </trkpt>
      <trkpt lat="24.32256" lon="120.82382">
        <ele>319.7</ele>
      </trkpt>
      <trkpt lat="24.32247" lon="120.8238">
        <ele>319.5</ele>
      </trkpt>
      <trkpt lat="24.32219" lon="120.82378">
        <ele>319.7</ele>
      </trkpt>
      <trkpt lat="24.32183" lon="120.82376">
        <ele>319.9</ele>
      </trkpt>
      <trkpt lat="24.32165" lon="120.82375">
        <ele>320.0</ele>
      </trkpt>
      <trkpt lat="24.32147" lon="120.82374">
        <ele>320.0</ele>
      </trkpt>
      <trkpt lat="24.32126" lon="120.82373">
        <ele>320.0</ele>
      </trkpt>
      <trkpt lat="24.32011" lon="120.82364">
        <ele>321.4</ele>
      </trkpt>
      <trkpt lat="24.31938" lon="120.8236">
        <ele>321.9</ele>
      </trkpt>
      <trkpt lat="24.3192" lon="120.82358">
        <ele>322.0</ele>
      </trkpt>
      <trkpt lat="24.3191" lon="120.82358">
        <ele>322.1</ele>
      </trkpt>
      <trkpt lat="24.31895" lon="120.82358">
        <ele>322.4</ele>
      </trkpt>
      <trkpt lat="24.31892" lon="120.82358">
        <ele>322.5</ele>
      </trkpt>
      <trkpt lat="24.31883" lon="120.82358">
        <ele>322.7</ele>
      </trkpt>
      <trkpt lat="24.31874" lon="120.82359">
        <ele>322.9</ele>
      </trkpt>
      <trkpt lat="24.31856" lon="120.82361">
        <ele>323.2</ele>
      </trkpt>
      <trkpt lat="24.31849" lon="120.82362">
        <ele>323.3</ele>
      </trkpt>
      <trkpt lat="24.31809" lon="120.82367">
        <ele>323.7</ele>
      </trkpt>
      <trkpt lat="24.31788" lon="120.82368">
        <ele>323.8</ele>
      </trkpt>
      <trkpt lat="24.3178" lon="120.82368">
        <ele>323.9</ele>
      </trkpt>
      <trkpt lat="24.3177" lon="120.82367">
        <ele>323.9</ele>
      </trkpt>
      <trkpt lat="24.31738" lon="120.82364">
        <ele>323.9</ele>
      </trkpt>
      <trkpt lat="24.31731" lon="120.82364">
        <ele>323.8</ele>
      </trkpt>
      <trkpt lat="24.31725" lon="120.82364">
        <ele>323.7</ele>
      </trkpt>
      <trkpt lat="24.31706" lon="120.82365">
        <ele>323.5</ele>
      </trkpt>
      <trkpt lat="24.31685" lon="120.82367">
        <ele>323.4</ele>
      </trkpt>
      <trkpt lat="24.31681" lon="120.82366">
        <ele>323.3</ele>
      </trkpt>
      <trkpt lat="24.31679" lon="120.82365">
        <ele>323.3</ele>
      </trkpt>
      <trkpt lat="24.31677" lon="120.82365">
        <ele>323.2</ele>
      </trkpt>
      <trkpt lat="24.31675" lon="120.82365">
        <ele>323.2</ele>
      </trkpt>
      <trkpt lat="24.31673" lon="120.82365">
        <ele>323.2</ele>
      </trkpt>
      <trkpt lat="24.31611" lon="120.82373">
        <ele>325.5</ele>
      </trkpt>
      <trkpt lat="24.31593" lon="120.82375">
        <ele>326.2</ele>
      </trkpt>
      <trkpt lat="24.3159" lon="120.82375">
        <ele>326.3</ele>
      </trkpt>
      <trkpt lat="24.31585" lon="120.82376">
        <ele>326.4</ele>
      </trkpt>
      <trkpt lat="24.31576" lon="120.82376">
        <ele>326.8</ele>
      </trkpt>
      <trkpt lat="24.31571" lon="120.82375">
        <ele>327.0</ele>
      </trkpt>
      <trkpt lat="24.31567" lon="120.82375">
        <ele>327.2</ele>
      </trkpt>
      <trkpt lat="24.31562" lon="120.82374">
        <ele>327.4</ele>
      </trkpt>
      <trkpt lat="24.31556" lon="120.82372">
        <ele>327.6</ele>
      </trkpt>
      <trkpt lat="24.31514" lon="120.82359">
        <ele>329.1</ele>
      </trkpt>
      <trkpt lat="24.31455" lon="120.82343">
        <ele>329.5</ele>
      </trkpt>
      <trkpt lat="24.31289" lon="120.82296">
        <ele>332.0</ele>
      </trkpt>
      <trkpt lat="24.31273" lon="120.82292">
        <ele>332.2</ele>
      </trkpt>
      <trkpt lat="24.31254" lon="120.82287">
        <ele>332.5</ele>
      </trkpt>
      <trkpt lat="24.31222" lon="120.82279">
        <ele>333.6</ele>
      </trkpt>
      <trkpt lat="24.31217" lon="120.82278">
        <ele>333.7</ele>
      </trkpt>
      <trkpt lat="24.31211" lon="120.82276">
        <ele>333.9</ele>
      </trkpt>
      <trkpt lat="24.31175" lon="120.8226">
        <ele>334.9</ele>
      </trkpt>
      <trkpt lat="24.31171" lon="120.82258">
        <ele>335.0</ele>
      </trkpt>
      <trkpt lat="24.31152" lon="120.82246">
        <ele>334.8</ele>
      </trkpt>
      <trkpt lat="24.31129" lon="120.82228">
        <ele>334.2</ele>
      </trkpt>
      <trkpt lat="24.31106" lon="120.82206">
        <ele>333.7</ele>
      </trkpt>
      <trkpt lat="24.3109" lon="120.82188">
        <ele>333.4</ele>
      </trkpt>
      <trkpt lat="24.31069" lon="120.82169">
        <ele>333.6</ele>
      </trkpt>
      <trkpt lat="24.31043" lon="120.8214">
        <ele>334.5</ele>
      </trkpt>
      <trkpt lat="24.31018" lon="120.82084">
        <ele>335.4</ele>
      </trkpt>
      <trkpt lat="24.30978" lon="120.82019">
        <ele>334.0</ele>
      </trkpt>
      <trkpt lat="24.30948" lon="120.81978">
        <ele>333.7</ele>
      </trkpt>
      <trkpt lat="24.30917" lon="120.81933">
        <ele>332.6</ele>
      </trkpt>
      <trkpt lat="24.30906" lon="120.81917">
        <ele>332.5</ele>
      </trkpt>
      <trkpt lat="24.30894" lon="120.81899">
        <ele>332.5</ele>
      </trkpt>
      <trkpt lat="24.30888" lon="120.81889">
        <ele>332.5</ele>
      </trkpt>
      <trkpt lat="24.30884" lon="120.81882">
        <ele>332.5</ele>
      </trkpt>
      <trkpt lat="24.30882" lon="120.81879">
        <ele>332.5</ele>
      </trkpt>
      <trkpt lat="24.30841" lon="120.81815">
        <ele>332.5</ele>
      </trkpt>
      <trkpt lat="24.30831" lon="120.81798">
        <ele>332.5</ele>
      </trkpt>
      <trkpt lat="24.308" lon="120.8175">
        <ele>332.4</ele>
      </trkpt>
      <trkpt lat="24.3079" lon="120.81733">
        <ele>332.4</ele>
      </trkpt>
      <trkpt lat="24.30779" lon="120.81716">
        <ele>332.4</ele>
      </trkpt>
      <trkpt lat="24.30742" lon="120.81659">
        <ele>332.4</ele>
      </trkpt>
      <trkpt lat="24.30719" lon="120.81622">
        <ele>332.3</ele>
      </trkpt>
      <trkpt lat="24.30709" lon="120.81606">
        <ele>332.3</ele>
      </trkpt>
      <trkpt lat="24.30699" lon="120.81589">
        <ele>332.3</ele>
      </trkpt>
      <trkpt lat="24.30669" lon="120.81541">
        <ele>332.3</ele>
      </trkpt>
      <trkpt lat="24.30621" lon="120.81464">
        <ele>332.2</ele>
      </trkpt>
      <trkpt lat="24.30558" lon="120.81362">
        <ele>332.1</ele>
      </trkpt>
      <trkpt lat="24.30558" lon="120.81361">
        <ele>332.1</ele>
      </trkpt>
      <trkpt lat="24.30552" lon="120.81351">
        <ele>332.1</ele>
      </trkpt>
      <trkpt lat="24.30547" lon="120.81342">
        <ele>332.1</ele>
      </trkpt>
      <trkpt lat="24.30529" lon="120.81312">
        <ele>332.1</ele>
      </trkpt>
      <trkpt lat="24.30525" lon="120.81306">
        <ele>332.1</ele>
      </trkpt>
      <trkpt lat="24.30522" lon="120.813">
        <ele>332.1</ele>
      </trkpt>
      <trkpt lat="24.30518" lon="120.81295">
        <ele>332.1</ele>
      </trkpt>
      <trkpt lat="24.30515" lon="120.81289">
        <ele>332.1</ele>
      </trkpt>
      <trkpt lat="24.30514" lon="120.81288">
        <ele>332.1</ele>
      </trkpt>
      <trkpt lat="24.30503" lon="120.81274">
        <ele>332.1</ele>
      </trkpt>
      <trkpt lat="24.30492" lon="120.81259">
        <ele>332.1</ele>
      </trkpt>
      <trkpt lat="24.30487" lon="120.81254">
        <ele>332.1</ele>
      </trkpt>
      <trkpt lat="24.30483" lon="120.81249">
        <ele>332.1</ele>
      </trkpt>
      <trkpt lat="24.30479" lon="120.81243">
        <ele>332.1</ele>
      </trkpt>
      <trkpt lat="24.30457" lon="120.81221">
        <ele>332.2</ele>
      </trkpt>
      <trkpt lat="24.30409" lon="120.8118">
        <ele>331.7</ele>
      </trkpt>
      <trkpt lat="24.30396" lon="120.81167">
        <ele>331.5</ele>
      </trkpt>
      <trkpt lat="24.30396" lon="120.81167">
        <ele>331.5</ele>
      </trkpt>
      <trkpt lat="24.30405" lon="120.81161">
        <ele>330.5</ele>
      </trkpt>
      <trkpt lat="24.30443" lon="120.8113">
        <ele>327.0</ele>
      </trkpt>
      <trkpt lat="24.30463" lon="120.81114">
        <ele>325.9</ele>
      </trkpt>
      <trkpt lat="24.30463" lon="120.81113">
        <ele>325.9</ele>
      </trkpt>
      <trkpt lat="24.30466" lon="120.81111">
        <ele>325.8</ele>
      </trkpt>
      <trkpt lat="24.30469" lon="120.81107">
        <ele>325.6</ele>
      </trkpt>
      <trkpt lat="24.3047" lon="120.81105">
        <ele>325.5</ele>
      </trkpt>
      <trkpt lat="24.30471" lon="120.81102">
        <ele>325.4</ele>
      </trkpt>
      <trkpt lat="24.30474" lon="120.81094">
        <ele>325.1</ele>
      </trkpt>
      <trkpt lat="24.30477" lon="120.81087">
        <ele>324.9</ele>
      </trkpt>
      <trkpt lat="24.30526" lon="120.80817">
        <ele>319.4</ele>
      </trkpt>
      <trkpt lat="24.30544" lon="120.80719">
        <ele>317.9</ele>
      </trkpt>
      <trkpt lat="24.30558" lon="120.8064">
        <ele>315.6</ele>
      </trkpt>
      <trkpt lat="24.30562" lon="120.80617">
        <ele>315.0</ele>
      </trkpt>
      <trkpt lat="24.30565" lon="120.80602">
        <ele>314.6</ele>
      </trkpt>
      <trkpt lat="24.30584" lon="120.805">
        <ele>313.0</ele>
      </trkpt>
      <trkpt lat="24.30584" lon="120.805">
        <ele>313.0</ele>
      </trkpt>
      <trkpt lat="24.3059" lon="120.80467">
        <ele>312.6</ele>
      </trkpt>
      <trkpt lat="24.30594" lon="120.80448">
        <ele>312.3</ele>
      </trkpt>
      <trkpt lat="24.30595" lon="120.80439">
        <ele>312.2</ele>
      </trkpt>
      <trkpt lat="24.30599" lon="120.80419">
        <ele>311.8</ele>
      </trkpt>
      <trkpt lat="24.30625" lon="120.80272">
        <ele>311.0</ele>
      </trkpt>
      <trkpt lat="24.30658" lon="120.80095">
        <ele>308.2</ele>
      </trkpt>
      <trkpt lat="24.30661" lon="120.80078">
        <ele>308.1</ele>
      </trkpt>
      <trkpt lat="24.30671" lon="120.80027">
        <ele>307.2</ele>
      </trkpt>
      <trkpt lat="24.30687" lon="120.79969">
        <ele>306.5</ele>
      </trkpt>
      <trkpt lat="24.30731" lon="120.79863">
        <ele>305.2</ele>
      </trkpt>
      <trkpt lat="24.30757" lon="120.79806">
        <ele>303.8</ele>
      </trkpt>
      <trkpt lat="24.30799" lon="120.79701">
        <ele>301.8</ele>
      </trkpt>
      <trkpt lat="24.30848" lon="120.79589">
        <ele>300.3</ele>
      </trkpt>
      <trkpt lat="24.30857" lon="120.79568">
        <ele>300.2</ele>
      </trkpt>
      <trkpt lat="24.30862" lon="120.79555">
        <ele>300.2</ele>
      </trkpt>
      <trkpt lat="24.30862" lon="120.79555">
        <ele>300.2</ele>
      </trkpt>
      <trkpt lat="24.30912" lon="120.79437">
        <ele>298.7</ele>
      </trkpt>
      <trkpt lat="24.30949" lon="120.79353">
        <ele>296.9</ele>
      </trkpt>
      <trkpt lat="24.3097" lon="120.79302">
        <ele>297.0</ele>
      </trkpt>
      <trkpt lat="24.30981" lon="120.79271">
        <ele>297.1</ele>
      </trkpt>
      <trkpt lat="24.31014" lon="120.7916">
        <ele>296.1</ele>
      </trkpt>
      <trkpt lat="24.31025" lon="120.79116">
        <ele>293.8</ele>
      </trkpt>
      <trkpt lat="24.31035" lon="120.79079">
        <ele>291.8</ele>
      </trkpt>
      <trkpt lat="24.31061" lon="120.78985">
        <ele>289.6</ele>
      </trkpt>
      <trkpt lat="24.31073" lon="120.78924">
        <ele>288.2</ele>
      </trkpt>
      <trkpt lat="24.31084" lon="120.78897">
        <ele>287.6</ele>
      </trkpt>
      <trkpt lat="24.311" lon="120.78832">
        <ele>286.4</ele>
      </trkpt>
      <trkpt lat="24.311" lon="120.78813">
        <ele>286.7</ele>
      </trkpt>
      <trkpt lat="24.31104" lon="120.78792">
        <ele>287.0</ele>
      </trkpt>
      <trkpt lat="24.31109" lon="120.78774">
        <ele>287.2</ele>
      </trkpt>
      <trkpt lat="24.31145" lon="120.78691">
        <ele>287.3</ele>
      </trkpt>
      <trkpt lat="24.31147" lon="120.78687">
        <ele>287.1</ele>
      </trkpt>
      <trkpt lat="24.31154" lon="120.78668">
        <ele>286.5</ele>
      </trkpt>
      <trkpt lat="24.31159" lon="120.78641">
        <ele>285.2</ele>
      </trkpt>
      <trkpt lat="24.31166" lon="120.78614">
        <ele>283.8</ele>
      </trkpt>
      <trkpt lat="24.31172" lon="120.78591">
        <ele>283.1</ele>
      </trkpt>
      <trkpt lat="24.31174" lon="120.78582">
        <ele>282.8</ele>
      </trkpt>
      <trkpt lat="24.31175" lon="120.78571">
        <ele>282.6</ele>
      </trkpt>
      <trkpt lat="24.31166" lon="120.78553">
        <ele>282.7</ele>
      </trkpt>
      <trkpt lat="24.31159" lon="120.78547">
        <ele>282.7</ele>
      </trkpt>
      <trkpt lat="24.31155" lon="120.78542">
        <ele>282.8</ele>
      </trkpt>
      <trkpt lat="24.31152" lon="120.78535">
        <ele>282.8</ele>
      </trkpt>
      <trkpt lat="24.31151" lon="120.78528">
        <ele>282.9</ele>
      </trkpt>
      <trkpt lat="24.31149" lon="120.78522">
        <ele>282.9</ele>
      </trkpt>
      <trkpt lat="24.31147" lon="120.78514">
        <ele>283.0</ele>
      </trkpt>
      <trkpt lat="24.31146" lon="120.78511">
        <ele>282.9</ele>
      </trkpt>
      <trkpt lat="24.31144" lon="120.78505">
        <ele>282.9</ele>
      </trkpt>
      <trkpt lat="24.31139" lon="120.78498">
        <ele>283.0</ele>
      </trkpt>
      <trkpt lat="24.31135" lon="120.78491">
        <ele>283.1</ele>
      </trkpt>
      <trkpt lat="24.31128" lon="120.78484">
        <ele>283.2</ele>
      </trkpt>
      <trkpt lat="24.31129" lon="120.78478">
        <ele>283.1</ele>
      </trkpt>
      <trkpt lat="24.31138" lon="120.78449">
        <ele>282.6</ele>
      </trkpt>
      <trkpt lat="24.31142" lon="120.78439">
        <ele>282.5</ele>
      </trkpt>
      <trkpt lat="24.31152" lon="120.78418">
        <ele>282.2</ele>
      </trkpt>
      <trkpt lat="24.31173" lon="120.78369">
        <ele>281.3</ele>
      </trkpt>
      <trkpt lat="24.31204" lon="120.78295">
        <ele>280.5</ele>
      </trkpt>
      <trkpt lat="24.31229" lon="120.78237">
        <ele>279.6</ele>
      </trkpt>
      <trkpt lat="24.3123" lon="120.78234">
        <ele>279.6</ele>
      </trkpt>
      <trkpt lat="24.31233" lon="120.78229">
        <ele>279.4</ele>
      </trkpt>
      <trkpt lat="24.31277" lon="120.78128">
        <ele>276.2</ele>
      </trkpt>
      <trkpt lat="24.31288" lon="120.78108">
        <ele>275.7</ele>
      </trkpt>
      <trkpt lat="24.31302" lon="120.78087">
        <ele>275.4</ele>
      </trkpt>
      <trkpt lat="24.31312" lon="120.78074">
        <ele>276.0</ele>
      </trkpt>
      <trkpt lat="24.31334" lon="120.78052">
        <ele>276.4</ele>
      </trkpt>
      <trkpt lat="24.31341" lon="120.78045">
        <ele>276.6</ele>
      </trkpt>
      <trkpt lat="24.31345" lon="120.7804">
        <ele>276.7</ele>
      </trkpt>
      <trkpt lat="24.31346" lon="120.78037">
        <ele>276.7</ele>
      </trkpt>
      <trkpt lat="24.31347" lon="120.78035">
        <ele>276.8</ele>
      </trkpt>
      <trkpt lat="24.31347" lon="120.78031">
        <ele>276.8</ele>
      </trkpt>
      <trkpt lat="24.31347" lon="120.78024">
        <ele>277.0</ele>
      </trkpt>
      <trkpt lat="24.31336" lon="120.77978">
        <ele>279.3</ele>
      </trkpt>
      <trkpt lat="24.31334" lon="120.7796">
        <ele>279.9</ele>
      </trkpt>
      <trkpt lat="24.31336" lon="120.77948">
        <ele>280.0</ele>
      </trkpt>
      <trkpt lat="24.31337" lon="120.77945">
        <ele>280.0</ele>
      </trkpt>
      <trkpt lat="24.31341" lon="120.77932">
        <ele>279.8</ele>
      </trkpt>
      <trkpt lat="24.31343" lon="120.77926">
        <ele>279.8</ele>
      </trkpt>
      <trkpt lat="24.31345" lon="120.7792">
        <ele>279.7</ele>
      </trkpt>
      <trkpt lat="24.31354" lon="120.77905">
        <ele>280.6</ele>
      </trkpt>
      <trkpt lat="24.31365" lon="120.77888">
        <ele>281.9</ele>
      </trkpt>
      <trkpt lat="24.31378" lon="120.77875">
        <ele>282.1</ele>
      </trkpt>
      <trkpt lat="24.31395" lon="120.77864">
        <ele>281.3</ele>
      </trkpt>
      <trkpt lat="24.31407" lon="120.77852">
        <ele>281.2</ele>
      </trkpt>
      <trkpt lat="24.31414" lon="120.77844">
        <ele>281.1</ele>
      </trkpt>
      <trkpt lat="24.3142" lon="120.77834">
        <ele>281.5</ele>
      </trkpt>
      <trkpt lat="24.31433" lon="120.77816">
        <ele>282.1</ele>
      </trkpt>
      <trkpt lat="24.31445" lon="120.77798">
        <ele>282.0</ele>
      </trkpt>
      <trkpt lat="24.31452" lon="120.77781">
        <ele>282.3</ele>
      </trkpt>
      <trkpt lat="24.31456" lon="120.7777">
        <ele>282.4</ele>
      </trkpt>
      <trkpt lat="24.31457" lon="120.77761">
        <ele>282.9</ele>
      </trkpt>
      <trkpt lat="24.3146" lon="120.77751">
        <ele>283.0</ele>
      </trkpt>
      <trkpt lat="24.31463" lon="120.77736">
        <ele>282.9</ele>
      </trkpt>
      <trkpt lat="24.31464" lon="120.77726">
        <ele>283.2</ele>
      </trkpt>
      <trkpt lat="24.31479" lon="120.77697">
        <ele>280.2</ele>
      </trkpt>
      <trkpt lat="24.31487" lon="120.77687">
        <ele>278.2</ele>
      </trkpt>
      <trkpt lat="24.31493" lon="120.7768">
        <ele>276.7</ele>
      </trkpt>
      <trkpt lat="24.31497" lon="120.77674">
        <ele>275.7</ele>
      </trkpt>
      <trkpt lat="24.315" lon="120.77666">
        <ele>275.0</ele>
      </trkpt>
      <trkpt lat="24.31502" lon="120.77656">
        <ele>274.5</ele>
      </trkpt>
      <trkpt lat="24.31501" lon="120.77641">
        <ele>274.0</ele>
      </trkpt>
      <trkpt lat="24.31501" lon="120.7764">
        <ele>274.0</ele>
      </trkpt>
      <trkpt lat="24.31498" lon="120.77621">
        <ele>274.1</ele>
      </trkpt>
      <trkpt lat="24.31496" lon="120.77607">
        <ele>274.4</ele>
      </trkpt>
      <trkpt lat="24.31494" lon="120.77585">
        <ele>274.6</ele>
      </trkpt>
      <trkpt lat="24.31491" lon="120.77545">
        <ele>275.1</ele>
      </trkpt>
      <trkpt lat="24.3149" lon="120.77527">
        <ele>275.4</ele>
      </trkpt>
      <trkpt lat="24.31489" lon="120.77509">
        <ele>275.8</ele>
      </trkpt>
      <trkpt lat="24.3149" lon="120.77489">
        <ele>274.9</ele>
      </trkpt>
      <trkpt lat="24.31488" lon="120.77452">
        <ele>276.3</ele>
      </trkpt>
      <trkpt lat="24.31478" lon="120.77389">
        <ele>281.8</ele>
      </trkpt>
      <trkpt lat="24.31476" lon="120.77374">
        <ele>282.6</ele>
      </trkpt>
      <trkpt lat="24.31472" lon="120.77359">
        <ele>284.8</ele>
      </trkpt>
      <trkpt lat="24.31468" lon="120.77341">
        <ele>287.1</ele>
      </trkpt>
      <trkpt lat="24.31465" lon="120.77324">
        <ele>288.2</ele>
      </trkpt>
      <trkpt lat="24.31465" lon="120.77306">
        <ele>286.7</ele>
      </trkpt>
      <trkpt lat="24.31465" lon="120.77287">
        <ele>285.0</ele>
      </trkpt>
      <trkpt lat="24.31465" lon="120.77259">
        <ele>282.6</ele>
      </trkpt>
      <trkpt lat="24.31465" lon="120.77239">
        <ele>282.3</ele>
      </trkpt>
      <trkpt lat="24.31465" lon="120.77218">
        <ele>283.3</ele>
      </trkpt>
      <trkpt lat="24.31467" lon="120.77203">
        <ele>283.1</ele>
      </trkpt>
      <trkpt lat="24.3147" lon="120.77195">
        <ele>282.0</ele>
      </trkpt>
      <trkpt lat="24.31476" lon="120.77185">
        <ele>279.6</ele>
      </trkpt>
      <trkpt lat="24.31481" lon="120.77177">
        <ele>277.6</ele>
      </trkpt>
      <trkpt lat="24.31483" lon="120.77167">
        <ele>277.1</ele>
      </trkpt>
      <trkpt lat="24.31484" lon="120.7716">
        <ele>277.3</ele>
      </trkpt>
      <trkpt lat="24.31484" lon="120.77152">
        <ele>278.0</ele>
      </trkpt>
      <trkpt lat="24.31484" lon="120.77144">
        <ele>278.7</ele>
      </trkpt>
      <trkpt lat="24.31483" lon="120.77138">
        <ele>279.7</ele>
      </trkpt>
      <trkpt lat="24.31481" lon="120.77133">
        <ele>281.1</ele>
      </trkpt>
      <trkpt lat="24.31479" lon="120.77128">
        <ele>282.6</ele>
      </trkpt>
      <trkpt lat="24.31476" lon="120.77123">
        <ele>284.5</ele>
      </trkpt>
      <trkpt lat="24.31473" lon="120.77117">
        <ele>286.5</ele>
      </trkpt>
      <trkpt lat="24.31465" lon="120.77105">
        <ele>291.6</ele>
      </trkpt>
      <trkpt lat="24.31462" lon="120.771">
        <ele>293.6</ele>
      </trkpt>
      <trkpt lat="24.31461" lon="120.77096">
        <ele>294.4</ele>
      </trkpt>
      <trkpt lat="24.3146" lon="120.7709">
        <ele>295.5</ele>
      </trkpt>
      <trkpt lat="24.3146" lon="120.77084">
        <ele>296.1</ele>
      </trkpt>
      <trkpt lat="24.31461" lon="120.77079">
        <ele>296.1</ele>
      </trkpt>
      <trkpt lat="24.31465" lon="120.77069">
        <ele>295.3</ele>
      </trkpt>
      <trkpt lat="24.31469" lon="120.77063">
        <ele>294.3</ele>
      </trkpt>
      <trkpt lat="24.31478" lon="120.77051">
        <ele>292.2</ele>
      </trkpt>
      <trkpt lat="24.31485" lon="120.77043">
        <ele>290.8</ele>
      </trkpt>
      <trkpt lat="24.31491" lon="120.77038">
        <ele>289.6</ele>
      </trkpt>
      <trkpt lat="24.31496" lon="120.77036">
        <ele>288.2</ele>
      </trkpt>
      <trkpt lat="24.31501" lon="120.77034">
        <ele>286.9</ele>
      </trkpt>
      <trkpt lat="24.31507" lon="120.77032">
        <ele>285.6</ele>
      </trkpt>
      <trkpt lat="24.31513" lon="120.77029">
        <ele>284.4</ele>
      </trkpt>
      <trkpt lat="24.3152" lon="120.77024">
        <ele>283.2</ele>
      </trkpt>
      <trkpt lat="24.31524" lon="120.7702">
        <ele>282.6</ele>
      </trkpt>
      <trkpt lat="24.31527" lon="120.77015">
        <ele>282.6</ele>
      </trkpt>
      <trkpt lat="24.31529" lon="120.77007">
        <ele>283.3</ele>
      </trkpt>
      <trkpt lat="24.31531" lon="120.76998">
        <ele>283.9</ele>
      </trkpt>
      <trkpt lat="24.31532" lon="120.76988">
        <ele>283.7</ele>
      </trkpt>
      <trkpt lat="24.31532" lon="120.76983">
        <ele>283.8</ele>
      </trkpt>
      <trkpt lat="24.31532" lon="120.76975">
        <ele>283.9</ele>
      </trkpt>
      <trkpt lat="24.31532" lon="120.76966">
        <ele>284.0</ele>
      </trkpt>
      <trkpt lat="24.31533" lon="120.76956">
        <ele>283.9</ele>
      </trkpt>
      <trkpt lat="24.31535" lon="120.76942">
        <ele>283.7</ele>
      </trkpt>
      <trkpt lat="24.31538" lon="120.76929">
        <ele>284.2</ele>
      </trkpt>
      <trkpt lat="24.3154" lon="120.7692">
        <ele>284.6</ele>
      </trkpt>
      <trkpt lat="24.31543" lon="120.7689">
        <ele>285.8</ele>
      </trkpt>
      <trkpt lat="24.31541" lon="120.76881">
        <ele>286.1</ele>
      </trkpt>
      <trkpt lat="24.31541" lon="120.76881">
        <ele>286.1</ele>
      </trkpt>
      <trkpt lat="24.31537" lon="120.76864">
        <ele>286.8</ele>
      </trkpt>
      <trkpt lat="24.31531" lon="120.76837">
        <ele>288.0</ele>
      </trkpt>
      <trkpt lat="24.31528" lon="120.76824">
        <ele>290.3</ele>
      </trkpt>
      <trkpt lat="24.31526" lon="120.76814">
        <ele>292.5</ele>
      </trkpt>
      <trkpt lat="24.31523" lon="120.76807">
        <ele>294.3</ele>
      </trkpt>
      <trkpt lat="24.31519" lon="120.76801">
        <ele>296.2</ele>
      </trkpt>
      <trkpt lat="24.31515" lon="120.76797">
        <ele>297.6</ele>
      </trkpt>
      <trkpt lat="24.31512" lon="120.76794">
        <ele>298.7</ele>
      </trkpt>
      <trkpt lat="24.31508" lon="120.76793">
        <ele>299.5</ele>
      </trkpt>
      <trkpt lat="24.31504" lon="120.76792">
        <ele>300.3</ele>
      </trkpt>
      <trkpt lat="24.31501" lon="120.76792">
        <ele>300.8</ele>
      </trkpt>
      <trkpt lat="24.31499" lon="120.76792">
        <ele>301.0</ele>
      </trkpt>
      <trkpt lat="24.31493" lon="120.76794">
        <ele>301.0</ele>
      </trkpt>
      <trkpt lat="24.31485" lon="120.768">
        <ele>300.2</ele>
      </trkpt>
      <trkpt lat="24.31468" lon="120.76812">
        <ele>299.0</ele>
      </trkpt>
      <trkpt lat="24.31463" lon="120.76816">
        <ele>298.6</ele>
      </trkpt>
      <trkpt lat="24.31456" lon="120.7682">
        <ele>298.4</ele>
      </trkpt>
      <trkpt lat="24.31452" lon="120.76823">
        <ele>298.1</ele>
      </trkpt>
      <trkpt lat="24.3145" lon="120.76824">
        <ele>298.1</ele>
      </trkpt>
      <trkpt lat="24.31448" lon="120.76825">
        <ele>298.1</ele>
      </trkpt>
      <trkpt lat="24.31447" lon="120.76825">
        <ele>298.2</ele>
      </trkpt>
      <trkpt lat="24.31445" lon="120.76824">
        <ele>298.7</ele>
      </trkpt>
      <trkpt lat="24.31443" lon="120.76824">
        <ele>298.9</ele>
      </trkpt>
      <trkpt lat="24.3144" lon="120.76823">
        <ele>299.5</ele>
      </trkpt>
      <trkpt lat="24.31438" lon="120.76821">
        <ele>300.1</ele>
      </trkpt>
      <trkpt lat="24.31435" lon="120.76819">
        <ele>300.9</ele>
      </trkpt>
      <trkpt lat="24.31432" lon="120.76815">
        <ele>302.1</ele>
      </trkpt>
      <trkpt lat="24.31429" lon="120.7681">
        <ele>303.5</ele>
      </trkpt>
      <trkpt lat="24.31426" lon="120.76801">
        <ele>305.7</ele>
      </trkpt>
      <trkpt lat="24.31423" lon="120.76792">
        <ele>307.9</ele>
      </trkpt>
      <trkpt lat="24.3142" lon="120.76778">
        <ele>311.0</ele>
      </trkpt>
      <trkpt lat="24.31417" lon="120.76766">
        <ele>313.7</ele>
      </trkpt>
      <trkpt lat="24.31411" lon="120.7675">
        <ele>317.3</ele>
      </trkpt>
      <trkpt lat="24.31406" lon="120.76742">
        <ele>320.0</ele>
      </trkpt>
      <trkpt lat="24.31405" lon="120.76739">
        <ele>320.9</ele>
      </trkpt>
      <trkpt lat="24.31404" lon="120.76738">
        <ele>321.2</ele>
      </trkpt>
      <trkpt lat="24.31402" lon="120.76736">
        <ele>321.9</ele>
      </trkpt>
      <trkpt lat="24.31401" lon="120.76735">
        <ele>322.3</ele>
      </trkpt>
      <trkpt lat="24.31397" lon="120.76733">
        <ele>323.1</ele>
      </trkpt>
      <trkpt lat="24.31386" lon="120.76735">
        <ele>323.2</ele>
      </trkpt>
      <trkpt lat="24.31365" lon="120.7674">
        <ele>323.1</ele>
      </trkpt>
      <trkpt lat="24.31348" lon="120.76742">
        <ele>323.5</ele>
      </trkpt>
      <trkpt lat="24.31348" lon="120.76742">
        <ele>323.5</ele>
      </trkpt>
      <trkpt lat="24.31324" lon="120.76744">
        <ele>322.8</ele>
      </trkpt>
      <trkpt lat="24.3132" lon="120.76744">
        <ele>322.4</ele>
      </trkpt>
      <trkpt lat="24.31316" lon="120.76744">
        <ele>321.9</ele>
      </trkpt>
      <trkpt lat="24.31309" lon="120.76744">
        <ele>321.2</ele>
      </trkpt>
      <trkpt lat="24.31303" lon="120.76741">
        <ele>321.5</ele>
      </trkpt>
      <trkpt lat="24.31297" lon="120.76736">
        <ele>322.4</ele>
      </trkpt>
      <trkpt lat="24.3129" lon="120.76731">
        <ele>323.1</ele>
      </trkpt>
      <trkpt lat="24.31278" lon="120.76722">
        <ele>324.6</ele>
      </trkpt>
      <trkpt lat="24.31269" lon="120.76712">
        <ele>326.8</ele>
      </trkpt>
      <trkpt lat="24.31262" lon="120.76704">
        <ele>328.6</ele>
      </trkpt>
      <trkpt lat="24.31255" lon="120.76693">
        <ele>331.3</ele>
      </trkpt>
      <trkpt lat="24.31249" lon="120.76684">
        <ele>333.6</ele>
      </trkpt>
      <trkpt lat="24.31245" lon="120.7668">
        <ele>335.0</ele>
      </trkpt>
      <trkpt lat="24.31242" lon="120.76677">
        <ele>336.0</ele>
      </trkpt>
      <trkpt lat="24.31238" lon="120.76676">
        <ele>336.4</ele>
      </trkpt>
      <trkpt lat="24.31233" lon="120.76675">
        <ele>336.8</ele>
      </trkpt>
      <trkpt lat="24.31229" lon="120.76675">
        <ele>336.9</ele>
      </trkpt>
      <trkpt lat="24.31225" lon="120.76676">
        <ele>336.7</ele>
      </trkpt>
      <trkpt lat="24.31222" lon="120.76679">
        <ele>335.8</ele>
      </trkpt>
      <trkpt lat="24.3122" lon="120.76681">
        <ele>335.2</ele>
      </trkpt>
      <trkpt lat="24.31215" lon="120.76685">
        <ele>334.1</ele>
      </trkpt>
      <trkpt lat="24.31207" lon="120.76691">
        <ele>332.4</ele>
      </trkpt>
      <trkpt lat="24.31196" lon="120.76698">
        <ele>330.5</ele>
      </trkpt>
      <trkpt lat="24.31192" lon="120.76699">
        <ele>330.3</ele>
      </trkpt>
      <trkpt lat="24.31191" lon="120.76699">
        <ele>330.3</ele>
      </trkpt>
      <trkpt lat="24.31186" lon="120.767">
        <ele>330.1</ele>
      </trkpt>
      <trkpt lat="24.31179" lon="120.767">
        <ele>330.3</ele>
      </trkpt>
      <trkpt lat="24.31169" lon="120.76701">
        <ele>330.2</ele>
      </trkpt>
      <trkpt lat="24.31164" lon="120.76701">
        <ele>330.7</ele>
      </trkpt>
      <trkpt lat="24.31162" lon="120.76701">
        <ele>331.0</ele>
      </trkpt>
      <trkpt lat="24.3116" lon="120.76701">
        <ele>331.2</ele>
      </trkpt>
      <trkpt lat="24.31158" lon="120.76701">
        <ele>331.5</ele>
      </trkpt>
      <trkpt lat="24.31156" lon="120.76701">
        <ele>331.8</ele>
      </trkpt>
      <trkpt lat="24.31153" lon="120.76701">
        <ele>332.3</ele>
      </trkpt>
      <trkpt lat="24.31151" lon="120.767">
        <ele>332.9</ele>
      </trkpt>
      <trkpt lat="24.31149" lon="120.76699">
        <ele>333.4</ele>
      </trkpt>
      <trkpt lat="24.31145" lon="120.76699">
        <ele>334.0</ele>
      </trkpt>
      <trkpt lat="24.31138" lon="120.76697">
        <ele>335.6</ele>
      </trkpt>
      <trkpt lat="24.31138" lon="120.76697">
        <ele>335.6</ele>
      </trkpt>
      <trkpt lat="24.31139" lon="120.76692">
        <ele>336.9</ele>
      </trkpt>
      <trkpt lat="24.3114" lon="120.76691">
        <ele>337.1</ele>
      </trkpt>
      <trkpt lat="24.31141" lon="120.7669">
        <ele>337.2</ele>
      </trkpt>
      <trkpt lat="24.31142" lon="120.76688">
        <ele>337.7</ele>
      </trkpt>
      <trkpt lat="24.31142" lon="120.76687">
        <ele>338.0</ele>
      </trkpt>
      <trkpt lat="24.31143" lon="120.76686">
        <ele>338.1</ele>
      </trkpt>
      <trkpt lat="24.31144" lon="120.76685">
        <ele>338.3</ele>
      </trkpt>
      <trkpt lat="24.31146" lon="120.76683">
        <ele>338.6</ele>
      </trkpt>
      <trkpt lat="24.31148" lon="120.76682">
        <ele>338.7</ele>
      </trkpt>
      <trkpt lat="24.31149" lon="120.76681">
        <ele>338.8</ele>
      </trkpt>
      <trkpt lat="24.31151" lon="120.7668">
        <ele>338.9</ele>
      </trkpt>
      <trkpt lat="24.31152" lon="120.76679">
        <ele>339.0</ele>
      </trkpt>
      <trkpt lat="24.31155" lon="120.76679">
        <ele>338.7</ele>
      </trkpt>
      <trkpt lat="24.31157" lon="120.76678">
        <ele>338.7</ele>
      </trkpt>
      <trkpt lat="24.3116" lon="120.76677">
        <ele>338.6</ele>
      </trkpt>
      <trkpt lat="24.31167" lon="120.76676">
        <ele>338.1</ele>
      </trkpt>
      <trkpt lat="24.31178" lon="120.76673">
        <ele>338.8</ele>
      </trkpt>
      <trkpt lat="24.31187" lon="120.76671">
        <ele>339.2</ele>
      </trkpt>
      <trkpt lat="24.31196" lon="120.76667">
        <ele>340.2</ele>
      </trkpt>
      <trkpt lat="24.31204" lon="120.7666">
        <ele>342.2</ele>
      </trkpt>
      <trkpt lat="24.31211" lon="120.76651">
        <ele>344.7</ele>
      </trkpt>
      <trkpt lat="24.31221" lon="120.76636">
        <ele>348.8</ele>
      </trkpt>
      <trkpt lat="24.31224" lon="120.76629">
        <ele>350.7</ele>
      </trkpt>
      <trkpt lat="24.31225" lon="120.76627">
        <ele>351.3</ele>
      </trkpt>
      <trkpt lat="24.31227" lon="120.76623">
        <ele>352.3</ele>
      </trkpt>
      <trkpt lat="24.3123" lon="120.7662">
        <ele>353.0</ele>
      </trkpt>
      <trkpt lat="24.31231" lon="120.76619">
        <ele>353.3</ele>
      </trkpt>
      <trkpt lat="24.31233" lon="120.76618">
        <ele>353.4</ele>
      </trkpt>
      <trkpt lat="24.31237" lon="120.76616">
        <ele>353.8</ele>
      </trkpt>
      <trkpt lat="24.31243" lon="120.76613">
        <ele>354.2</ele>
      </trkpt>
      <trkpt lat="24.31246" lon="120.76613">
        <ele>354.1</ele>
      </trkpt>
      <trkpt lat="24.31253" lon="120.76613">
        <ele>353.9</ele>
      </trkpt>
      <trkpt lat="24.31258" lon="120.76615">
        <ele>353.6</ele>
      </trkpt>
      <trkpt lat="24.31263" lon="120.76617">
        <ele>353.2</ele>
      </trkpt>
      <trkpt lat="24.31265" lon="120.76618">
        <ele>353.0</ele>
      </trkpt>
      <trkpt lat="24.31269" lon="120.76619">
        <ele>352.9</ele>
      </trkpt>
      <trkpt lat="24.31273" lon="120.76621">
        <ele>352.6</ele>
      </trkpt>
      <trkpt lat="24.31277" lon="120.76622">
        <ele>352.5</ele>
      </trkpt>
      <trkpt lat="24.3128" lon="120.76622">
        <ele>352.7</ele>
      </trkpt>
      <trkpt lat="24.31284" lon="120.76622">
        <ele>352.8</ele>
      </trkpt>
      <trkpt lat="24.31286" lon="120.76622">
        <ele>352.9</ele>
      </trkpt>
      <trkpt lat="24.3129" lon="120.76622">
        <ele>353.1</ele>
      </trkpt>
      <trkpt lat="24.31296" lon="120.7662">
        <ele>353.8</ele>
      </trkpt>
      <trkpt lat="24.31301" lon="120.76617">
        <ele>354.7</ele>
      </trkpt>
      <trkpt lat="24.31305" lon="120.76614">
        <ele>355.5</ele>
      </trkpt>
      <trkpt lat="24.31309" lon="120.76612">
        <ele>356.0</ele>
      </trkpt>
      <trkpt lat="24.31313" lon="120.76608">
        <ele>357.0</ele>
      </trkpt>
      <trkpt lat="24.31316" lon="120.76606">
        <ele>357.5</ele>
      </trkpt>
      <trkpt lat="24.31319" lon="120.76604">
        <ele>357.9</ele>
      </trkpt>
      <trkpt lat="24.31325" lon="120.76599">
        <ele>359.0</ele>
      </trkpt>
      <trkpt lat="24.3133" lon="120.76596">
        <ele>359.7</ele>
      </trkpt>
      <trkpt lat="24.31334" lon="120.76594">
        <ele>360.0</ele>
      </trkpt>
      <trkpt lat="24.31341" lon="120.7659">
        <ele>360.1</ele>
      </trkpt>
      <trkpt lat="24.31347" lon="120.76588">
        <ele>359.9</ele>
      </trkpt>
      <trkpt lat="24.31364" lon="120.76595">
        <ele>357.1</ele>
      </trkpt>
      <trkpt lat="24.31382" lon="120.76602">
        <ele>354.2</ele>
      </trkpt>
      <trkpt lat="24.31384" lon="120.76603">
        <ele>353.9</ele>
      </trkpt>
      <trkpt lat="24.31386" lon="120.76603">
        <ele>353.7</ele>
      </trkpt>
      <trkpt lat="24.31387" lon="120.76603">
        <ele>353.6</ele>
      </trkpt>
      <trkpt lat="24.31389" lon="120.76602">
        <ele>353.6</ele>
      </trkpt>
      <trkpt lat="24.3139" lon="120.76602">
        <ele>353.5</ele>
      </trkpt>
      <trkpt lat="24.31392" lon="120.76601">
        <ele>353.5</ele>
      </trkpt>
      <trkpt lat="24.31393" lon="120.766">
        <ele>353.6</ele>
      </trkpt>
      <trkpt lat="24.31394" lon="120.76598">
        <ele>353.8</ele>
      </trkpt>
      <trkpt lat="24.31395" lon="120.76597">
        <ele>353.9</ele>
      </trkpt>
      <trkpt lat="24.31396" lon="120.76595">
        <ele>354.1</ele>
      </trkpt>
      <trkpt lat="24.31397" lon="120.76594">
        <ele>354.2</ele>
      </trkpt>
      <trkpt lat="24.31397" lon="120.76592">
        <ele>354.5</ele>
      </trkpt>
      <trkpt lat="24.31398" lon="120.7659">
        <ele>354.7</ele>
      </trkpt>
      <trkpt lat="24.31399" lon="120.76587">
        <ele>355.1</ele>
      </trkpt>
      <trkpt lat="24.31399" lon="120.76585">
        <ele>355.4</ele>
      </trkpt>
      <trkpt lat="24.31399" lon="120.76582">
        <ele>356.0</ele>
      </trkpt>
      <trkpt lat="24.31398" lon="120.76579">
        <ele>356.7</ele>
      </trkpt>
      <trkpt lat="24.31398" lon="120.76576">
        <ele>357.3</ele>
      </trkpt>
      <trkpt lat="24.31397" lon="120.76573">
        <ele>358.1</ele>
      </trkpt>
      <trkpt lat="24.31396" lon="120.76568">
        <ele>359.2</ele>
      </trkpt>
      <trkpt lat="24.31395" lon="120.76565">
        <ele>359.9</ele>
      </trkpt>
      <trkpt lat="24.31395" lon="120.76562">
        <ele>360.5</ele>
      </trkpt>
      <trkpt lat="24.31396" lon="120.76559">
        <ele>361.1</ele>
      </trkpt>
      <trkpt lat="24.31396" lon="120.76555">
        <ele>361.9</ele>
      </trkpt>
      <trkpt lat="24.31398" lon="120.76551">
        <ele>362.6</ele>
      </trkpt>
      <trkpt lat="24.314" lon="120.76546">
        <ele>363.6</ele>
      </trkpt>
      <trkpt lat="24.31406" lon="120.76541">
        <ele>364.3</ele>
      </trkpt>
      <trkpt lat="24.31412" lon="120.76538">
        <ele>364.6</ele>
      </trkpt>
      <trkpt lat="24.31423" lon="120.76533">
        <ele>365.0</ele>
      </trkpt>
      <trkpt lat="24.31428" lon="120.76532">
        <ele>364.9</ele>
      </trkpt>
      <trkpt lat="24.31433" lon="120.76533">
        <ele>364.3</ele>
      </trkpt>
      <trkpt lat="24.3144" lon="120.76535">
        <ele>363.3</ele>
      </trkpt>
      <trkpt lat="24.31447" lon="120.7654">
        <ele>361.5</ele>
      </trkpt>
      <trkpt lat="24.31454" lon="120.76543">
        <ele>360.3</ele>
      </trkpt>
      <trkpt lat="24.31459" lon="120.76544">
        <ele>359.6</ele>
      </trkpt>
      <trkpt lat="24.31464" lon="120.76543">
        <ele>359.5</ele>
      </trkpt>
      <trkpt lat="24.31469" lon="120.76541">
        <ele>359.6</ele>
      </trkpt>
      <trkpt lat="24.31472" lon="120.76537">
        <ele>360.4</ele>
      </trkpt>
      <trkpt lat="24.31474" lon="120.76532">
        <ele>361.5</ele>
      </trkpt>
      <trkpt lat="24.31479" lon="120.76522">
        <ele>363.6</ele>
      </trkpt>
      <trkpt lat="24.31482" lon="120.76515">
        <ele>365.2</ele>
      </trkpt>
      <trkpt lat="24.31484" lon="120.76512">
        <ele>365.9</ele>
      </trkpt>
      <trkpt lat="24.31486" lon="120.7651">
        <ele>366.3</ele>
      </trkpt>
      <trkpt lat="24.31487" lon="120.76509">
        <ele>366.5</ele>
      </trkpt>
      <trkpt lat="24.31489" lon="120.76508">
        <ele>366.6</ele>
      </trkpt>
      <trkpt lat="24.31492" lon="120.76508">
        <ele>366.4</ele>
      </trkpt>
      <trkpt lat="24.31496" lon="120.76509">
        <ele>365.9</ele>
      </trkpt>
      <trkpt lat="24.31508" lon="120.7651">
        <ele>363.7</ele>
      </trkpt>
      <trkpt lat="24.31519" lon="120.76513">
        <ele>360.7</ele>
      </trkpt>
      <trkpt lat="24.31535" lon="120.76517">
        <ele>356.5</ele>
      </trkpt>
      <trkpt lat="24.31538" lon="120.76517">
        <ele>355.9</ele>
      </trkpt>
      <trkpt lat="24.3154" lon="120.76517">
        <ele>355.5</ele>
      </trkpt>
      <trkpt lat="24.31543" lon="120.76517">
        <ele>354.9</ele>
      </trkpt>
      <trkpt lat="24.3155" lon="120.76514">
        <ele>354.1</ele>
      </trkpt>
      <trkpt lat="24.31553" lon="120.76511">
        <ele>354.1</ele>
      </trkpt>
      <trkpt lat="24.31556" lon="120.76505">
        <ele>354.8</ele>
      </trkpt>
      <trkpt lat="24.31557" lon="120.765">
        <ele>355.7</ele>
      </trkpt>
      <trkpt lat="24.31557" lon="120.76496">
        <ele>355.8</ele>
      </trkpt>
      <trkpt lat="24.31557" lon="120.76492">
        <ele>355.8</ele>
      </trkpt>
      <trkpt lat="24.31556" lon="120.76488">
        <ele>356.1</ele>
      </trkpt>
      <trkpt lat="24.31555" lon="120.76484">
        <ele>356.4</ele>
      </trkpt>
      <trkpt lat="24.31553" lon="120.76482">
        <ele>356.9</ele>
      </trkpt>
      <trkpt lat="24.31547" lon="120.76475">
        <ele>358.4</ele>
      </trkpt>
      <trkpt lat="24.3154" lon="120.76463">
        <ele>360.3</ele>
      </trkpt>
      <trkpt lat="24.31534" lon="120.76448">
        <ele>362.0</ele>
      </trkpt>
      <trkpt lat="24.31531" lon="120.76439">
        <ele>363.0</ele>
      </trkpt>
      <trkpt lat="24.31528" lon="120.76425">
        <ele>364.0</ele>
      </trkpt>
      <trkpt lat="24.31527" lon="120.76414">
        <ele>364.8</ele>
      </trkpt>
      <trkpt lat="24.31527" lon="120.76403">
        <ele>366.2</ele>
      </trkpt>
      <trkpt lat="24.31528" lon="120.76393">
        <ele>367.2</ele>
      </trkpt>
      <trkpt lat="24.3153" lon="120.76385">
        <ele>367.7</ele>
      </trkpt>
      <trkpt lat="24.31532" lon="120.7638">
        <ele>367.8</ele>
      </trkpt>
      <trkpt lat="24.31536" lon="120.76374">
        <ele>367.5</ele>
      </trkpt>
      <trkpt lat="24.31541" lon="120.76369">
        <ele>366.9</ele>
      </trkpt>
      <trkpt lat="24.31547" lon="120.76365">
        <ele>365.8</ele>
      </trkpt>
      <trkpt lat="24.31562" lon="120.76358">
        <ele>362.8</ele>
      </trkpt>
      <trkpt lat="24.31569" lon="120.76353">
        <ele>361.6</ele>
      </trkpt>
      <trkpt lat="24.31576" lon="120.76347">
        <ele>360.4</ele>
      </trkpt>
      <trkpt lat="24.31581" lon="120.76341">
        <ele>359.8</ele>
      </trkpt>
      <trkpt lat="24.31586" lon="120.76335">
        <ele>358.4</ele>
      </trkpt>
      <trkpt lat="24.31589" lon="120.76329">
        <ele>358.1</ele>
      </trkpt>
      <trkpt lat="24.31591" lon="120.76325">
        <ele>358.1</ele>
      </trkpt>
      <trkpt lat="24.31592" lon="120.76316">
        <ele>359.8</ele>
      </trkpt>
      <trkpt lat="24.31593" lon="120.76308">
        <ele>361.2</ele>
      </trkpt>
      <trkpt lat="24.31594" lon="120.76293">
        <ele>364.4</ele>
      </trkpt>
      <trkpt lat="24.31594" lon="120.76292">
        <ele>364.7</ele>
      </trkpt>
      <trkpt lat="24.31594" lon="120.76278">
        <ele>368.1</ele>
      </trkpt>
      <trkpt lat="24.31596" lon="120.76268">
        <ele>369.6</ele>
      </trkpt>
      <trkpt lat="24.316" lon="120.7626">
        <ele>369.7</ele>
      </trkpt>
      <trkpt lat="24.31602" lon="120.76256">
        <ele>369.8</ele>
      </trkpt>
      <trkpt lat="24.31605" lon="120.76251">
        <ele>369.6</ele>
      </trkpt>
      <trkpt lat="24.31611" lon="120.76244">
        <ele>367.5</ele>
      </trkpt>
      <trkpt lat="24.31619" lon="120.76238">
        <ele>364.6</ele>
      </trkpt>
      <trkpt lat="24.31629" lon="120.7623">
        <ele>361.4</ele>
      </trkpt>
      <trkpt lat="24.31631" lon="120.76228">
        <ele>360.9</ele>
      </trkpt>
      <trkpt lat="24.31643" lon="120.76218">
        <ele>358.2</ele>
      </trkpt>
      <trkpt lat="24.31653" lon="120.76209">
        <ele>356.7</ele>
      </trkpt>
      <trkpt lat="24.31667" lon="120.7619">
        <ele>357.5</ele>
      </trkpt>
      <trkpt lat="24.31677" lon="120.76172">
        <ele>360.4</ele>
      </trkpt>
      <trkpt lat="24.31681" lon="120.76161">
        <ele>361.4</ele>
      </trkpt>
      <trkpt lat="24.31684" lon="120.76151">
        <ele>361.3</ele>
      </trkpt>
      <trkpt lat="24.31686" lon="120.76141">
        <ele>361.6</ele>
      </trkpt>
      <trkpt lat="24.31679" lon="120.76123">
        <ele>363.5</ele>
      </trkpt>
      <trkpt lat="24.31674" lon="120.76115">
        <ele>364.5</ele>
      </trkpt>
      <trkpt lat="24.31671" lon="120.76109">
        <ele>365.0</ele>
      </trkpt>
      <trkpt lat="24.3167" lon="120.76105">
        <ele>365.2</ele>
      </trkpt>
      <trkpt lat="24.31669" lon="120.76096">
        <ele>365.5</ele>
      </trkpt>
      <trkpt lat="24.3167" lon="120.76089">
        <ele>365.7</ele>
      </trkpt>
      <trkpt lat="24.31671" lon="120.76082">
        <ele>365.7</ele>
      </trkpt>
      <trkpt lat="24.31673" lon="120.76075">
        <ele>364.9</ele>
      </trkpt>
      <trkpt lat="24.31673" lon="120.76068">
        <ele>364.2</ele>
      </trkpt>
      <trkpt lat="24.31673" lon="120.76067">
        <ele>364.1</ele>
      </trkpt>
      <trkpt lat="24.31673" lon="120.76061">
        <ele>363.5</ele>
      </trkpt>
      <trkpt lat="24.31672" lon="120.76054">
        <ele>362.8</ele>
      </trkpt>
      <trkpt lat="24.3167" lon="120.76046">
        <ele>362.0</ele>
      </trkpt>
      <trkpt lat="24.31667" lon="120.76035">
        <ele>360.8</ele>
      </trkpt>
      <trkpt lat="24.31666" lon="120.76024">
        <ele>359.5</ele>
      </trkpt>
      <trkpt lat="24.31666" lon="120.76018">
        <ele>358.9</ele>
      </trkpt>
      <trkpt lat="24.31667" lon="120.76011">
        <ele>358.2</ele>
      </trkpt>
      <trkpt lat="24.31667" lon="120.76009">
        <ele>358.0</ele>
      </trkpt>
      <trkpt lat="24.31669" lon="120.76003">
        <ele>357.5</ele>
      </trkpt>
      <trkpt lat="24.31672" lon="120.75996">
        <ele>357.0</ele>
      </trkpt>
      <trkpt lat="24.31678" lon="120.75985">
        <ele>356.4</ele>
      </trkpt>
      <trkpt lat="24.31683" lon="120.75974">
        <ele>355.8</ele>
      </trkpt>
      <trkpt lat="24.31687" lon="120.75964">
        <ele>355.2</ele>
      </trkpt>
      <trkpt lat="24.31689" lon="120.75955">
        <ele>354.6</ele>
      </trkpt>
      <trkpt lat="24.3169" lon="120.75954">
        <ele>354.6</ele>
      </trkpt>
      <trkpt lat="24.31692" lon="120.75946">
        <ele>354.0</ele>
      </trkpt>
      <trkpt lat="24.31692" lon="120.7594">
        <ele>353.5</ele>
      </trkpt>
      <trkpt lat="24.31692" lon="120.75936">
        <ele>353.1</ele>
      </trkpt>
      <trkpt lat="24.31692" lon="120.75934">
        <ele>353.0</ele>
      </trkpt>
      <trkpt lat="24.31692" lon="120.75932">
        <ele>352.8</ele>
      </trkpt>
      <trkpt lat="24.31691" lon="120.75929">
        <ele>352.4</ele>
      </trkpt>
      <trkpt lat="24.31688" lon="120.75926">
        <ele>351.9</ele>
      </trkpt>
      <trkpt lat="24.31685" lon="120.75922">
        <ele>351.2</ele>
      </trkpt>
      <trkpt lat="24.31679" lon="120.75917">
        <ele>350.2</ele>
      </trkpt>
      <trkpt lat="24.31675" lon="120.75915">
        <ele>349.6</ele>
      </trkpt>
      <trkpt lat="24.31671" lon="120.75911">
        <ele>348.6</ele>
      </trkpt>
      <trkpt lat="24.3167" lon="120.7591">
        <ele>348.3</ele>
      </trkpt>
      <trkpt lat="24.31668" lon="120.75908">
        <ele>347.8</ele>
      </trkpt>
      <trkpt lat="24.31667" lon="120.75904">
        <ele>347.1</ele>
      </trkpt>
      <trkpt lat="24.31666" lon="120.75898">
        <ele>346.0</ele>
      </trkpt>
      <trkpt lat="24.31666" lon="120.75894">
        <ele>345.4</ele>
      </trkpt>
      <trkpt lat="24.31667" lon="120.75889">
        <ele>344.7</ele>
      </trkpt>
      <trkpt lat="24.31668" lon="120.75884">
        <ele>344.1</ele>
      </trkpt>
      <trkpt lat="24.31671" lon="120.75876">
        <ele>343.3</ele>
      </trkpt>
      <trkpt lat="24.31675" lon="120.75866">
        <ele>342.3</ele>
      </trkpt>
      <trkpt lat="24.31677" lon="120.75861">
        <ele>341.9</ele>
      </trkpt>
      <trkpt lat="24.31678" lon="120.75855">
        <ele>341.2</ele>
      </trkpt>
      <trkpt lat="24.31678" lon="120.75852">
        <ele>340.7</ele>
      </trkpt>
      <trkpt lat="24.31678" lon="120.7585">
        <ele>340.5</ele>
      </trkpt>
      <trkpt lat="24.31677" lon="120.75847">
        <ele>339.9</ele>
      </trkpt>
      <trkpt lat="24.31675" lon="120.75845">
        <ele>339.2</ele>
      </trkpt>
      <trkpt lat="24.31672" lon="120.75841">
        <ele>338.1</ele>
      </trkpt>
      <trkpt lat="24.31667" lon="120.75837">
        <ele>336.6</ele>
      </trkpt>
      <trkpt lat="24.31657" lon="120.7583">
        <ele>334.9</ele>
      </trkpt>
      <trkpt lat="24.31646" lon="120.75822">
        <ele>333.5</ele>
      </trkpt>
      <trkpt lat="24.31641" lon="120.75819">
        <ele>332.9</ele>
      </trkpt>
      <trkpt lat="24.31636" lon="120.75818">
        <ele>332.3</ele>
      </trkpt>
      <trkpt lat="24.3163" lon="120.75818">
        <ele>331.7</ele>
      </trkpt>
      <trkpt lat="24.31624" lon="120.75819">
        <ele>331.1</ele>
      </trkpt>
      <trkpt lat="24.31619" lon="120.75821">
        <ele>330.7</ele>
      </trkpt>
      <trkpt lat="24.31618" lon="120.75821">
        <ele>330.6</ele>
      </trkpt>
      <trkpt lat="24.31613" lon="120.75823">
        <ele>330.1</ele>
      </trkpt>
      <trkpt lat="24.31611" lon="120.75823">
        <ele>329.9</ele>
      </trkpt>
      <trkpt lat="24.31606" lon="120.75822">
        <ele>329.3</ele>
      </trkpt>
      <trkpt lat="24.31599" lon="120.7582">
        <ele>328.6</ele>
      </trkpt>
      <trkpt lat="24.31592" lon="120.75818">
        <ele>327.9</ele>
      </trkpt>
      <trkpt lat="24.31581" lon="120.75814">
        <ele>326.8</ele>
      </trkpt>
      <trkpt lat="24.31572" lon="120.75809">
        <ele>326.2</ele>
      </trkpt>
      <trkpt lat="24.31567" lon="120.75806">
        <ele>325.8</ele>
      </trkpt>
      <trkpt lat="24.31565" lon="120.75805">
        <ele>325.7</ele>
      </trkpt>
      <trkpt lat="24.31562" lon="120.75804">
        <ele>325.5</ele>
      </trkpt>
      <trkpt lat="24.31549" lon="120.75797">
        <ele>324.7</ele>
      </trkpt>
      <trkpt lat="24.31544" lon="120.75794">
        <ele>324.4</ele>
      </trkpt>
      <trkpt lat="24.31533" lon="120.75789">
        <ele>323.7</ele>
      </trkpt>
      <trkpt lat="24.31525" lon="120.75786">
        <ele>323.3</ele>
      </trkpt>
      <trkpt lat="24.31512" lon="120.75782">
        <ele>322.6</ele>
      </trkpt>
      <trkpt lat="24.31504" lon="120.75779">
        <ele>322.2</ele>
      </trkpt>
      <trkpt lat="24.31498" lon="120.75778">
        <ele>321.9</ele>
      </trkpt>
      <trkpt lat="24.31489" lon="120.75775">
        <ele>321.6</ele>
      </trkpt>
      <trkpt lat="24.31482" lon="120.75773">
        <ele>321.4</ele>
      </trkpt>
      <trkpt lat="24.31456" lon="120.75768">
        <ele>320.4</ele>
      </trkpt>
      <trkpt lat="24.31451" lon="120.75767">
        <ele>320.2</ele>
      </trkpt>
      <trkpt lat="24.31441" lon="120.75765">
        <ele>319.8</ele>
      </trkpt>
      <trkpt lat="24.31427" lon="120.75763">
        <ele>319.2</ele>
      </trkpt>
      <trkpt lat="24.31398" lon="120.7576">
        <ele>317.4</ele>
      </trkpt>
      <trkpt lat="24.3138" lon="120.75759">
        <ele>316.1</ele>
      </trkpt>
      <trkpt lat="24.3136" lon="120.75757">
        <ele>314.5</ele>
      </trkpt>
      <trkpt lat="24.31349" lon="120.75754">
        <ele>313.5</ele>
      </trkpt>
      <trkpt lat="24.31343" lon="120.75752">
        <ele>312.9</ele>
      </trkpt>
      <trkpt lat="24.3134" lon="120.75751">
        <ele>312.6</ele>
      </trkpt>
      <trkpt lat="24.31336" lon="120.75748">
        <ele>312.4</ele>
      </trkpt>
      <trkpt lat="24.31333" lon="120.75746">
        <ele>312.3</ele>
      </trkpt>
      <trkpt lat="24.31329" lon="120.75743">
        <ele>312.8</ele>
      </trkpt>
      <trkpt lat="24.31328" lon="120.7574">
        <ele>313.1</ele>
      </trkpt>
      <trkpt lat="24.31328" lon="120.75738">
        <ele>313.3</ele>
      </trkpt>
      <trkpt lat="24.31327" lon="120.75734">
        <ele>313.7</ele>
      </trkpt>
      <trkpt lat="24.31326" lon="120.7573">
        <ele>314.1</ele>
      </trkpt>
      <trkpt lat="24.31326" lon="120.75724">
        <ele>314.6</ele>
      </trkpt>
      <trkpt lat="24.31326" lon="120.75713">
        <ele>315.4</ele>
      </trkpt>
      <trkpt lat="24.31326" lon="120.75698">
        <ele>316.6</ele>
      </trkpt>
      <trkpt lat="24.31326" lon="120.75694">
        <ele>316.9</ele>
      </trkpt>
      <trkpt lat="24.31326" lon="120.7569">
        <ele>317.2</ele>
      </trkpt>
      <trkpt lat="24.31327" lon="120.75688">
        <ele>317.1</ele>
      </trkpt>
      <trkpt lat="24.31328" lon="120.75685">
        <ele>317.1</ele>
      </trkpt>
      <trkpt lat="24.31328" lon="120.75682">
        <ele>317.3</ele>
      </trkpt>
      <trkpt lat="24.31331" lon="120.75675">
        <ele>317.1</ele>
      </trkpt>
      <trkpt lat="24.31333" lon="120.75672">
        <ele>316.8</ele>
      </trkpt>
      <trkpt lat="24.31335" lon="120.75668">
        <ele>317.3</ele>
      </trkpt>
      <trkpt lat="24.31341" lon="120.7566">
        <ele>318.6</ele>
      </trkpt>
      <trkpt lat="24.31346" lon="120.75651">
        <ele>319.4</ele>
      </trkpt>
      <trkpt lat="24.31348" lon="120.75647">
        <ele>319.7</ele>
      </trkpt>
      <trkpt lat="24.31349" lon="120.75645">
        <ele>319.8</ele>
      </trkpt>
      <trkpt lat="24.3135" lon="120.75642">
        <ele>320.0</ele>
      </trkpt>
      <trkpt lat="24.3135" lon="120.75641">
        <ele>319.9</ele>
      </trkpt>
      <trkpt lat="24.31351" lon="120.75638">
        <ele>320.0</ele>
      </trkpt>
      <trkpt lat="24.31351" lon="120.75635">
        <ele>319.9</ele>
      </trkpt>
      <trkpt lat="24.3135" lon="120.75632">
        <ele>319.5</ele>
      </trkpt>
      <trkpt lat="24.31349" lon="120.75628">
        <ele>319.0</ele>
      </trkpt>
      <trkpt lat="24.31348" lon="120.75621">
        <ele>318.3</ele>
      </trkpt>
      <trkpt lat="24.31347" lon="120.75613">
        <ele>317.7</ele>
      </trkpt>
      <trkpt lat="24.31347" lon="120.75607">
        <ele>317.3</ele>
      </trkpt>
      <trkpt lat="24.31346" lon="120.75587">
        <ele>316.0</ele>
      </trkpt>
      <trkpt lat="24.31346" lon="120.75582">
        <ele>315.7</ele>
      </trkpt>
      <trkpt lat="24.31346" lon="120.75564">
        <ele>314.7</ele>
      </trkpt>
      <trkpt lat="24.31345" lon="120.75547">
        <ele>313.5</ele>
      </trkpt>
      <trkpt lat="24.31344" lon="120.75536">
        <ele>312.6</ele>
      </trkpt>
      <trkpt lat="24.31344" lon="120.7551">
        <ele>311.1</ele>
      </trkpt>
      <trkpt lat="24.31345" lon="120.75491">
        <ele>310.0</ele>
      </trkpt>
      <trkpt lat="24.31345" lon="120.75486">
        <ele>309.6</ele>
      </trkpt>
      <trkpt lat="24.31346" lon="120.7548">
        <ele>309.3</ele>
      </trkpt>
      <trkpt lat="24.31347" lon="120.75464">
        <ele>308.3</ele>
      </trkpt>
      <trkpt lat="24.31347" lon="120.75452">
        <ele>307.2</ele>
      </trkpt>
      <trkpt lat="24.31346" lon="120.75443">
        <ele>306.2</ele>
      </trkpt>
      <trkpt lat="24.31344" lon="120.75433">
        <ele>304.8</ele>
      </trkpt>
      <trkpt lat="24.31342" lon="120.75422">
        <ele>303.2</ele>
      </trkpt>
      <trkpt lat="24.3134" lon="120.75412">
        <ele>302.2</ele>
      </trkpt>
      <trkpt lat="24.31337" lon="120.75405">
        <ele>301.4</ele>
      </trkpt>
      <trkpt lat="24.31333" lon="120.75398">
        <ele>300.2</ele>
      </trkpt>
      <trkpt lat="24.31328" lon="120.7539">
        <ele>300.0</ele>
      </trkpt>
      <trkpt lat="24.31317" lon="120.75373">
        <ele>299.3</ele>
      </trkpt>
      <trkpt lat="24.31313" lon="120.75363">
        <ele>298.9</ele>
      </trkpt>
      <trkpt lat="24.3131" lon="120.75355">
        <ele>298.5</ele>
      </trkpt>
      <trkpt lat="24.31308" lon="120.75344">
        <ele>298.1</ele>
      </trkpt>
      <trkpt lat="24.31306" lon="120.75337">
        <ele>297.8</ele>
      </trkpt>
      <trkpt lat="24.31303" lon="120.75327">
        <ele>297.6</ele>
      </trkpt>
      <trkpt lat="24.31301" lon="120.75321">
        <ele>297.5</ele>
      </trkpt>
      <trkpt lat="24.31298" lon="120.75317">
        <ele>297.2</ele>
      </trkpt>
      <trkpt lat="24.31295" lon="120.75313">
        <ele>296.9</ele>
      </trkpt>
      <trkpt lat="24.31289" lon="120.75307">
        <ele>296.3</ele>
      </trkpt>
      <trkpt lat="24.31286" lon="120.75301">
        <ele>295.9</ele>
      </trkpt>
      <trkpt lat="24.31285" lon="120.75298">
        <ele>295.8</ele>
      </trkpt>
      <trkpt lat="24.31281" lon="120.75289">
        <ele>295.4</ele>
      </trkpt>
      <trkpt lat="24.31275" lon="120.75269">
        <ele>294.6</ele>
      </trkpt>
      <trkpt lat="24.31273" lon="120.75262">
        <ele>294.3</ele>
      </trkpt>
      <trkpt lat="24.31272" lon="120.75257">
        <ele>294.2</ele>
      </trkpt>
      <trkpt lat="24.31269" lon="120.75252">
        <ele>293.6</ele>
      </trkpt>
      <trkpt lat="24.31268" lon="120.75249">
        <ele>293.5</ele>
      </trkpt>
      <trkpt lat="24.31267" lon="120.75248">
        <ele>293.3</ele>
      </trkpt>
      <trkpt lat="24.31265" lon="120.75246">
        <ele>293.0</ele>
      </trkpt>
      <trkpt lat="24.31265" lon="120.75246">
        <ele>293.0</ele>
      </trkpt>
      <trkpt lat="24.31262" lon="120.75243">
        <ele>292.4</ele>
      </trkpt>
      <trkpt lat="24.3125" lon="120.75233">
        <ele>290.2</ele>
      </trkpt>
      <trkpt lat="24.31247" lon="120.7523">
        <ele>290.0</ele>
      </trkpt>
      <trkpt lat="24.31245" lon="120.75228">
        <ele>289.8</ele>
      </trkpt>
      <trkpt lat="24.31239" lon="120.75221">
        <ele>289.3</ele>
      </trkpt>
      <trkpt lat="24.31237" lon="120.75218">
        <ele>289.2</ele>
      </trkpt>
      <trkpt lat="24.31235" lon="120.75214">
        <ele>289.0</ele>
      </trkpt>
      <trkpt lat="24.31234" lon="120.75211">
        <ele>288.9</ele>
      </trkpt>
      <trkpt lat="24.31233" lon="120.75207">
        <ele>288.8</ele>
      </trkpt>
      <trkpt lat="24.31232" lon="120.75203">
        <ele>288.7</ele>
      </trkpt>
      <trkpt lat="24.31232" lon="120.752">
        <ele>288.7</ele>
      </trkpt>
      <trkpt lat="24.31232" lon="120.75198">
        <ele>288.7</ele>
      </trkpt>
      <trkpt lat="24.31232" lon="120.75197">
        <ele>288.7</ele>
      </trkpt>
      <trkpt lat="24.31232" lon="120.75195">
        <ele>288.7</ele>
      </trkpt>
      <trkpt lat="24.31232" lon="120.75194">
        <ele>288.7</ele>
      </trkpt>
      <trkpt lat="24.31232" lon="120.75182">
        <ele>288.6</ele>
      </trkpt>
      <trkpt lat="24.31232" lon="120.75174">
        <ele>288.6</ele>
      </trkpt>
      <trkpt lat="24.31232" lon="120.75169">
        <ele>288.6</ele>
      </trkpt>
      <trkpt lat="24.31231" lon="120.75166">
        <ele>288.6</ele>
      </trkpt>
      <trkpt lat="24.31231" lon="120.75165">
        <ele>288.7</ele>
      </trkpt>
      <trkpt lat="24.3123" lon="120.75164">
        <ele>288.6</ele>
      </trkpt>
      <trkpt lat="24.3123" lon="120.75162">
        <ele>288.8</ele>
      </trkpt>
      <trkpt lat="24.31229" lon="120.75161">
        <ele>288.8</ele>
      </trkpt>
      <trkpt lat="24.31227" lon="120.75157">
        <ele>288.9</ele>
      </trkpt>
      <trkpt lat="24.31224" lon="120.75156">
        <ele>288.5</ele>
      </trkpt>
      <trkpt lat="24.31222" lon="120.75155">
        <ele>288.3</ele>
      </trkpt>
      <trkpt lat="24.31217" lon="120.75153">
        <ele>287.8</ele>
      </trkpt>
      <trkpt lat="24.31213" lon="120.75152">
        <ele>287.3</ele>
      </trkpt>
      <trkpt lat="24.31209" lon="120.75151">
        <ele>286.7</ele>
      </trkpt>
      <trkpt lat="24.31205" lon="120.75149">
        <ele>286.3</ele>
      </trkpt>
      <trkpt lat="24.312" lon="120.75146">
        <ele>285.7</ele>
      </trkpt>
      <trkpt lat="24.31198" lon="120.75145">
        <ele>285.4</ele>
      </trkpt>
      <trkpt lat="24.31196" lon="120.75143">
        <ele>285.2</ele>
      </trkpt>
      <trkpt lat="24.31192" lon="120.75139">
        <ele>284.8</ele>
      </trkpt>
      <trkpt lat="24.31185" lon="120.75132">
        <ele>284.0</ele>
      </trkpt>
      <trkpt lat="24.31177" lon="120.7512">
        <ele>283.0</ele>
      </trkpt>
      <trkpt lat="24.31168" lon="120.75108">
        <ele>281.7</ele>
      </trkpt>
      <trkpt lat="24.31163" lon="120.75099">
        <ele>282.0</ele>
      </trkpt>
      <trkpt lat="24.3116" lon="120.75094">
        <ele>282.4</ele>
      </trkpt>
      <trkpt lat="24.31157" lon="120.75089">
        <ele>282.8</ele>
      </trkpt>
      <trkpt lat="24.31155" lon="120.75083">
        <ele>283.1</ele>
      </trkpt>
      <trkpt lat="24.31154" lon="120.75079">
        <ele>283.0</ele>
      </trkpt>
      <trkpt lat="24.31153" lon="120.75074">
        <ele>282.9</ele>
      </trkpt>
      <trkpt lat="24.31152" lon="120.75069">
        <ele>282.8</ele>
      </trkpt>
      <trkpt lat="24.31151" lon="120.75068">
        <ele>282.8</ele>
      </trkpt>
      <trkpt lat="24.31147" lon="120.75048">
        <ele>282.5</ele>
      </trkpt>
      <trkpt lat="24.31144" lon="120.75035">
        <ele>282.4</ele>
      </trkpt>
      <trkpt lat="24.31143" lon="120.7503">
        <ele>282.3</ele>
      </trkpt>
      <trkpt lat="24.31142" lon="120.75023">
        <ele>282.2</ele>
      </trkpt>
      <trkpt lat="24.31142" lon="120.7502">
        <ele>282.1</ele>
      </trkpt>
      <trkpt lat="24.31142" lon="120.75017">
        <ele>282.0</ele>
      </trkpt>
      <trkpt lat="24.31142" lon="120.75011">
        <ele>281.8</ele>
      </trkpt>
      <trkpt lat="24.31143" lon="120.75004">
        <ele>281.4</ele>
      </trkpt>
      <trkpt lat="24.31144" lon="120.75">
        <ele>281.1</ele>
      </trkpt>
      <trkpt lat="24.31146" lon="120.74996">
        <ele>280.6</ele>
      </trkpt>
      <trkpt lat="24.31149" lon="120.74989">
        <ele>279.9</ele>
      </trkpt>
      <trkpt lat="24.31153" lon="120.74981">
        <ele>279.0</ele>
      </trkpt>
      <trkpt lat="24.31156" lon="120.74976">
        <ele>278.4</ele>
      </trkpt>
      <trkpt lat="24.312" lon="120.74911">
        <ele>282.7</ele>
      </trkpt>
      <trkpt lat="24.31201" lon="120.74908">
        <ele>282.9</ele>
      </trkpt>
      <trkpt lat="24.31202" lon="120.74905">
        <ele>283.0</ele>
      </trkpt>
      <trkpt lat="24.31203" lon="120.74903">
        <ele>283.2</ele>
      </trkpt>
      <trkpt lat="24.31204" lon="120.749">
        <ele>283.4</ele>
      </trkpt>
      <trkpt lat="24.31204" lon="120.74895">
        <ele>283.3</ele>
      </trkpt>
      <trkpt lat="24.31204" lon="120.74891">
        <ele>283.2</ele>
      </trkpt>
      <trkpt lat="24.31204" lon="120.74889">
        <ele>283.2</ele>
      </trkpt>
      <trkpt lat="24.31202" lon="120.74879">
        <ele>282.6</ele>
      </trkpt>
      <trkpt lat="24.312" lon="120.7487">
        <ele>282.1</ele>
      </trkpt>
      <trkpt lat="24.31198" lon="120.74861">
        <ele>281.6</ele>
      </trkpt>
      <trkpt lat="24.31193" lon="120.74849">
        <ele>280.6</ele>
      </trkpt>
      <trkpt lat="24.31189" lon="120.74841">
        <ele>279.8</ele>
      </trkpt>
      <trkpt lat="24.31185" lon="120.74835">
        <ele>279.1</ele>
      </trkpt>
      <trkpt lat="24.31173" lon="120.7482">
        <ele>277.0</ele>
      </trkpt>
      <trkpt lat="24.31169" lon="120.74814">
        <ele>276.4</ele>
      </trkpt>
      <trkpt lat="24.31166" lon="120.74809">
        <ele>276.0</ele>
      </trkpt>
      <trkpt lat="24.31165" lon="120.74809">
        <ele>276.0</ele>
      </trkpt>
      <trkpt lat="24.31165" lon="120.74808">
        <ele>276.0</ele>
      </trkpt>
      <trkpt lat="24.31164" lon="120.74806">
        <ele>276.1</ele>
      </trkpt>
      <trkpt lat="24.31163" lon="120.74804">
        <ele>276.1</ele>
      </trkpt>
      <trkpt lat="24.31163" lon="120.74802">
        <ele>276.1</ele>
      </trkpt>
      <trkpt lat="24.31163" lon="120.748">
        <ele>276.1</ele>
      </trkpt>
      <trkpt lat="24.31163" lon="120.74799">
        <ele>276.0</ele>
      </trkpt>
      <trkpt lat="24.31162" lon="120.74799">
        <ele>276.1</ele>
      </trkpt>
      <trkpt lat="24.31163" lon="120.74797">
        <ele>276.0</ele>
      </trkpt>
      <trkpt lat="24.31163" lon="120.74796">
        <ele>276.0</ele>
      </trkpt>
      <trkpt lat="24.31163" lon="120.74794">
        <ele>276.0</ele>
      </trkpt>
      <trkpt lat="24.31165" lon="120.74791">
        <ele>276.0</ele>
      </trkpt>
      <trkpt lat="24.31166" lon="120.74788">
        <ele>276.0</ele>
      </trkpt>
      <trkpt lat="24.31167" lon="120.74785">
        <ele>276.1</ele>
      </trkpt>
      <trkpt lat="24.31167" lon="120.74781">
        <ele>276.1</ele>
      </trkpt>
      <trkpt lat="24.31168" lon="120.74777">
        <ele>276.2</ele>
      </trkpt>
      <trkpt lat="24.31168" lon="120.74773">
        <ele>276.2</ele>
      </trkpt>
      <trkpt lat="24.31168" lon="120.74771">
        <ele>276.2</ele>
      </trkpt>
      <trkpt lat="24.31168" lon="120.74767">
        <ele>276.2</ele>
      </trkpt>
      <trkpt lat="24.31167" lon="120.74761">
        <ele>276.1</ele>
      </trkpt>
      <trkpt lat="24.31165" lon="120.74755">
        <ele>275.9</ele>
      </trkpt>
      <trkpt lat="24.31164" lon="120.7475">
        <ele>275.9</ele>
      </trkpt>
      <trkpt lat="24.31162" lon="120.74742">
        <ele>275.3</ele>
      </trkpt>
      <trkpt lat="24.31161" lon="120.74736">
        <ele>274.8</ele>
      </trkpt>
      <trkpt lat="24.31161" lon="120.74732">
        <ele>274.6</ele>
      </trkpt>
      <trkpt lat="24.3116" lon="120.74725">
        <ele>274.1</ele>
      </trkpt>
      <trkpt lat="24.31161" lon="120.74717">
        <ele>273.5</ele>
      </trkpt>
      <trkpt lat="24.31161" lon="120.74714">
        <ele>273.3</ele>
      </trkpt>
      <trkpt lat="24.31161" lon="120.74712">
        <ele>273.2</ele>
      </trkpt>
      <trkpt lat="24.31161" lon="120.74711">
        <ele>273.1</ele>
      </trkpt>
      <trkpt lat="24.31163" lon="120.74707">
        <ele>272.9</ele>
      </trkpt>
      <trkpt lat="24.31167" lon="120.74701">
        <ele>272.5</ele>
      </trkpt>
      <trkpt lat="24.3117" lon="120.74695">
        <ele>272.5</ele>
      </trkpt>
      <trkpt lat="24.31178" lon="120.74685">
        <ele>272.8</ele>
      </trkpt>
      <trkpt lat="24.3118" lon="120.74681">
        <ele>272.8</ele>
      </trkpt>
      <trkpt lat="24.312" lon="120.74655">
        <ele>273.7</ele>
      </trkpt>
      <trkpt lat="24.31201" lon="120.74655">
        <ele>273.8</ele>
      </trkpt>
      <trkpt lat="24.31209" lon="120.74645">
        <ele>274.2</ele>
      </trkpt>
      <trkpt lat="24.31212" lon="120.74639">
        <ele>274.1</ele>
      </trkpt>
      <trkpt lat="24.31213" lon="120.74638">
        <ele>274.2</ele>
      </trkpt>
      <trkpt lat="24.31215" lon="120.74634">
        <ele>274.1</ele>
      </trkpt>
      <trkpt lat="24.31216" lon="120.7463">
        <ele>274.0</ele>
      </trkpt>
      <trkpt lat="24.31217" lon="120.74627">
        <ele>273.9</ele>
      </trkpt>
      <trkpt lat="24.31219" lon="120.74622">
        <ele>273.8</ele>
      </trkpt>
      <trkpt lat="24.3122" lon="120.74618">
        <ele>273.6</ele>
      </trkpt>
      <trkpt lat="24.3122" lon="120.74614">
        <ele>273.3</ele>
      </trkpt>
      <trkpt lat="24.31221" lon="120.746">
        <ele>272.4</ele>
      </trkpt>
      <trkpt lat="24.31221" lon="120.74579">
        <ele>271.0</ele>
      </trkpt>
      <trkpt lat="24.31221" lon="120.74572">
        <ele>270.7</ele>
      </trkpt>
      <trkpt lat="24.31222" lon="120.74564">
        <ele>270.4</ele>
      </trkpt>
      <trkpt lat="24.31222" lon="120.74562">
        <ele>270.3</ele>
      </trkpt>
      <trkpt lat="24.31223" lon="120.74559">
        <ele>270.2</ele>
      </trkpt>
      <trkpt lat="24.31225" lon="120.74555">
        <ele>270.2</ele>
      </trkpt>
      <trkpt lat="24.31228" lon="120.74552">
        <ele>270.2</ele>
      </trkpt>
      <trkpt lat="24.31232" lon="120.74546">
        <ele>270.2</ele>
      </trkpt>
      <trkpt lat="24.31245" lon="120.74515">
        <ele>268.9</ele>
      </trkpt>
      <trkpt lat="24.31249" lon="120.74505">
        <ele>268.3</ele>
      </trkpt>
      <trkpt lat="24.31253" lon="120.74495">
        <ele>268.0</ele>
      </trkpt>
      <trkpt lat="24.31256" lon="120.7449">
        <ele>268.0</ele>
      </trkpt>
      <trkpt lat="24.31259" lon="120.74485">
        <ele>268.0</ele>
      </trkpt>
      <trkpt lat="24.31261" lon="120.74483">
        <ele>268.1</ele>
      </trkpt>
      <trkpt lat="24.31272" lon="120.7447">
        <ele>268.1</ele>
      </trkpt>
      <trkpt lat="24.31276" lon="120.74463">
        <ele>267.7</ele>
      </trkpt>
      <trkpt lat="24.31282" lon="120.74453">
        <ele>267.1</ele>
      </trkpt>
      <trkpt lat="24.31289" lon="120.7444">
        <ele>265.9</ele>
      </trkpt>
      <trkpt lat="24.31296" lon="120.74425">
        <ele>264.1</ele>
      </trkpt>
      <trkpt lat="24.31308" lon="120.74395">
        <ele>263.0</ele>
      </trkpt>
      <trkpt lat="24.31315" lon="120.74375">
        <ele>262.8</ele>
      </trkpt>
      <trkpt lat="24.31326" lon="120.74352">
        <ele>262.5</ele>
      </trkpt>
      <trkpt lat="24.31334" lon="120.74334">
        <ele>262.1</ele>
      </trkpt>
      <trkpt lat="24.31351" lon="120.74292">
        <ele>263.3</ele>
      </trkpt>
      <trkpt lat="24.31393" lon="120.74216">
        <ele>262.5</ele>
      </trkpt>
      <trkpt lat="24.31394" lon="120.74213">
        <ele>262.4</ele>
      </trkpt>
      <trkpt lat="24.31402" lon="120.74193">
        <ele>261.2</ele>
      </trkpt>
      <trkpt lat="24.31404" lon="120.74189">
        <ele>260.9</ele>
      </trkpt>
      <trkpt lat="24.3141" lon="120.74172">
        <ele>259.6</ele>
      </trkpt>
      <trkpt lat="24.31411" lon="120.74165">
        <ele>259.1</ele>
      </trkpt>
      <trkpt lat="24.31412" lon="120.74158">
        <ele>259.0</ele>
      </trkpt>
      <trkpt lat="24.31411" lon="120.74154">
        <ele>259.0</ele>
      </trkpt>
      <trkpt lat="24.31409" lon="120.74148">
        <ele>259.0</ele>
      </trkpt>
      <trkpt lat="24.31405" lon="120.74138">
        <ele>259.0</ele>
      </trkpt>
      <trkpt lat="24.31401" lon="120.7413">
        <ele>259.1</ele>
      </trkpt>
      <trkpt lat="24.31396" lon="120.74124">
        <ele>259.2</ele>
      </trkpt>
      <trkpt lat="24.31392" lon="120.74118">
        <ele>259.4</ele>
      </trkpt>
      <trkpt lat="24.31391" lon="120.74116">
        <ele>259.4</ele>
      </trkpt>
      <trkpt lat="24.31389" lon="120.74113">
        <ele>259.4</ele>
      </trkpt>
      <trkpt lat="24.31389" lon="120.74111">
        <ele>259.4</ele>
      </trkpt>
      <trkpt lat="24.31388" lon="120.74109">
        <ele>259.5</ele>
      </trkpt>
      <trkpt lat="24.31388" lon="120.74104">
        <ele>259.5</ele>
      </trkpt>
      <trkpt lat="24.31388" lon="120.741">
        <ele>259.4</ele>
      </trkpt>
      <trkpt lat="24.31387" lon="120.74094">
        <ele>259.5</ele>
      </trkpt>
      <trkpt lat="24.31387" lon="120.74084">
        <ele>259.4</ele>
      </trkpt>
      <trkpt lat="24.31387" lon="120.74073">
        <ele>259.6</ele>
      </trkpt>
      <trkpt lat="24.31388" lon="120.74064">
        <ele>259.7</ele>
      </trkpt>
      <trkpt lat="24.31389" lon="120.74058">
        <ele>259.7</ele>
      </trkpt>
      <trkpt lat="24.31392" lon="120.74052">
        <ele>259.6</ele>
      </trkpt>
      <trkpt lat="24.31392" lon="120.74051">
        <ele>259.6</ele>
      </trkpt>
      <trkpt lat="24.31394" lon="120.74044">
        <ele>259.6</ele>
      </trkpt>
      <trkpt lat="24.31396" lon="120.74035">
        <ele>259.6</ele>
      </trkpt>
      <trkpt lat="24.31398" lon="120.74028">
        <ele>259.5</ele>
      </trkpt>
      <trkpt lat="24.31398" lon="120.74027">
        <ele>259.5</ele>
      </trkpt>
      <trkpt lat="24.31399" lon="120.7402">
        <ele>259.5</ele>
      </trkpt>
      <trkpt lat="24.31399" lon="120.74008">
        <ele>259.6</ele>
      </trkpt>
      <trkpt lat="24.31399" lon="120.74003">
        <ele>259.7</ele>
      </trkpt>
      <trkpt lat="24.31399" lon="120.74003">
        <ele>259.7</ele>
      </trkpt>
      <trkpt lat="24.31399" lon="120.73994">
        <ele>259.9</ele>
      </trkpt>
      <trkpt lat="24.31399" lon="120.73994">
        <ele>259.9</ele>
      </trkpt>
      <trkpt lat="24.31392" lon="120.7399">
        <ele>260.1</ele>
      </trkpt>
      <trkpt lat="24.31388" lon="120.73987">
        <ele>260.3</ele>
      </trkpt>
      <trkpt lat="24.31378" lon="120.7398">
        <ele>260.6</ele>
      </trkpt>
      <trkpt lat="24.31369" lon="120.73972">
        <ele>261.0</ele>
      </trkpt>
      <trkpt lat="24.31358" lon="120.73959">
        <ele>261.4</ele>
      </trkpt>
      <trkpt lat="24.31349" lon="120.73946">
        <ele>261.8</ele>
      </trkpt>
      <trkpt lat="24.31342" lon="120.73935">
        <ele>262.2</ele>
      </trkpt>
      <trkpt lat="24.31336" lon="120.73922">
        <ele>262.6</ele>
      </trkpt>
      <trkpt lat="24.31332" lon="120.73911">
        <ele>262.9</ele>
      </trkpt>
      <trkpt lat="24.31324" lon="120.73891">
        <ele>263.5</ele>
      </trkpt>
      <trkpt lat="24.31297" lon="120.7382">
        <ele>265.8</ele>
      </trkpt>
      <trkpt lat="24.31276" lon="120.73783">
        <ele>266.2</ele>
      </trkpt>
      <trkpt lat="24.31268" lon="120.73772">
        <ele>266.3</ele>
      </trkpt>
      <trkpt lat="24.31255" lon="120.73756">
        <ele>266.2</ele>
      </trkpt>
      <trkpt lat="24.3125" lon="120.73751">
        <ele>266.1</ele>
      </trkpt>
      <trkpt lat="24.31243" lon="120.73744">
        <ele>266.4</ele>
      </trkpt>
      <trkpt lat="24.31236" lon="120.73738">
        <ele>266.7</ele>
      </trkpt>
      <trkpt lat="24.31234" lon="120.73737">
        <ele>266.9</ele>
      </trkpt>
      <trkpt lat="24.31219" lon="120.73727">
        <ele>267.6</ele>
      </trkpt>
      <trkpt lat="24.312" lon="120.73717">
        <ele>268.6</ele>
      </trkpt>
      <trkpt lat="24.31189" lon="120.73713">
        <ele>269.3</ele>
      </trkpt>
      <trkpt lat="24.31175" lon="120.73708">
        <ele>270.0</ele>
      </trkpt>
      <trkpt lat="24.31147" lon="120.737">
        <ele>271.2</ele>
      </trkpt>
      <trkpt lat="24.31105" lon="120.7369">
        <ele>273.2</ele>
      </trkpt>
      <trkpt lat="24.31036" lon="120.73672">
        <ele>272.7</ele>
      </trkpt>
      <trkpt lat="24.30988" lon="120.73658">
        <ele>271.8</ele>
      </trkpt>
      <trkpt lat="24.30944" lon="120.73639">
        <ele>272.1</ele>
      </trkpt>
      <trkpt lat="24.30933" lon="120.73634">
        <ele>272.2</ele>
      </trkpt>
      <trkpt lat="24.30901" lon="120.73618">
        <ele>272.0</ele>
      </trkpt>
      <trkpt lat="24.309" lon="120.7362">
        <ele>272.3</ele>
      </trkpt>
      <trkpt lat="24.30853" lon="120.7359">
        <ele>270.3</ele>
      </trkpt>
      <trkpt lat="24.30806" lon="120.7356">
        <ele>269.2</ele>
      </trkpt>
      <trkpt lat="24.30792" lon="120.73553">
        <ele>268.9</ele>
      </trkpt>
      <trkpt lat="24.30733" lon="120.73527">
        <ele>266.8</ele>
      </trkpt>
      <trkpt lat="24.30666" lon="120.73508">
        <ele>264.0</ele>
      </trkpt>
      <trkpt lat="24.30626" lon="120.73501">
        <ele>263.6</ele>
      </trkpt>
      <trkpt lat="24.30543" lon="120.735">
        <ele>263.5</ele>
      </trkpt>
      <trkpt lat="24.3046" lon="120.73499">
        <ele>261.7</ele>
      </trkpt>
      <trkpt lat="24.30444" lon="120.73498">
        <ele>261.3</ele>
      </trkpt>
      <trkpt lat="24.30409" lon="120.73489">
        <ele>260.6</ele>
      </trkpt>
      <trkpt lat="24.30395" lon="120.73483">
        <ele>260.2</ele>
      </trkpt>
      <trkpt lat="24.30379" lon="120.73474">
        <ele>259.8</ele>
      </trkpt>
      <trkpt lat="24.3036" lon="120.73458">
        <ele>259.3</ele>
      </trkpt>
      <trkpt lat="24.3035" lon="120.73448">
        <ele>259.0</ele>
      </trkpt>
      <trkpt lat="24.30309" lon="120.73398">
        <ele>257.7</ele>
      </trkpt>
      <trkpt lat="24.30269" lon="120.73349">
        <ele>256.4</ele>
      </trkpt>
      <trkpt lat="24.30229" lon="120.73299">
        <ele>255.1</ele>
      </trkpt>
      <trkpt lat="24.30191" lon="120.73254">
        <ele>253.9</ele>
      </trkpt>
      <trkpt lat="24.30187" lon="120.7325">
        <ele>253.8</ele>
      </trkpt>
      <trkpt lat="24.30165" lon="120.7323">
        <ele>253.2</ele>
      </trkpt>
      <trkpt lat="24.30135" lon="120.73211">
        <ele>252.5</ele>
      </trkpt>
      <trkpt lat="24.30113" lon="120.73203">
        <ele>252.0</ele>
      </trkpt>
      <trkpt lat="24.3007" lon="120.73197">
        <ele>251.0</ele>
      </trkpt>
      <trkpt lat="24.30053" lon="120.73197">
        <ele>250.7</ele>
      </trkpt>
      <trkpt lat="24.29987" lon="120.73197">
        <ele>249.3</ele>
      </trkpt>
      <trkpt lat="24.29921" lon="120.73198">
        <ele>247.9</ele>
      </trkpt>
      <trkpt lat="24.29855" lon="120.73198">
        <ele>246.4</ele>
      </trkpt>
      <trkpt lat="24.29852" lon="120.73191">
        <ele>246.3</ele>
      </trkpt>
      <trkpt lat="24.2985" lon="120.73139">
        <ele>245.3</ele>
      </trkpt>
      <trkpt lat="24.29848" lon="120.73087">
        <ele>244.3</ele>
      </trkpt>
      <trkpt lat="24.29846" lon="120.73087">
        <ele>244.2</ele>
      </trkpt>
      <trkpt lat="24.29843" lon="120.73019">
        <ele>243.4</ele>
      </trkpt>
      <trkpt lat="24.29831" lon="120.72809">
        <ele>238.8</ele>
      </trkpt>
      <trkpt lat="24.29826" lon="120.72712">
        <ele>236.4</ele>
      </trkpt>
      <trkpt lat="24.2982" lon="120.726">
        <ele>233.7</ele>
      </trkpt>
      <trkpt lat="24.29817" lon="120.72555">
        <ele>232.9</ele>
      </trkpt>
      <trkpt lat="24.29817" lon="120.72525">
        <ele>232.9</ele>
      </trkpt>
      <trkpt lat="24.29817" lon="120.72494">
        <ele>232.5</ele>
      </trkpt>
      <trkpt lat="24.29816" lon="120.7245">
        <ele>228.8</ele>
      </trkpt>
      <trkpt lat="24.29815" lon="120.72421">
        <ele>226.5</ele>
      </trkpt>
      <trkpt lat="24.29814" lon="120.72402">
        <ele>226.1</ele>
      </trkpt>
      <trkpt lat="24.29813" lon="120.72361">
        <ele>226.1</ele>
      </trkpt>
      <trkpt lat="24.29813" lon="120.7235">
        <ele>226.0</ele>
      </trkpt>
      <trkpt lat="24.29813" lon="120.7235">
        <ele>226.0</ele>
      </trkpt>
      <trkpt lat="24.29803" lon="120.72352">
        <ele>226.5</ele>
      </trkpt>
      <trkpt lat="24.29791" lon="120.72353">
        <ele>227.2</ele>
      </trkpt>
      <trkpt lat="24.29758" lon="120.72358">
        <ele>228.9</ele>
      </trkpt>
      <trkpt lat="24.29717" lon="120.72365">
        <ele>228.7</ele>
      </trkpt>
      <trkpt lat="24.29689" lon="120.72369">
        <ele>228.1</ele>
      </trkpt>
      <trkpt lat="24.29651" lon="120.72376">
        <ele>227.7</ele>
      </trkpt>
      <trkpt lat="24.29644" lon="120.72377">
        <ele>227.7</ele>
      </trkpt>
      <trkpt lat="24.29624" lon="120.7238">
        <ele>228.0</ele>
      </trkpt>
      <trkpt lat="24.29607" lon="120.72381">
        <ele>228.1</ele>
      </trkpt>
      <trkpt lat="24.29595" lon="120.72381">
        <ele>228.3</ele>
      </trkpt>
      <trkpt lat="24.29552" lon="120.72379">
        <ele>228.7</ele>
      </trkpt>
      <trkpt lat="24.29522" lon="120.72376">
        <ele>228.9</ele>
      </trkpt>
      <trkpt lat="24.29472" lon="120.72369">
        <ele>228.8</ele>
      </trkpt>
      <trkpt lat="24.29382" lon="120.72362">
        <ele>226.2</ele>
      </trkpt>
      <trkpt lat="24.29381" lon="120.72362">
        <ele>226.2</ele>
      </trkpt>
      <trkpt lat="24.29222" lon="120.72348">
        <ele>219.9</ele>
      </trkpt>
      <trkpt lat="24.29121" lon="120.72341">
        <ele>219.0</ele>
      </trkpt>
      <trkpt lat="24.29091" lon="120.72338">
        <ele>219.7</ele>
      </trkpt>
      <trkpt lat="24.29083" lon="120.72337">
        <ele>219.9</ele>
      </trkpt>
      <trkpt lat="24.29046" lon="120.72332">
        <ele>220.4</ele>
      </trkpt>
      <trkpt lat="24.28988" lon="120.72326">
        <ele>221.1</ele>
      </trkpt>
      <trkpt lat="24.28988" lon="120.72326">
        <ele>221.1</ele>
      </trkpt>
      <trkpt lat="24.28974" lon="120.72324">
        <ele>221.3</ele>
      </trkpt>
      <trkpt lat="24.28874" lon="120.72316">
        <ele>222.6</ele>
      </trkpt>
      <trkpt lat="24.28861" lon="120.72315">
        <ele>222.7</ele>
      </trkpt>
      <trkpt lat="24.28829" lon="120.72312">
        <ele>222.9</ele>
      </trkpt>
      <trkpt lat="24.28824" lon="120.72311">
        <ele>222.8</ele>
      </trkpt>
      <trkpt lat="24.28816" lon="120.72311">
        <ele>222.7</ele>
      </trkpt>
      <trkpt lat="24.28801" lon="120.7231">
        <ele>222.5</ele>
      </trkpt>
      <trkpt lat="24.28786" lon="120.72308">
        <ele>222.3</ele>
      </trkpt>
      <trkpt lat="24.28782" lon="120.72308">
        <ele>222.3</ele>
      </trkpt>
      <trkpt lat="24.28777" lon="120.72307">
        <ele>222.2</ele>
      </trkpt>
      <trkpt lat="24.28766" lon="120.72306">
        <ele>222.1</ele>
      </trkpt>
      <trkpt lat="24.28755" lon="120.72305">
        <ele>222.0</ele>
      </trkpt>
      <trkpt lat="24.28717" lon="120.723">
        <ele>220.7</ele>
      </trkpt>
      <trkpt lat="24.28655" lon="120.7229">
        <ele>218.6</ele>
      </trkpt>
      <trkpt lat="24.2865" lon="120.72289">
        <ele>218.6</ele>
      </trkpt>
      <trkpt lat="24.28626" lon="120.72285">
        <ele>218.7</ele>
      </trkpt>
      <trkpt lat="24.28594" lon="120.72281">
        <ele>218.8</ele>
      </trkpt>
      <trkpt lat="24.28576" lon="120.7228">
        <ele>218.8</ele>
      </trkpt>
      <trkpt lat="24.28558" lon="120.72278">
        <ele>218.7</ele>
      </trkpt>
      <trkpt lat="24.28514" lon="120.72274">
        <ele>218.3</ele>
      </trkpt>
      <trkpt lat="24.28487" lon="120.72272">
        <ele>217.8</ele>
      </trkpt>
      <trkpt lat="24.28485" lon="120.72272">
        <ele>217.7</ele>
      </trkpt>
      <trkpt lat="24.28485" lon="120.72271">
        <ele>217.7</ele>
      </trkpt>
      <trkpt lat="24.28475" lon="120.7227">
        <ele>217.3</ele>
      </trkpt>
      <trkpt lat="24.28457" lon="120.72269">
        <ele>216.8</ele>
      </trkpt>
      <trkpt lat="24.28457" lon="120.72269">
        <ele>216.8</ele>
      </trkpt>
      <trkpt lat="24.28453" lon="120.72268">
        <ele>216.7</ele>
      </trkpt>
      <trkpt lat="24.28429" lon="120.72266">
        <ele>216.0</ele>
      </trkpt>
      <trkpt lat="24.28411" lon="120.72264">
        <ele>215.2</ele>
      </trkpt>
      <trkpt lat="24.28411" lon="120.72264">
        <ele>215.2</ele>
      </trkpt>
      <trkpt lat="24.28412" lon="120.7225">
        <ele>214.6</ele>
      </trkpt>
      <trkpt lat="24.28413" lon="120.7224">
        <ele>214.0</ele>
      </trkpt>
      <trkpt lat="24.28413" lon="120.72237">
        <ele>213.8</ele>
      </trkpt>
      <trkpt lat="24.28414" lon="120.72235">
        <ele>213.7</ele>
      </trkpt>
      <trkpt lat="24.28414" lon="120.72233">
        <ele>213.6</ele>
      </trkpt>
      <trkpt lat="24.28415" lon="120.72231">
        <ele>213.5</ele>
      </trkpt>
      <trkpt lat="24.2842" lon="120.72226">
        <ele>213.3</ele>
      </trkpt>
      <trkpt lat="24.28422" lon="120.72224">
        <ele>213.2</ele>
      </trkpt>
      <trkpt lat="24.28423" lon="120.72223">
        <ele>213.2</ele>
      </trkpt>
      <trkpt lat="24.28425" lon="120.72222">
        <ele>213.1</ele>
      </trkpt>
      <trkpt lat="24.2843" lon="120.7222">
        <ele>213.1</ele>
      </trkpt>
      <trkpt lat="24.28435" lon="120.72219">
        <ele>213.1</ele>
      </trkpt>
      <trkpt lat="24.28467" lon="120.72213">
        <ele>213.2</ele>
      </trkpt>
      <trkpt lat="24.28498" lon="120.72208">
        <ele>213.4</ele>
      </trkpt>
      <trkpt lat="24.28517" lon="120.72206">
        <ele>213.6</ele>
      </trkpt>
      <trkpt lat="24.28535" lon="120.72204">
        <ele>213.7</ele>
      </trkpt>
      <trkpt lat="24.28554" lon="120.72202">
        <ele>213.8</ele>
      </trkpt>
      <trkpt lat="24.2856" lon="120.72198">
        <ele>213.6</ele>
      </trkpt>
      <trkpt lat="24.28564" lon="120.72196">
        <ele>213.5</ele>
      </trkpt>
      <trkpt lat="24.28567" lon="120.72194">
        <ele>213.4</ele>
      </trkpt>
      <trkpt lat="24.28569" lon="120.72191">
        <ele>213.3</ele>
      </trkpt>
      <trkpt lat="24.28572" lon="120.72189">
        <ele>213.2</ele>
      </trkpt>
      <trkpt lat="24.28582" lon="120.72177">
        <ele>212.6</ele>
      </trkpt>
      <trkpt lat="24.28589" lon="120.72168">
        <ele>212.2</ele>
      </trkpt>
      <trkpt lat="24.28599" lon="120.72157">
        <ele>211.8</ele>
      </trkpt>
      <trkpt lat="24.286" lon="120.72156">
        <ele>211.8</ele>
      </trkpt>
      <trkpt lat="24.28613" lon="120.72138">
        <ele>211.1</ele>
      </trkpt>
      <trkpt lat="24.28614" lon="120.72135">
        <ele>211.0</ele>
      </trkpt>
      <trkpt lat="24.28615" lon="120.72133">
        <ele>210.9</ele>
      </trkpt>
      <trkpt lat="24.28616" lon="120.72131">
        <ele>210.8</ele>
      </trkpt>
      <trkpt lat="24.28616" lon="120.7213">
        <ele>210.8</ele>
      </trkpt>
      <trkpt lat="24.28616" lon="120.72128">
        <ele>210.6</ele>
      </trkpt>
      <trkpt lat="24.28616" lon="120.72126">
        <ele>210.5</ele>
      </trkpt>
      <trkpt lat="24.28616" lon="120.72121">
        <ele>210.3</ele>
      </trkpt>
      <trkpt lat="24.28614" lon="120.72112">
        <ele>209.7</ele>
      </trkpt>
      <trkpt lat="24.28597" lon="120.7203">
        <ele>206.6</ele>
      </trkpt>
      <trkpt lat="24.28591" lon="120.72006">
        <ele>206.2</ele>
      </trkpt>
      <trkpt lat="24.28589" lon="120.71993">
        <ele>206.0</ele>
      </trkpt>
      <trkpt lat="24.28586" lon="120.71977">
        <ele>205.7</ele>
      </trkpt>
      <trkpt lat="24.2858" lon="120.71936">
        <ele>205.3</ele>
      </trkpt>
      <trkpt lat="24.2858" lon="120.7193">
        <ele>205.2</ele>
      </trkpt>
      <trkpt lat="24.28578" lon="120.71918">
        <ele>205.1</ele>
      </trkpt>
      <trkpt lat="24.28574" lon="120.71868">
        <ele>205.1</ele>
      </trkpt>
      <trkpt lat="24.28571" lon="120.71832">
        <ele>205.1</ele>
      </trkpt>
      <trkpt lat="24.2857" lon="120.71811">
        <ele>204.8</ele>
      </trkpt>
      <trkpt lat="24.2857" lon="120.71778">
        <ele>204.4</ele>
      </trkpt>
      <trkpt lat="24.28575" lon="120.71673">
        <ele>203.9</ele>
      </trkpt>
      <trkpt lat="24.2858" lon="120.71599">
        <ele>203.8</ele>
      </trkpt>
      <trkpt lat="24.28581" lon="120.7158">
        <ele>203.8</ele>
      </trkpt>
      <trkpt lat="24.28596" lon="120.71368">
        <ele>201.8</ele>
      </trkpt>
      <trkpt lat="24.28611" lon="120.71189">
        <ele>195.2</ele>
      </trkpt>
      <trkpt lat="24.28614" lon="120.71157">
        <ele>194.4</ele>
      </trkpt>
      <trkpt lat="24.2862" lon="120.71046">
        <ele>193.6</ele>
      </trkpt>
      <trkpt lat="24.28625" lon="120.70967">
        <ele>193.4</ele>
      </trkpt>
      <trkpt lat="24.28625" lon="120.70967">
        <ele>193.4</ele>
      </trkpt>
      <trkpt lat="24.28625" lon="120.70959">
        <ele>193.5</ele>
      </trkpt>
      <trkpt lat="24.28639" lon="120.70776">
        <ele>192.8</ele>
      </trkpt>
      <trkpt lat="24.28646" lon="120.70677">
        <ele>190.8</ele>
      </trkpt>
      <trkpt lat="24.28669" lon="120.70383">
        <ele>186.7</ele>
      </trkpt>
      <trkpt lat="24.2867" lon="120.70363">
        <ele>186.5</ele>
      </trkpt>
      <trkpt lat="24.28674" lon="120.70304">
        <ele>185.6</ele>
      </trkpt>
      <trkpt lat="24.28676" lon="120.70284">
        <ele>185.2</ele>
      </trkpt>
      <trkpt lat="24.28678" lon="120.70254">
        <ele>184.5</ele>
      </trkpt>
    </trkseg>
  </trk>
</gpx>
